DESTINATION ADDRESS,DESTINATION SSID,SOURCE ADDRESS,SOURCE SSID,INFORMATION FIELD (HEX),RECIEVED CRC-16,CALCULATED CRC-16
GROUND,14,DOCKER,11,666b000000b00c0000,396e,396e
GROUND,14,DOCKER,11,ea07051b04201200000000000000000000000000000000000000000000000000000000000000000000000000000000000000000000000000000000000000000000000000000000000000000000000000000000000000000000000000000000000000000000000000000000,b041,b041
GROUND,14,DOCKER,11,ea07051b04201300000000000000000000000000000000000000000000000000000000000000000000000000000000000000000000000000000000000000000000000000000000000000000000000000000000000000000000000000000000000000000000000000000000,bd2b,bd2b
GROUND,14,DOCKER,11,ea07051b04201400000000000000000000000000000000000000000000000000000000000000000000000000000000000000000000000000000000000000000000000000000000000000000000000000000000000000000000000000000000000000000000000000000000,9f3d,9f3d
GROUND,14,DOCKER,11,ea07051b04201500000000000000000000000000000000000000000000000000000000000000000000000000000000000000000000000000000000000000000000000000000000000000000000000000000000000000000000000000000000000000000000000000000000,9257,9257
GROUND,14,DOCKER,11,ea07051b04201600000000000000000000000000000000000000000000000000000000000000000000000000000000000000000000000000000000000000000000000000000000000000000000000000000000000000000000000000000000000000000000000000000000,85e9,85e9
GROUND,14,DOCKER,11,ea07051b04201700000000000000000000000000000000000000000000000000000000000000000000000000000000000000000000000000000000000000000000000000000000000000000000000000000000000000000000000000000000000000000000000000000000,8883,8883
GROUND,14,DOCKER,11,ea07051b04201800000000000000000000000000000000000000000000000000000000000000000000000000000000000000000000000000000000000000000000000000000000000000000000000000000000000000000000000000000000000000000000000000000000,c1c5,c1c5
GROUND,14,DOCKER,11,ea07051b04201900000000000000000000000000000000000000000000000000000000000000000000000000000000000000000000000000000000000000000000000000000000000000000000000000000000000000000000000000000000000000000000000000000000,ccaf,ccaf
GROUND,14,DOCKER,11,ea07051b04201a00000000000000000000000000000000000000000000000000000000000000000000000000000000000000000000000000000000000000000000000000000000000000000000000000000000000000000000000000000000000000000000000000000000,db11,db11
GROUND,14,DOCKER,11,ea07051b04201b00000000000000000000000000000000000000000000000000000000000000000000000000000000000000000000000000000000000000000000000000000000000000000000000000000000000000000000000000000000000000000000000000000000,d67b,d67b
GROUND,14,DOCKER,11,ea07051b04201c00000000000000000000000000000000000000000000000000000000000000000000000000000000000000000000000000000000000000000000000000000000000000000000000000000000000000000000000000000000000000000000000000000000,f46d,f46d
GROUND,14,DOCKER,11,ea07051b04201d00000000000000000000000000000000000000000000000000000000000000000000000000000000000000000000000000000000000000000000000000000000000000000000000000000000000000000000000000000000000000000000000000000000,f907,f907
GROUND,14,DOCKER,11,ea07051b04201e00000000000000000000000000000000000000000000000000000000000000000000000000000000000000000000000000000000000000000000000000000000000000000000000000000000000000000000000000000000000000000000000000000000,eeb9,eeb9
GROUND,14,DOCKER,11,ea07051b04201f00000000000000000000000000000000000000000000000000000000000000000000000000000000000000000000000000000000000000000000000000000000000000000000000000000000000000000000000000000000000000000000000000000000,e3d3,e3d3
GROUND,14,DOCKER,11,ea07051b04202000000000000000000000000000000000000000000000000000000000000000000000000000000000000000000000000000000000000000000000000000000000000000000000000000000000000000000000000000000000000000000000000000000000,d964,d964
GROUND,14,DOCKER,11,ea07051b04202100000000000000000000000000000000000000000000000000000000000000000000000000000000000000000000000000000000000000000000000000000000000000000000000000000000000000000000000000000000000000000000000000000000,d40e,d40e
GROUND,14,DOCKER,11,ea07051b04202200000000000000000000000000000000000000000000000000000000000000000000000000000000000000000000000000000000000000000000000000000000000000000000000000000000000000000000000000000000000000000000000000000000,c3b0,c3b0
GROUND,14,DOCKER,11,ea07051b04202300000000000000000000000000000000000000000000000000000000000000000000000000000000000000000000000000000000000000000000000000000000000000000000000000000000000000000000000000000000000000000000000000000000,ceda,ceda
GROUND,14,DOCKER,11,ea07051b04202400000000000000000000000000000000000000000000000000000000000000000000000000000000000000000000000000000000000000000000000000000000000000000000000000000000000000000000000000000000000000000000000000000000,eccc,eccc
GROUND,14,DOCKER,11,ea07051b04202500000000000000000000000000000000000000000000000000000000000000000000000000000000000000000000000000000000000000000000000000000000000000000000000000000000000000000000000000000000000000000000000000000000,e1a6,e1a6
GROUND,14,DOCKER,11,ea07051b04202600000000000000000000000000000000000000000000000000000000000000000000000000000000000000000000000000000000000000000000000000000000000000000000000000000000000000000000000000000000000000000000000000000000,f618,f618
GROUND,14,DOCKER,11,ea07051b04202700000000000000000000000000000000000000000000000000000000000000000000000000000000000000000000000000000000000000000000000000000000000000000000000000000000000000000000000000000000000000000000000000000000,fb72,fb72
GROUND,14,DOCKER,11,ea07051b04202800000000000000000000000000000000000000000000000000000000000000000000000000000000000000000000000000000000000000000000000000000000000000000000000000000000000000000000000000000000000000000000000000000000,b234,b234
GROUND,14,DOCKER,11,ea07051b04202900000000000000000000000000000000000000000000000000000000000000000000000000000000000000000000000000000000000000000000000000000000000000000000000000000000000000000000000000000000000000000000000000000000,bf5e,bf5e
GROUND,14,DOCKER,11,ea07051b04202a00000000000000000000000000000000000000000000000000000000000000000000000000000000000000000000000000000000000000000000000000000000000000000000000000000000000000000000000000000000000000000000000000000000,a8e0,a8e0
GROUND,14,DOCKER,11,ea07051b04202b00000000000000000000000000000000000000000000000000000000000000000000000000000000000000000000000000000000000000000000000000000000000000000000000000000000000000000000000000000000000000000000000000000000,a58a,a58a
GROUND,14,DOCKER,11,ea07051b04202c00000000000000000000000000000000000000000000000000000000000000000000000000000000000000000000000000000000000000000000000000000000000000000000000000000000000000000000000000000000000000000000000000000000,879c,879c
GROUND,14,DOCKER,11,ea07051b04202d00000000000000000000000000000000000000000000000000000000000000000000000000000000000000000000000000000000000000000000000000000000000000000000000000000000000000000000000000000000000000000000000000000000,8af6,8af6
GROUND,14,DOCKER,11,ea07051b04202e00000000000000000000000000000000000000000000000000000000000000000000000000000000000000000000000000000000000000000000000000000000000000000000000000000000000000000000000000000000000000000000000000000000,9d48,9d48
GROUND,14,DOCKER,11,ea07051b04202f00000000000000000000000000000000000000000000000000000000000000000000000000000000000000000000000000000000000000000000000000000000000000000000000000000000000000000000000000000000000000000000000000000000,9022,9022
GROUND,14,DOCKER,11,ea07051b04203000000000000000000000000000000000000000000000000000000000000000000000000000000000000000000000000000000000000000000000000000000000000000000000000000000000000000000000000000000000000000000000000000000000,0fc4,0fc4
GROUND,14,DOCKER,11,ea07051b04203100000000000000000000000000000000000000000000000000000000000000000000000000000000000000000000000000000000000000000000000000000000000000000000000000000000000000000000000000000000000000000000000000000000,02ae,02ae
GROUND,14,DOCKER,11,ea07051b04203200000000000000000000000000000000000000000000000000000000000000000000000000000000000000000000000000000000000000000000000000000000000000000000000000000000000000000000000000000000000000000000000000000000,1510,1510
GROUND,14,DOCKER,11,ea07051b04203300000000000000000000000000000000000000000000000000000000000000000000000000000000000000000000000000000000000000000000000000000000000000000000000000000000000000000000000000000000000000000000000000000000,187a,187a
GROUND,14,DOCKER,11,ea07051b04203400000000000000000000000000000000000000000000000000000000000000000000000000000000000000000000000000000000000000000000000000000000000000000000000000000000000000000000000000000000000000000000000000000000,3a6c,3a6c
GROUND,14,DOCKER,11,ea07051b04203500000000000000000000000000000000000000000000000000000000000000000000000000000000000000000000000000000000000000000000000000000000000000000000000000000000000000000000000000000000000000000000000000000000,3706,3706
GROUND,14,DOCKER,11,ea07051b04203600000000000000000000000000000000000000000000000000000000000000000000000000000000000000000000000000000000000000000000000000000000000000000000000000000000000000000000000000000000000000000000000000000000,20b8,20b8
GROUND,14,DOCKER,11,ea07051b04203700000000000000000000000000000000000000000000000000000000000000000000000000000000000000000000000000000000000000000000000000000000000000000000000000000000000000000000000000000000000000000000000000000000,2dd2,2dd2
GROUND,14,DOCKER,11,ea07051b04203800000000000000000000000000000000000000000000000000000000000000000000000000000000000000000000000000000000000000000000000000000000000000000000000000000000000000000000000000000000000000000000000000000000,6494,6494
GROUND,14,DOCKER,11,ea07051b04203900000000000000000000000000000000000000000000000000000000000000000000000000000000000000000000000000000000000000000000000000000000000000000000000000000000000000000000000000000000000000000000000000000000,69fe,69fe
GROUND,14,DOCKER,11,ea07051b04203a00000000000000000000000000000000000000000000000000000000000000000000000000000000000000000000000000000000000000000000000000000000000000000000000000000000000000000000000000000000000000000000000000000000,7e40,7e40
GROUND,14,DOCKER,11,ea07051b04203b00000000000000000000000000000000000000000000000000000000000000000000000000000000000000000000000000000000000000000000000000000000000000000000000000000000000000000000000000000000000000000000000000000000,732a,732a
GROUND,14,DOCKER,11,ea07051b04210000000000000000000000000000000000000000000000000000000000000000000000000000000000000000000000000000000000000000000000000000000000000000000000000000000000000000000000000000000000000000000000000000000000,b064,b064
GROUND,14,DOCKER,11,ea07051b04210100000000000000000000000000000000000000000000000000000000000000000000000000000000000000000000000000000000000000000000000000000000000000000000000000000000000000000000000000000000000000000000000000000000,bd0e,bd0e
GROUND,14,DOCKER,11,ea07051b04210200000000000000000000000000000000000000000000000000000000000000000000000000000000000000000000000000000000000000000000000000000000000000000000000000000000000000000000000000000000000000000000000000000000,aab0,aab0
GROUND,14,DOCKER,11,ea07051b04210300000000000000000000000000000000000000000000000000000000000000000000000000000000000000000000000000000000000000000000000000000000000000000000000000000000000000000000000000000000000000000000000000000000,a7da,a7da
GROUND,14,DOCKER,11,ea07051b04210400000000000000000000000000000000000000000000000000000000000000000000000000000000000000000000000000000000000000000000000000000000000000000000000000000000000000000000000000000000000000000000000000000000,85cc,85cc
GROUND,14,DOCKER,11,ea07051b04210500000000000000000000000000000000000000000000000000000000000000000000000000000000000000000000000000000000000000000000000000000000000000000000000000000000000000000000000000000000000000000000000000000000,88a6,88a6
GROUND,14,DOCKER,11,ea07051b04210600000000000000000000000000000000000000000000000000000000000000000000000000000000000000000000000000000000000000000000000000000000000000000000000000000000000000000000000000000000000000000000000000000000,9f18,9f18
GROUND,14,DOCKER,11,ea07051b04210700000000000000000000000000000000000000000000000000000000000000000000000000000000000000000000000000000000000000000000000000000000000000000000000000000000000000000000000000000000000000000000000000000000,9272,9272
GROUND,14,DOCKER,11,ea07051b04210800000000000000000000000000000000000000000000000000000000000000000000000000000000000000000000000000000000000000000000000000000000000000000000000000000000000000000000000000000000000000000000000000000000,db34,db34
GROUND,14,DOCKER,11,ea07051b04210900000000000000000000000000000000000000000000000000000000000000000000000000000000000000000000000000000000000000000000000000000000000000000000000000000000000000000000000000000000000000000000000000000000,d65e,d65e
GROUND,14,DOCKER,11,ea07051b04210a00000000000000000000000000000000000000000000000000000000000000000000000000000000000000000000000000000000000000000000000000000000000000000000000000000000000000000000000000000000000000000000000000000000,c1e0,c1e0
GROUND,14,DOCKER,11,ea07051b04210b00000000000000000000000000000000000000000000000000000000000000000000000000000000000000000000000000000000000000000000000000000000000000000000000000000000000000000000000000000000000000000000000000000000,cc8a,cc8a
GROUND,14,DOCKER,11,ea07051b04210c00000000000000000000000000000000000000000000000000000000000000000000000000000000000000000000000000000000000000000000000000000000000000000000000000000000000000000000000000000000000000000000000000000000,ee9c,ee9c
GROUND,14,DOCKER,11,ea07051b04210d00000000000000000000000000000000000000000000000000000000000000000000000000000000000000000000000000000000000000000000000000000000000000000000000000000000000000000000000000000000000000000000000000000000,e3f6,e3f6
GROUND,14,DOCKER,11,ea07051b04210e00000000000000000000000000000000000000000000000000000000000000000000000000000000000000000000000000000000000000000000000000000000000000000000000000000000000000000000000000000000000000000000000000000000,f448,f448
GROUND,14,DOCKER,11,ea07051b04210f00000000000000000000000000000000000000000000000000000000000000000000000000000000000000000000000000000000000000000000000000000000000000000000000000000000000000000000000000000000000000000000000000000000,f922,f922
GROUND,14,DOCKER,11,ea07051b04211000000000000000000000000000000000000000000000000000000000000000000000000000000000000000000000000000000000000000000000000000000000000000000000000000000000000000000000000000000000000000000000000000000000,66c4,66c4
GROUND,14,DOCKER,11,ea07051b04211100000000000000000000000000000000000000000000000000000000000000000000000000000000000000000000000000000000000000000000000000000000000000000000000000000000000000000000000000000000000000000000000000000000,6bae,6bae
GROUND,14,DOCKER,11,ea07051b04211200000000000000000000000000000000000000000000000000000000000000000000000000000000000000000000000000000000000000000000000000000000000000000000000000000000000000000000000000000000000000000000000000000000,7c10,7c10
GROUND,14,DOCKER,11,ea07051b04211300000000000000000000000000000000000000000000000000000000000000000000000000000000000000000000000000000000000000000000000000000000000000000000000000000000000000000000000000000000000000000000000000000000,717a,717a
GROUND,14,DOCKER,11,ea07051b04211400000000000000000000000000000000000000000000000000000000000000000000000000000000000000000000000000000000000000000000000000000000000000000000000000000000000000000000000000000000000000000000000000000000,536c,536c
GROUND,14,DOCKER,11,ea07051b04211500000000000000000000000000000000000000000000000000000000000000000000000000000000000000000000000000000000000000000000000000000000000000000000000000000000000000000000000000000000000000000000000000000000,5e06,5e06
GROUND,14,DOCKER,11,ea07051b04211600000000000000000000000000000000000000000000000000000000000000000000000000000000000000000000000000000000000000000000000000000000000000000000000000000000000000000000000000000000000000000000000000000000,49b8,49b8
GROUND,14,DOCKER,11,ea07051b04211700000000000000000000000000000000000000000000000000000000000000000000000000000000000000000000000000000000000000000000000000000000000000000000000000000000000000000000000000000000000000000000000000000000,44d2,44d2
GROUND,14,DOCKER,11,ea07051b04211800000000000000000000000000000000000000000000000000000000000000000000000000000000000000000000000000000000000000000000000000000000000000000000000000000000000000000000000000000000000000000000000000000000,0d94,0d94
GROUND,14,DOCKER,11,ea07051b04211900000000000000000000000000000000000000000000000000000000000000000000000000000000000000000000000000000000000000000000000000000000000000000000000000000000000000000000000000000000000000000000000000000000,00fe,00fe
GROUND,14,DOCKER,11,ea07051b04211a00000000000000000000000000000000000000000000000000000000000000000000000000000000000000000000000000000000000000000000000000000000000000000000000000000000000000000000000000000000000000000000000000000000,1740,1740
GROUND,14,DOCKER,11,ea07051b04211b00000000000000000000000000000000000000000000000000000000000000000000000000000000000000000000000000000000000000000000000000000000000000000000000000000000000000000000000000000000000000000000000000000000,1a2a,1a2a
GROUND,14,DOCKER,11,ea07051b04211c00000000000000000000000000000000000000000000000000000000000000000000000000000000000000000000000000000000000000000000000000000000000000000000000000000000000000000000000000000000000000000000000000000000,383c,383c
GROUND,14,DOCKER,11,ea07051b04211d00000000000000000000000000000000000000000000000000000000000000000000000000000000000000000000000000000000000000000000000000000000000000000000000000000000000000000000000000000000000000000000000000000000,3556,3556
GROUND,14,DOCKER,11,ea07051b04211e00000000000000000000000000000000000000000000000000000000000000000000000000000000000000000000000000000000000000000000000000000000000000000000000000000000000000000000000000000000000000000000000000000000,22e8,22e8
GROUND,14,DOCKER,11,ea07051b04211f00000000000000000000000000000000000000000000000000000000000000000000000000000000000000000000000000000000000000000000000000000000000000000000000000000000000000000000000000000000000000000000000000000000,2f82,2f82
GROUND,14,DOCKER,11,ea07051b04212000000000000000000000000000000000000000000000000000000000000000000000000000000000000000000000000000000000000000000000000000000000000000000000000000000000000000000000000000000000000000000000000000000000,1535,1535
GROUND,14,DOCKER,11,ea07051b04212100000000000000000000000000000000000000000000000000000000000000000000000000000000000000000000000000000000000000000000000000000000000000000000000000000000000000000000000000000000000000000000000000000000,185f,185f
GROUND,14,DOCKER,11,ea07051b04212200000000000000000000000000000000000000000000000000000000000000000000000000000000000000000000000000000000000000000000000000000000000000000000000000000000000000000000000000000000000000000000000000000000,0fe1,0fe1
GROUND,14,DOCKER,11,ea07051b04212300000000000000000000000000000000000000000000000000000000000000000000000000000000000000000000000000000000000000000000000000000000000000000000000000000000000000000000000000000000000000000000000000000000,028b,028b
GROUND,14,DOCKER,11,ea07051b04212400000000000000000000000000000000000000000000000000000000000000000000000000000000000000000000000000000000000000000000000000000000000000000000000000000000000000000000000000000000000000000000000000000000,209d,209d
GROUND,14,DOCKER,11,ea07051b04212500000000000000000000000000000000000000000000000000000000000000000000000000000000000000000000000000000000000000000000000000000000000000000000000000000000000000000000000000000000000000000000000000000000,2df7,2df7
GROUND,14,DOCKER,11,ea07051b04212600000000000000000000000000000000000000000000000000000000000000000000000000000000000000000000000000000000000000000000000000000000000000000000000000000000000000000000000000000000000000000000000000000000,3a49,3a49
GROUND,14,DOCKER,11,ea07051b04212700000000000000000000000000000000000000000000000000000000000000000000000000000000000000000000000000000000000000000000000000000000000000000000000000000000000000000000000000000000000000000000000000000000,3723,3723
GROUND,14,DOCKER,11,ea07051b04212800000000000000000000000000000000000000000000000000000000000000000000000000000000000000000000000000000000000000000000000000000000000000000000000000000000000000000000000000000000000000000000000000000000,7e65,7e65
GROUND,14,DOCKER,11,ea07051b04212900000000000000000000000000000000000000000000000000000000000000000000000000000000000000000000000000000000000000000000000000000000000000000000000000000000000000000000000000000000000000000000000000000000,730f,730f
GROUND,14,DOCKER,11,ea07051b04212a00000000000000000000000000000000000000000000000000000000000000000000000000000000000000000000000000000000000000000000000000000000000000000000000000000000000000000000000000000000000000000000000000000000,64b1,64b1
GROUND,14,DOCKER,11,ea07051b04212b00000000000000000000000000000000000000000000000000000000000000000000000000000000000000000000000000000000000000000000000000000000000000000000000000000000000000000000000000000000000000000000000000000000,69db,69db
GROUND,14,DOCKER,11,ea07051b04212c00000000000000000000000000000000000000000000000000000000000000000000000000000000000000000000000000000000000000000000000000000000000000000000000000000000000000000000000000000000000000000000000000000000,4bcd,4bcd
GROUND,14,DOCKER,11,ea07051b04212d00000000000000000000000000000000000000000000000000000000000000000000000000000000000000000000000000000000000000000000000000000000000000000000000000000000000000000000000000000000000000000000000000000000,46a7,46a7
GROUND,14,DOCKER,11,ea07051b04212e00000000000000000000000000000000000000000000000000000000000000000000000000000000000000000000000000000000000000000000000000000000000000000000000000000000000000000000000000000000000000000000000000000000,5119,5119
GROUND,14,DOCKER,11,ea07051b04212f00000000000000000000000000000000000000000000000000000000000000000000000000000000000000000000000000000000000000000000000000000000000000000000000000000000000000000000000000000000000000000000000000000000,5c73,5c73
GROUND,14,DOCKER,11,ea07051b04213000000000000000000000000000000000000000000000000000000000000000000000000000000000000000000000000000000000000000000000000000000000000000000000000000000000000000000000000000000000000000000000000000000000,c395,c395
GROUND,14,DOCKER,11,ea07051b04213100000000000000000000000000000000000000000000000000000000000000000000000000000000000000000000000000000000000000000000000000000000000000000000000000000000000000000000000000000000000000000000000000000000,ceff,ceff
GROUND,14,DOCKER,11,ea07051b04213200000000000000000000000000000000000000000000000000000000000000000000000000000000000000000000000000000000000000000000000000000000000000000000000000000000000000000000000000000000000000000000000000000000,d941,d941
GROUND,14,DOCKER,11,ea07051b04213300000000000000000000000000000000000000000000000000000000000000000000000000000000000000000000000000000000000000000000000000000000000000000000000000000000000000000000000000000000000000000000000000000000,d42b,d42b
GROUND,14,DOCKER,11,ea07051b04213400000000000000000000000000000000000000000000000000000000000000000000000000000000000000000000000000000000000000000000000000000000000000000000000000000000000000000000000000000000000000000000000000000000,f63d,f63d
GROUND,14,DOCKER,11,ea07051b04213500000000000000000000000000000000000000000000000000000000000000000000000000000000000000000000000000000000000000000000000000000000000000000000000000000000000000000000000000000000000000000000000000000000,fb57,fb57
GROUND,14,DOCKER,11,ea07051b04213600000000000000000000000000000000000000000000000000000000000000000000000000000000000000000000000000000000000000000000000000000000000000000000000000000000000000000000000000000000000000000000000000000000,ece9,ece9
GROUND,14,DOCKER,11,ea07051b04213700000000000000000000000000000000000000000000000000000000000000000000000000000000000000000000000000000000000000000000000000000000000000000000000000000000000000000000000000000000000000000000000000000000,e183,e183
GROUND,14,DOCKER,11,ea07051b04213800000000000000000000000000000000000000000000000000000000000000000000000000000000000000000000000000000000000000000000000000000000000000000000000000000000000000000000000000000000000000000000000000000000,a8c5,a8c5
GROUND,14,DOCKER,11,ea07051b04213900000000000000000000000000000000000000000000000000000000000000000000000000000000000000000000000000000000000000000000000000000000000000000000000000000000000000000000000000000000000000000000000000000000,a5af,a5af
GROUND,14,DOCKER,11,ea07051b04213a00000000000000000000000000000000000000000000000000000000000000000000000000000000000000000000000000000000000000000000000000000000000000000000000000000000000000000000000000000000000000000000000000000000,b211,b211
GROUND,14,DOCKER,11,ea07051b04213b00000000000000000000000000000000000000000000000000000000000000000000000000000000000000000000000000000000000000000000000000000000000000000000000000000000000000000000000000000000000000000000000000000000,bf7b,bf7b
GROUND,14,DOCKER,11,ea07051b04220000000000000000000000000000000000000000000000000000000000000000000000000000000000000000000000000000000000000000000000000000000000000000000000000000000000000000000000000000000000000000000000000000000000,ec86,ec86
GROUND,14,DOCKER,11,ea07051b04220100000000000000000000000000000000000000000000000000000000000000000000000000000000000000000000000000000000000000000000000000000000000000000000000000000000000000000000000000000000000000000000000000000000,e1ec,e1ec
GROUND,14,DOCKER,11,ea07051b04220200000000000000000000000000000000000000000000000000000000000000000000000000000000000000000000000000000000000000000000000000000000000000000000000000000000000000000000000000000000000000000000000000000000,f652,f652
GROUND,14,DOCKER,11,ea07051b04220300000000000000000000000000000000000000000000000000000000000000000000000000000000000000000000000000000000000000000000000000000000000000000000000000000000000000000000000000000000000000000000000000000000,fb38,fb38
GROUND,14,DOCKER,11,ea07051b04220400000000000000000000000000000000000000000000000000000000000000000000000000000000000000000000000000000000000000000000000000000000000000000000000000000000000000000000000000000000000000000000000000000000,d92e,d92e
GROUND,14,DOCKER,11,ea07051b04220500000000000000000000000000000000000000000000000000000000000000000000000000000000000000000000000000000000000000000000000000000000000000000000000000000000000000000000000000000000000000000000000000000000,d444,d444
GROUND,14,DOCKER,11,ea07051b04220600000000000000000000000000000000000000000000000000000000000000000000000000000000000000000000000000000000000000000000000000000000000000000000000000000000000000000000000000000000000000000000000000000000,c3fa,c3fa
GROUND,14,DOCKER,11,ea07051b04220700000000000000000000000000000000000000000000000000000000000000000000000000000000000000000000000000000000000000000000000000000000000000000000000000000000000000000000000000000000000000000000000000000000,ce90,ce90
GROUND,14,DOCKER,11,ea07051b04220800000000000000000000000000000000000000000000000000000000000000000000000000000000000000000000000000000000000000000000000000000000000000000000000000000000000000000000000000000000000000000000000000000000,87d6,87d6
GROUND,14,DOCKER,11,ea07051b04220900000000000000000000000000000000000000000000000000000000000000000000000000000000000000000000000000000000000000000000000000000000000000000000000000000000000000000000000000000000000000000000000000000000,8abc,8abc
GROUND,14,DOCKER,11,ea07051b04220a00000000000000000000000000000000000000000000000000000000000000000000000000000000000000000000000000000000000000000000000000000000000000000000000000000000000000000000000000000000000000000000000000000000,9d02,9d02
GROUND,14,DOCKER,11,ea07051b04220b00000000000000000000000000000000000000000000000000000000000000000000000000000000000000000000000000000000000000000000000000000000000000000000000000000000000000000000000000000000000000000000000000000000,9068,9068
GROUND,14,DOCKER,11,ea07051b04220c00000000000000000000000000000000000000000000000000000000000000000000000000000000000000000000000000000000000000000000000000000000000000000000000000000000000000000000000000000000000000000000000000000000,b27e,b27e
GROUND,14,DOCKER,11,ea07051b04220d00000000000000000000000000000000000000000000000000000000000000000000000000000000000000000000000000000000000000000000000000000000000000000000000000000000000000000000000000000000000000000000000000000000,bf14,bf14
GROUND,14,DOCKER,11,ea07051b04220e00000000000000000000000000000000000000000000000000000000000000000000000000000000000000000000000000000000000000000000000000000000000000000000000000000000000000000000000000000000000000000000000000000000,a8aa,a8aa
GROUND,14,DOCKER,11,ea07051b04220f00000000000000000000000000000000000000000000000000000000000000000000000000000000000000000000000000000000000000000000000000000000000000000000000000000000000000000000000000000000000000000000000000000000,a5c0,a5c0
GROUND,14,DOCKER,11,ea07051b04221000000000000000000000000000000000000000000000000000000000000000000000000000000000000000000000000000000000000000000000000000000000000000000000000000000000000000000000000000000000000000000000000000000000,3a26,3a26
GROUND,14,DOCKER,11,ea07051b04263600000000000000000000000000000000000000000000000000000000000000000000000000000000000000000000000000000000000000000000000000000000000000000000000000000000000000000000000000000000000000000000000000000000,997c,997c
GROUND,14,DOCKER,11,ea07051b04263700000000000000000000000000000000000000000000000000000000000000000000000000000000000000000000000000000000000000000000000000000000000000000000000000000000000000000000000000000000000000000000000000000000,9416,9416
GROUND,14,DOCKER,11,ea07051b04263800000000000000000000000000000000000000000000000000000000000000000000000000000000000000000000000000000000000000000000000000000000000000000000000000000000000000000000000000000000000000000000000000000000,dd50,dd50
GROUND,14,DOCKER,11,ea07051b04263900000000000000000000000000000000000000000000000000000000000000000000000000000000000000000000000000000000000000000000000000000000000000000000000000000000000000000000000000000000000000000000000000000000,d03a,d03a
GROUND,14,DOCKER,11,ea07051b04263a00000000000000000000000000000000000000000000000000000000000000000000000000000000000000000000000000000000000000000000000000000000000000000000000000000000000000000000000000000000000000000000000000000000,c784,c784
GROUND,14,DOCKER,11,ea07051b04263b00000000000000000000000000000000000000000000000000000000000000000000000000000000000000000000000000000000000000000000000000000000000000000000000000000000000000000000000000000000000000000000000000000000,caee,caee
GROUND,14,DOCKER,11,ea07051b04270000000000000000000000000000000000000000000000000000000000000000000000000000000000000000000000000000000000000000000000000000000000000000000000000000000000000000000000000000000000000000000000000000000000,09a0,09a0
GROUND,14,DOCKER,11,ea07051b04270100000000000000000000000000000000000000000000000000000000000000000000000000000000000000000000000000000000000000000000000000000000000000000000000000000000000000000000000000000000000000000000000000000000,04ca,04ca
GROUND,14,DOCKER,11,ea07051b04270200000000000000000000000000000000000000000000000000000000000000000000000000000000000000000000000000000000000000000000000000000000000000000000000000000000000000000000000000000000000000000000000000000000,1374,1374
GROUND,14,DOCKER,11,ea07051b04270300000000000000000000000000000000000000000000000000000000000000000000000000000000000000000000000000000000000000000000000000000000000000000000000000000000000000000000000000000000000000000000000000000000,1e1e,1e1e
GROUND,14,DOCKER,11,ea07051b04270400000000000000000000000000000000000000000000000000000000000000000000000000000000000000000000000000000000000000000000000000000000000000000000000000000000000000000000000000000000000000000000000000000000,3c08,3c08
GROUND,14,DOCKER,11,ea07051b04270500000000000000000000000000000000000000000000000000000000000000000000000000000000000000000000000000000000000000000000000000000000000000000000000000000000000000000000000000000000000000000000000000000000,3162,3162
GROUND,14,DOCKER,11,ea07051b04270600000000000000000000000000000000000000000000000000000000000000000000000000000000000000000000000000000000000000000000000000000000000000000000000000000000000000000000000000000000000000000000000000000000,26dc,26dc
GROUND,14,DOCKER,11,ea07051b04270700000000000000000000000000000000000000000000000000000000000000000000000000000000000000000000000000000000000000000000000000000000000000000000000000000000000000000000000000000000000000000000000000000000,2bb6,2bb6
GROUND,14,DOCKER,11,ea07051b04270800000000000000000000000000000000000000000000000000000000000000000000000000000000000000000000000000000000000000000000000000000000000000000000000000000000000000000000000000000000000000000000000000000000,62f0,62f0
GROUND,14,DOCKER,11,ea07051b04270900000000000000000000000000000000000000000000000000000000000000000000000000000000000000000000000000000000000000000000000000000000000000000000000000000000000000000000000000000000000000000000000000000000,6f9a,6f9a
GROUND,14,DOCKER,11,ea07051b04270a00000000000000000000000000000000000000000000000000000000000000000000000000000000000000000000000000000000000000000000000000000000000000000000000000000000000000000000000000000000000000000000000000000000,7824,7824
GROUND,14,DOCKER,11,ea07051b04270b00000000000000000000000000000000000000000000000000000000000000000000000000000000000000000000000000000000000000000000000000000000000000000000000000000000000000000000000000000000000000000000000000000000,754e,754e
GROUND,14,DOCKER,11,ea07051b04270c00000000000000000000000000000000000000000000000000000000000000000000000000000000000000000000000000000000000000000000000000000000000000000000000000000000000000000000000000000000000000000000000000000000,5758,5758
GROUND,14,DOCKER,11,ea07051b04270d00000000000000000000000000000000000000000000000000000000000000000000000000000000000000000000000000000000000000000000000000000000000000000000000000000000000000000000000000000000000000000000000000000000,5a32,5a32
GROUND,14,DOCKER,11,ea07051b04270e00000000000000000000000000000000000000000000000000000000000000000000000000000000000000000000000000000000000000000000000000000000000000000000000000000000000000000000000000000000000000000000000000000000,4d8c,4d8c
GROUND,14,DOCKER,11,ea07051b04270f00000000000000000000000000000000000000000000000000000000000000000000000000000000000000000000000000000000000000000000000000000000000000000000000000000000000000000000000000000000000000000000000000000000,40e6,40e6
GROUND,14,DOCKER,11,ea07051b04271000000000000000000000000000000000000000000000000000000000000000000000000000000000000000000000000000000000000000000000000000000000000000000000000000000000000000000000000000000000000000000000000000000000,df00,df00
GROUND,14,DOCKER,11,ea07051b04271100000000000000000000000000000000000000000000000000000000000000000000000000000000000000000000000000000000000000000000000000000000000000000000000000000000000000000000000000000000000000000000000000000000,d26a,d26a
GROUND,14,DOCKER,11,ea07051b04271200000000000000000000000000000000000000000000000000000000000000000000000000000000000000000000000000000000000000000000000000000000000000000000000000000000000000000000000000000000000000000000000000000000,c5d4,c5d4
GROUND,14,DOCKER,11,ea07051b04271300000000000000000000000000000000000000000000000000000000000000000000000000000000000000000000000000000000000000000000000000000000000000000000000000000000000000000000000000000000000000000000000000000000,c8be,c8be
GROUND,14,DOCKER,11,ea07051b04271400000000000000000000000000000000000000000000000000000000000000000000000000000000000000000000000000000000000000000000000000000000000000000000000000000000000000000000000000000000000000000000000000000000,eaa8,eaa8
GROUND,14,DOCKER,11,ea07051b04271500000000000000000000000000000000000000000000000000000000000000000000000000000000000000000000000000000000000000000000000000000000000000000000000000000000000000000000000000000000000000000000000000000000,e7c2,e7c2
GROUND,14,DOCKER,11,ea07051b04271600000000000000000000000000000000000000000000000000000000000000000000000000000000000000000000000000000000000000000000000000000000000000000000000000000000000000000000000000000000000000000000000000000000,f07c,f07c
GROUND,14,DOCKER,11,ea07051b04271700000000000000000000000000000000000000000000000000000000000000000000000000000000000000000000000000000000000000000000000000000000000000000000000000000000000000000000000000000000000000000000000000000000,fd16,fd16
GROUND,14,DOCKER,11,ea07051b04271800000000000000000000000000000000000000000000000000000000000000000000000000000000000000000000000000000000000000000000000000000000000000000000000000000000000000000000000000000000000000000000000000000000,b450,b450
GROUND,14,DOCKER,11,ea07051b04271900000000000000000000000000000000000000000000000000000000000000000000000000000000000000000000000000000000000000000000000000000000000000000000000000000000000000000000000000000000000000000000000000000000,b93a,b93a
GROUND,14,DOCKER,11,ea07051b04271a00000000000000000000000000000000000000000000000000000000000000000000000000000000000000000000000000000000000000000000000000000000000000000000000000000000000000000000000000000000000000000000000000000000,ae84,ae84
GROUND,14,DOCKER,11,ea07051b04271b00000000000000000000000000000000000000000000000000000000000000000000000000000000000000000000000000000000000000000000000000000000000000000000000000000000000000000000000000000000000000000000000000000000,a3ee,a3ee
GROUND,14,DOCKER,11,ea07051b04271c00000000000000000000000000000000000000000000000000000000000000000000000000000000000000000000000000000000000000000000000000000000000000000000000000000000000000000000000000000000000000000000000000000000,81f8,81f8
GROUND,14,DOCKER,11,ea07051b04271d00000000000000000000000000000000000000000000000000000000000000000000000000000000000000000000000000000000000000000000000000000000000000000000000000000000000000000000000000000000000000000000000000000000,8c92,8c92
GROUND,14,DOCKER,11,ea07051b04271e00000000000000000000000000000000000000000000000000000000000000000000000000000000000000000000000000000000000000000000000000000000000000000000000000000000000000000000000000000000000000000000000000000000,9b2c,9b2c
GROUND,14,DOCKER,11,ea07051b04271f00000000000000000000000000000000000000000000000000000000000000000000000000000000000000000000000000000000000000000000000000000000000000000000000000000000000000000000000000000000000000000000000000000000,9646,9646
GROUND,14,DOCKER,11,ea07051b04272000000000000000000000000000000000000000000000000000000000000000000000000000000000000000000000000000000000000000000000000000000000000000000000000000000000000000000000000000000000000000000000000000000000,acf1,acf1
GROUND,14,DOCKER,11,ea07051b04272100000000000000000000000000000000000000000000000000000000000000000000000000000000000000000000000000000000000000000000000000000000000000000000000000000000000000000000000000000000000000000000000000000000,a19b,a19b
GROUND,14,DOCKER,11,ea07051b04272200000000000000000000000000000000000000000000000000000000000000000000000000000000000000000000000000000000000000000000000000000000000000000000000000000000000000000000000000000000000000000000000000000000,b625,b625
GROUND,14,DOCKER,11,ea07051b04272300000000000000000000000000000000000000000000000000000000000000000000000000000000000000000000000000000000000000000000000000000000000000000000000000000000000000000000000000000000000000000000000000000000,bb4f,bb4f
GROUND,14,DOCKER,11,ea07051b04272400000000000000000000000000000000000000000000000000000000000000000000000000000000000000000000000000000000000000000000000000000000000000000000000000000000000000000000000000000000000000000000000000000000,9959,9959
GROUND,14,DOCKER,11,ea07051b04272500000000000000000000000000000000000000000000000000000000000000000000000000000000000000000000000000000000000000000000000000000000000000000000000000000000000000000000000000000000000000000000000000000000,9433,9433
GROUND,14,DOCKER,11,ea07051b04272600000000000000000000000000000000000000000000000000000000000000000000000000000000000000000000000000000000000000000000000000000000000000000000000000000000000000000000000000000000000000000000000000000000,838d,838d
GROUND,14,DOCKER,11,ea07051b04272700000000000000000000000000000000000000000000000000000000000000000000000000000000000000000000000000000000000000000000000000000000000000000000000000000000000000000000000000000000000000000000000000000000,8ee7,8ee7
GROUND,14,DOCKER,11,ea07051b04272800000000000000000000000000000000000000000000000000000000000000000000000000000000000000000000000000000000000000000000000000000000000000000000000000000000000000000000000000000000000000000000000000000000,c7a1,c7a1
GROUND,14,DOCKER,11,ea07051b04272900000000000000000000000000000000000000000000000000000000000000000000000000000000000000000000000000000000000000000000000000000000000000000000000000000000000000000000000000000000000000000000000000000000,cacb,cacb
GROUND,14,DOCKER,11,ea07051b04273500000000000000000000000000000000000000000000000000000000000000000000000000000000000000000000000000000000000000000000000000000000000000000000000000000000000000000000000000000000000000000000000000000000,4293,4293
GROUND,14,DOCKER,11,ea07051b04273600000000000000000000000000000000000000000000000000000000000000000000000000000000000000000000000000000000000000000000000000000000000000000000000000000000000000000000000000000000000000000000000000000000,552d,552d
GROUND,14,DOCKER,11,ea07051b04273700000000000000000000000000000000000000000000000000000000000000000000000000000000000000000000000000000000000000000000000000000000000000000000000000000000000000000000000000000000000000000000000000000000,5847,5847
GROUND,14,DOCKER,11,ea07051b04273800000000000000000000000000000000000000000000000000000000000000000000000000000000000000000000000000000000000000000000000000000000000000000000000000000000000000000000000000000000000000000000000000000000,1101,1101
GROUND,14,DOCKER,11,ea07051b04273900000000000000000000000000000000000000000000000000000000000000000000000000000000000000000000000000000000000000000000000000000000000000000000000000000000000000000000000000000000000000000000000000000000,1c6b,1c6b
GROUND,14,DOCKER,11,ea07051b04273a00000000000000000000000000000000000000000000000000000000000000000000000000000000000000000000000000000000000000000000000000000000000000000000000000000000000000000000000000000000000000000000000000000000,0bd5,0bd5
GROUND,14,DOCKER,11,ea07051b04273b00000000000000000000000000000000000000000000000000000000000000000000000000000000000000000000000000000000000000000000000000000000000000000000000000000000000000000000000000000000000000000000000000000000,06bf,06bf
GROUND,14,DOCKER,11,ea07051b04280000000000000000000000000000000000000000000000000000000000000000000000000000000000000000000000000000000000000000000000000000000000000000000000000000000000000000000000000000000000000000000000000000000000,2edb,2edb
GROUND,14,DOCKER,11,ea07051b04280100000000000000000000000000000000000000000000000000000000000000000000000000000000000000000000000000000000000000000000000000000000000000000000000000000000000000000000000000000000000000000000000000000000,23b1,23b1
GROUND,14,DOCKER,11,ea07051b04280200000000000000000000000000000000000000000000000000000000000000000000000000000000000000000000000000000000000000000000000000000000000000000000000000000000000000000000000000000000000000000000000000000000,340f,340f
GROUND,14,DOCKER,11,ea07051b04280300000000000000000000000000000000000000000000000000000000000000000000000000000000000000000000000000000000000000000000000000000000000000000000000000000000000000000000000000000000000000000000000000000000,3965,3965
GROUND,14,DOCKER,11,ea07051b04280400000000000000000000000000000000000000000000000000000000000000000000000000000000000000000000000000000000000000000000000000000000000000000000000000000000000000000000000000000000000000000000000000000000,1b73,1b73
GROUND,14,DOCKER,11,ea07051b04280500000000000000000000000000000000000000000000000000000000000000000000000000000000000000000000000000000000000000000000000000000000000000000000000000000000000000000000000000000000000000000000000000000000,1619,1619
GROUND,14,DOCKER,11,ea07051b04280600000000000000000000000000000000000000000000000000000000000000000000000000000000000000000000000000000000000000000000000000000000000000000000000000000000000000000000000000000000000000000000000000000000,01a7,01a7
GROUND,14,DOCKER,11,ea07051b04280700000000000000000000000000000000000000000000000000000000000000000000000000000000000000000000000000000000000000000000000000000000000000000000000000000000000000000000000000000000000000000000000000000000,0ccd,0ccd
GROUND,14,DOCKER,11,ea07051b04280800000000000000000000000000000000000000000000000000000000000000000000000000000000000000000000000000000000000000000000000000000000000000000000000000000000000000000000000000000000000000000000000000000000,458b,458b
GROUND,14,DOCKER,11,ea07051b04280900000000000000000000000000000000000000000000000000000000000000000000000000000000000000000000000000000000000000000000000000000000000000000000000000000000000000000000000000000000000000000000000000000000,48e1,48e1
GROUND,14,DOCKER,11,ea07051b04280a00000000000000000000000000000000000000000000000000000000000000000000000000000000000000000000000000000000000000000000000000000000000000000000000000000000000000000000000000000000000000000000000000000000,5f5f,5f5f
GROUND,14,DOCKER,11,ea07051b04280b00000000000000000000000000000000000000000000000000000000000000000000000000000000000000000000000000000000000000000000000000000000000000000000000000000000000000000000000000000000000000000000000000000000,5235,5235
GROUND,14,DOCKER,11,ea07051b04280c00000000000000000000000000000000000000000000000000000000000000000000000000000000000000000000000000000000000000000000000000000000000000000000000000000000000000000000000000000000000000000000000000000000,7023,7023
GROUND,14,DOCKER,11,ea07051b04280d00000000000000000000000000000000000000000000000000000000000000000000000000000000000000000000000000000000000000000000000000000000000000000000000000000000000000000000000000000000000000000000000000000000,7d49,7d49
GROUND,14,DOCKER,11,ea07051b04280e00000000000000000000000000000000000000000000000000000000000000000000000000000000000000000000000000000000000000000000000000000000000000000000000000000000000000000000000000000000000000000000000000000000,6af7,6af7
GROUND,14,DOCKER,11,ea07051b04280f00000000000000000000000000000000000000000000000000000000000000000000000000000000000000000000000000000000000000000000000000000000000000000000000000000000000000000000000000000000000000000000000000000000,679d,679d
GROUND,14,DOCKER,11,ea07051b04281000000000000000000000000000000000000000000000000000000000000000000000000000000000000000000000000000000000000000000000000000000000000000000000000000000000000000000000000000000000000000000000000000000000,f87b,f87b
GROUND,14,DOCKER,11,ea07051b04281100000000000000000000000000000000000000000000000000000000000000000000000000000000000000000000000000000000000000000000000000000000000000000000000000000000000000000000000000000000000000000000000000000000,f511,f511
GROUND,14,DOCKER,11,ea07051b04281200000000000000000000000000000000000000000000000000000000000000000000000000000000000000000000000000000000000000000000000000000000000000000000000000000000000000000000000000000000000000000000000000000000,e2af,e2af
GROUND,14,DOCKER,11,ea07051b04281300000000000000000000000000000000000000000000000000000000000000000000000000000000000000000000000000000000000000000000000000000000000000000000000000000000000000000000000000000000000000000000000000000000,efc5,efc5
GROUND,14,DOCKER,11,ea07051b04281400000000000000000000000000000000000000000000000000000000000000000000000000000000000000000000000000000000000000000000000000000000000000000000000000000000000000000000000000000000000000000000000000000000,cdd3,cdd3
GROUND,14,DOCKER,11,ea07051b04281500000000000000000000000000000000000000000000000000000000000000000000000000000000000000000000000000000000000000000000000000000000000000000000000000000000000000000000000000000000000000000000000000000000,c0b9,c0b9
GROUND,14,DOCKER,11,ea07051b04281600000000000000000000000000000000000000000000000000000000000000000000000000000000000000000000000000000000000000000000000000000000000000000000000000000000000000000000000000000000000000000000000000000000,d707,d707
GROUND,14,DOCKER,11,ea07051b04281700000000000000000000000000000000000000000000000000000000000000000000000000000000000000000000000000000000000000000000000000000000000000000000000000000000000000000000000000000000000000000000000000000000,da6d,da6d
GROUND,14,DOCKER,11,ea07051b04281800000000000000000000000000000000000000000000000000000000000000000000000000000000000000000000000000000000000000000000000000000000000000000000000000000000000000000000000000000000000000000000000000000000,932b,932b
GROUND,14,DOCKER,11,ea07051b04281900000000000000000000000000000000000000000000000000000000000000000000000000000000000000000000000000000000000000000000000000000000000000000000000000000000000000000000000000000000000000000000000000000000,9e41,9e41
GROUND,14,DOCKER,11,ea07051b04281a00000000000000000000000000000000000000000000000000000000000000000000000000000000000000000000000000000000000000000000000000000000000000000000000000000000000000000000000000000000000000000000000000000000,89ff,89ff
GROUND,14,DOCKER,11,ea07051b04281b00000000000000000000000000000000000000000000000000000000000000000000000000000000000000000000000000000000000000000000000000000000000000000000000000000000000000000000000000000000000000000000000000000000,8495,8495
GROUND,14,DOCKER,11,ea07051b04281c00000000000000000000000000000000000000000000000000000000000000000000000000000000000000000000000000000000000000000000000000000000000000000000000000000000000000000000000000000000000000000000000000000000,a683,a683
GROUND,14,DOCKER,11,ea07051b04281d00000000000000000000000000000000000000000000000000000000000000000000000000000000000000000000000000000000000000000000000000000000000000000000000000000000000000000000000000000000000000000000000000000000,abe9,abe9
GROUND,14,DOCKER,11,ea07051b04281e00000000000000000000000000000000000000000000000000000000000000000000000000000000000000000000000000000000000000000000000000000000000000000000000000000000000000000000000000000000000000000000000000000000,bc57,bc57
GROUND,14,DOCKER,11,ea07051b04281f00000000000000000000000000000000000000000000000000000000000000000000000000000000000000000000000000000000000000000000000000000000000000000000000000000000000000000000000000000000000000000000000000000000,b13d,b13d
GROUND,14,DOCKER,11,ea07051b04282000000000000000000000000000000000000000000000000000000000000000000000000000000000000000000000000000000000000000000000000000000000000000000000000000000000000000000000000000000000000000000000000000000000,8b8a,8b8a
GROUND,14,DOCKER,11,ea07051b04282100000000000000000000000000000000000000000000000000000000000000000000000000000000000000000000000000000000000000000000000000000000000000000000000000000000000000000000000000000000000000000000000000000000,86e0,86e0
GROUND,14,DOCKER,11,ea07051b04282200000000000000000000000000000000000000000000000000000000000000000000000000000000000000000000000000000000000000000000000000000000000000000000000000000000000000000000000000000000000000000000000000000000,915e,915e
GROUND,14,DOCKER,11,ea07051b04282300000000000000000000000000000000000000000000000000000000000000000000000000000000000000000000000000000000000000000000000000000000000000000000000000000000000000000000000000000000000000000000000000000000,9c34,9c34
GROUND,14,DOCKER,11,ea07051b04282400000000000000000000000000000000000000000000000000000000000000000000000000000000000000000000000000000000000000000000000000000000000000000000000000000000000000000000000000000000000000000000000000000000,be22,be22
GROUND,14,DOCKER,11,ea07051b04282500000000000000000000000000000000000000000000000000000000000000000000000000000000000000000000000000000000000000000000000000000000000000000000000000000000000000000000000000000000000000000000000000000000,b348,b348
GROUND,14,DOCKER,11,ea07051b04282600000000000000000000000000000000000000000000000000000000000000000000000000000000000000000000000000000000000000000000000000000000000000000000000000000000000000000000000000000000000000000000000000000000,a4f6,a4f6
GROUND,14,DOCKER,11,ea07051b04282700000000000000000000000000000000000000000000000000000000000000000000000000000000000000000000000000000000000000000000000000000000000000000000000000000000000000000000000000000000000000000000000000000000,a99c,a99c
GROUND,14,DOCKER,11,ea07051b04282800000000000000000000000000000000000000000000000000000000000000000000000000000000000000000000000000000000000000000000000000000000000000000000000000000000000000000000000000000000000000000000000000000000,e0da,e0da
GROUND,14,DOCKER,11,ea07051b043528440801000100b20bcf000000400d02002107020002000000000000000000533e59ff170014000000000000000000000000000000000000000000000000000000000000000000000000000000000000000000000000000000000000000000000000000000,a5a7,a5a7
GROUND,14,DOCKER,11,ea07051b043529420801000200af0bd2000300410d00002507010001000000000000000000523e62ff170015000000000000000000000000000000000000000000000000000000000000000000000000000000000000000000000000000000000000000000000000000000,dbcf,dbcf
GROUND,14,DOCKER,11,ea07051b04352a490802000000b80bca000000470d04002c071000010000000000000000004f3e5dff170014000000000000000000000000000000000000000000000000000000000000000000000000000000000000000000000000000000000000000000000000000000,3743,3743
GROUND,14,DOCKER,11,ea07051b04352b3f0800000200ba0bd3000000400d00002907330202000000000000000000503e5aff170015000000000000000000000000000000000000000000000000000000000000000000000000000000000000000000000000000000000000000000000000000000,b93c,b93c
GROUND,14,DOCKER,11,ea07051b04352c440801000200b70bd4000000400d02002a07010001000000000000000000513e5eff170014000000000000000000000000000000000000000000000000000000000000000000000000000000000000000000000000000000000000000000000000000000,cd77,cd77
GROUND,14,DOCKER,11,ea07051b04352d420801000000bb0bd9000200390d020027070300020000000000000000004f3e05ff170015000000000000000000000000000000000000000000000000000000000000000000000000000000000000000000000000000000000000000000000000000000,b23f,b23f
GROUND,14,DOCKER,11,ea07051b04352e400801000200b30bd4000000390d01002c070300010000000000000000003a3e08ff170014000000000000000000000000000000000000000000000000000000000000000000000000000000000000000000000000000000000000000000000000000000,15b7,15b7
GROUND,14,DOCKER,11,ea07051b04352f3c0801000200bb0bc9000100380d00002d07030001000000000000000000383e5fff170015000000000000000000000000000000000000000000000000000000000000000000000000000000000000000000000000000000000000000000000000000000,34d4,34d4
GROUND,14,DOCKER,11,ea07051b0435303f0800000200bb0bd3000200390d010027070200020000000000000000004e3e60ff170015000000000000000000000000000000000000000000000000000000000000000000000000000000000000000000000000000000000000000000000000000000,bf9e,bf9e
GROUND,14,DOCKER,11,ea07051b043531440802000000b40bd8000300370d000027070300010000000000000000004c3e58ff170014000000000000000000000000000000000000000000000000000000000000000000000000000000000000000000000000000000000000000000000000000000,a1cc,a1cc
GROUND,14,DOCKER,11,ea07051b043532470802000200bf0bcc000200400d03002907010002000000000000000000393e06ff170015000000000000000000000000000000000000000000000000000000000000000000000000000000000000000000000000000000000000000000000000000000,fa9d,fa9d
GROUND,14,DOCKER,11,ea07051b0435334a0801000100bc0bd3000100370d02002e07010001000000000000000000363e0aff170014000000000000000000000000000000000000000000000000000000000000000000000000000000000000000000000000000000000000000000000000000000,6961,6961
GROUND,14,DOCKER,11,ea07051b043534490800000000c00bd4000100460d00002907000002000000000000000000363e07ff170014000000000000000000000000000000000000000000000000000000000000000000000000000000000000000000000000000000000000000000000000000000,cd16,cd16
GROUND,14,DOCKER,11,ea07051b043535440801000200c00bd0000000420d02002707030002000000000000000000413e2dff170015000000000000000000000000000000000000000000000000000000000000000000000000000000000000000000000000000000000000000000000000000000,9b05,9b05
GROUND,14,DOCKER,11,ea07051b043536490801000200af0bcb000100490d01002707010002000000000000000000403e3aff170015000000000000000000000000000000000000000000000000000000000000000000000000000000000000000000000000000000000000000000000000000000,720c,720c
GROUND,14,DOCKER,11,ea07051b0435373f0801000000b30bd6000000440d000028070100020000000000000000004a3e60ff170016000000000000000000000000000000000000000000000000000000000000000000000000000000000000000000000000000000000000000000000000000000,b72c,b72c
GROUND,14,DOCKER,11,ea07051b0435383d0801000000ba0bd10000003f0d01002c07020002000000000000000000483e5cff170014000000000000000000000000000000000000000000000000000000000000000000000000000000000000000000000000000000000000000000000000000000,7ac6,7ac6
GROUND,14,DOCKER,11,ea07051b043539430800000100b40bc8000100400d00002b07030002000000000000000000343e08ff170015000000000000000000000000000000000000000000000000000000000000000000000000000000000000000000000000000000000000000000000000000000,23fd,23fd
GROUND,14,DOCKER,11,ea07051b04353a4a0801000200bf0bd90002004f0d03002e07010001000000000000000000343e09ff170015000000000000000000000000000000000000000000000000000000000000000000000000000000000000000000000000000000000000000000000000000000,f4f2,f4f2
GROUND,14,DOCKER,11,ea07051b04353b3c0801000000b80bd4000000380d01002707020002000000000000000000323e02ff170014000000000000000000000000000000000000000000000000000000000000000000000000000000000000000000000000000000000000000000000000000000,0632,0632
GROUND,14,DOCKER,11,ea07051b0436003e0801000200c00bd40000003a0d010025070200020000000000000000003d3e34ff170015000000000000000000000000000000000000000000000000000000000000000000000000000000000000000000000000000000000000000000000000000000,46bb,46bb
GROUND,14,DOCKER,11,ea07051b0436014a0802000000bf0bcf0001004a0d03002907020002000000000000000000413e38ff170015000000000000000000000000000000000000000000000000000000000000000000000000000000000000000000000000000000000000000000000000000000,3fe2,3fe2
GROUND,14,DOCKER,11,ea07051b0436023f0800000200bb0bd0000000400d00002b07020002000000000000000000473e5eff170016000000000000000000000000000000000000000000000000000000000000000000000000000000000000000000000000000000000000000000000000000000,cca4,cca4
GROUND,14,DOCKER,11,ea07051b043603410801000100b30bcf000000500d02002507020001000000000000000000463e5eff170015000000000000000000000000000000000000000000000000000000000000000000000000000000000000000000000000000000000000000000000000000000,eca0,eca0
GROUND,14,DOCKER,11,ea07051b043604460801000100b40bd4000200400d00002b07010002000000000000000000333e09ff170015000000000000000000000000000000000000000000000000000000000000000000000000000000000000000000000000000000000000000000000000000000,9de9,9de9
GROUND,14,DOCKER,11,ea07051b043605460802000100bd0bd1000200470d01002907020002000000000000000000323e03ff170015000000000000000000000000000000000000000000000000000000000000000000000000000000000000000000000000000000000000000000000000000000,e7bf,e7bf
GROUND,14,DOCKER,11,ea07051b0436063c0800000000bb0bd9000100480d02002907030002000000000000000000313e05ff170015000000000000000000000000000000000000000000000000000000000000000000000000000000000000000000000000000000000000000000000000000000,c988,c988
GROUND,14,DOCKER,11,ea07051b0436074a0801000000b40bd8000200470d000029070100020000000000000000003e3e4fff170015000000000000000000000000000000000000000000000000000000000000000000000000000000000000000000000000000000000000000000000000000000,d995,d995
GROUND,14,DOCKER,11,ea07051b043608450801000100b30bd10001004a0d02002407020002000000000000000000423e37ff170016000000000000000000000000000000000000000000000000000000000000000000000000000000000000000000000000000000000000000000000000000000,935b,935b
GROUND,14,DOCKER,11,ea07051b043609440802000100bf0bd4000100300d00002207010002000000000000000000433e41ff170014000000000000000000000000000000000000000000000000000000000000000000000000000000000000000000000000000000000000000000000000000000,e543,e543
GROUND,14,DOCKER,11,ea07051b04360a470801000200c00bd1000000380d02002b070300040000000000000000003c3e49ff170015000000000000000000000000000000000000000000000000000000000000000000000000000000000000000000000000000000000000000000000000000000,bd14,bd14
GROUND,14,DOCKER,11,ea07051b04360b3f0800000200b30bc80000003b0d02003307010001000000000000000000393eaafe170014000000000000000000000000000000000000000000000000000000000000000000000000000000000000000000000000000000000000000000000000000000,32f4,32f4
GROUND,14,DOCKER,11,ea07051b04360c430801000000bf0bd50002003d0d03002f070300020000000000000000002c3eb9fe170014000000000000000000000000000000000000000000000000000000000000000000000000000000000000000000000000000000000000000000000000000000,bd33,bd33
GROUND,14,DOCKER,11,ea07051b04360d480800000000b30bd00000003f0d03002c070300020000000000000000002c3e28ff170016000000000000000000000000000000000000000000000000000000000000000000000000000000000000000000000000000000000000000000000000000000,da1f,da1f
GROUND,14,DOCKER,11,ea07051b04360e3d0800000200b40bc40001004a0d020026070200020000000000000000002d3e49ff170015000000000000000000000000000000000000000000000000000000000000000000000000000000000000000000000000000000000000000000000000000000,5adf,5adf
GROUND,14,DOCKER,11,ea07051b04360f430800000100b10bcb0001003a0d03002d07010001000000000000000000363e01ff170016000000000000000000000000000000000000000000000000000000000000000000000000000000000000000000000000000000000000000000000000000000,f34c,f34c
GROUND,14,DOCKER,11,ea07051b043610440801000000b80bcc000100400d00002307010002000000000000000000213ef5fe170015000000000000000000000000000000000000000000000000000000000000000000000000000000000000000000000000000000000000000000000000000000,0fe4,0fe4
GROUND,14,DOCKER,11,ea07051b0436113f0800000200bd0bcf0002003d0d02002a070100020000000000000000003f3e69ff170016000000000000000000000000000000000000000000000000000000000000000000000000000000000000000000000000000000000000000000000000000000,9975,9975
GROUND,14,DOCKER,11,ea07051b043612450801000000b80bc2000000490d03002e070200020000000000000000003f3e08ff170015000000000000000000000000000000000000000000000000000000000000000000000000000000000000000000000000000000000000000000000000000000,74d3,74d3
GROUND,14,DOCKER,11,ea07051b043613460801000100b60bc7000200490d01002507010001000000000000000000373e2cff170015000000000000000000000000000000000000000000000000000000000000000000000000000000000000000000000000000000000000000000000000000000,3467,3467
GROUND,14,DOCKER,11,ea07051b043614400800000100b70bc5000000480d000028070000020000000000000000002a3e0dff170016000000000000000000000000000000000000000000000000000000000000000000000000000000000000000000000000000000000000000000000000000000,9610,9610
GROUND,14,DOCKER,11,ea07051b043615400801000000b10bc7000200360d02002b07030002000000000000000000373e11ff170016000000000000000000000000000000000000000000000000000000000000000000000000000000000000000000000000000000000000000000000000000000,8cdf,8cdf
GROUND,14,DOCKER,11,ea07051b0436163e0802000000b60bc8000100480d03002607020002000000000000000000f83df1fe1700160000000000000000000000000000000000000000000000000000000000000000000000000000000000000000000000000000000000000000000000000000,00af,e88d
GROUND,14,DOCKER,11,ea07051b0436173f0800000000b30bc8000100440d02002507010002000000000000000000263e07ff170015000000000000000000000000000000000000000000000000000000000000000000000000000000000000000000000000000000000000000000000000000000,47da,47da
GROUND,14,DOCKER,11,ea07051b043618410800000200c00bc3000200380d02002707030002000000000000000000293e51fe170015000000000000000000000000000000000000000000000000000000000000000000000000000000000000000000000000000000000000000000000000000000,e6d9,e6d9
GROUND,14,DOCKER,11,ea07051b043619460802000200c00bd0000100380d02002907000001000000000000000000103ed2fe170015000000000000000000000000000000000000000000000000000000000000000000000000000000000000000000000000000000000000000000000000000000,39aa,39aa
GROUND,14,DOCKER,11,ea07051b04361a480802000200bd0bcb000100380d01002907020002000000000000000000053e13ff170015000000000000000000000000000000000000000000000000000000000000000000000000000000000000000000000000000000000000000000000000000000,6e5f,6e5f
GROUND,14,DOCKER,11,ea07051b04361b490801000100c00bcb0000003b0d01002d07010002000000000000000000333ee2fe170015000000000000000000000000000000000000000000000000000000000000000000000000000000000000000000000000000000000000000000000000000000,f70a,f70a
GROUND,14,DOCKER,11,ea07051b04362a00000000000000000000000000000000000000000000000000000000000000000000000000000000000000000000000000000000000000000000000000000000000000000000000000000000000000000000000000000000000000000000000000000000,b4f8,b4f8
GROUND,14,DOCKER,11,ea07051b04362b00000000000000000000000000000000000000000000000000000000000000000000000000000000000000000000000000000000000000000000000000000000000000000000000000000000000000000000000000000000000000000000000000000000,b992,b992
GROUND,14,DOCKER,11,ea07051b04362c00000000000000000000000000000000000000000000000000000000000000000000000000000000000000000000000000000000000000000000000000000000000000000000000000000000000000000000000000000000000000000000000000000000,9b84,9b84
GROUND,14,DOCKER,11,ea07051b04362d00000000000000000000000000000000000000000000000000000000000000000000000000000000000000000000000000000000000000000000000000000000000000000000000000000000000000000000000000000000000000000000000000000000,96ee,96ee
GROUND,14,DOCKER,11,ea07051b04362e00000000000000000000000000000000000000000000000000000000000000000000000000000000000000000000000000000000000000000000000000000000000000000000000000000000000000000000000000000000000000000000000000000000,8150,8150
GROUND,14,DOCKER,11,ea07051b04362f00000000000000000000000000000000000000000000000000000000000000000000000000000000000000000000000000000000000000000000000000000000000000000000000000000000000000000000000000000000000000000000000000000000,8c3a,8c3a
GROUND,14,DOCKER,11,ea07051b04363000000000000000000000000000000000000000000000000000000000000000000000000000000000000000000000000000000000000000000000000000000000000000000000000000000000000000000000000000000000000000000000000000000000,13dc,13dc
GROUND,14,DOCKER,11,ea07051b04363100000000000000000000000000000000000000000000000000000000000000000000000000000000000000000000000000000000000000000000000000000000000000000000000000000000000000000000000000000000000000000000000000000000,1eb6,1eb6
GROUND,14,DOCKER,11,ea07051b04363200000000000000000000000000000000000000000000000000000000000000000000000000000000000000000000000000000000000000000000000000000000000000000000000000000000000000000000000000000000000000000000000000000000,0908,0908
GROUND,14,DOCKER,11,ea07051b04363300000000000000000000000000000000000000000000000000000000000000000000000000000000000000000000000000000000000000000000000000000000000000000000000000000000000000000000000000000000000000000000000000000000,0462,0462
GROUND,14,DOCKER,11,ea07051b04363400000000000000000000000000000000000000000000000000000000000000000000000000000000000000000000000000000000000000000000000000000000000000000000000000000000000000000000000000000000000000000000000000000000,2674,2674
GROUND,14,DOCKER,11,ea07051b04363500000000000000000000000000000000000000000000000000000000000000000000000000000000000000000000000000000000000000000000000000000000000000000000000000000000000000000000000000000000000000000000000000000000,2b1e,2b1e
GROUND,14,DOCKER,11,ea07051b04363600000000000000000000000000000000000000000000000000000000000000000000000000000000000000000000000000000000000000000000000000000000000000000000000000000000000000000000000000000000000000000000000000000000,3ca0,3ca0
GROUND,14,DOCKER,11,ea07051b04363700000000000000000000000000000000000000000000000000000000000000000000000000000000000000000000000000000000000000000000000000000000000000000000000000000000000000000000000000000000000000000000000000000000,31ca,31ca
GROUND,14,DOCKER,11,ea07051b04363800000000000000000000000000000000000000000000000000000000000000000000000000000000000000000000000000000000000000000000000000000000000000000000000000000000000000000000000000000000000000000000000000000000,788c,788c
GROUND,14,DOCKER,11,ea07051b04363900000000000000000000000000000000000000000000000000000000000000000000000000000000000000000000000000000000000000000000000000000000000000000000000000000000000000000000000000000000000000000000000000000000,75e6,75e6
GROUND,14,DOCKER,11,ea07051b04363a00000000000000000000000000000000000000000000000000000000000000000000000000000000000000000000000000000000000000000000000000000000000000000000000000000000000000000000000000000000000000000000000000000000,6258,6258
GROUND,14,DOCKER,11,ea07051b04363b00000000000000000000000000000000000000000000000000000000000000000000000000000000000000000000000000000000000000000000000000000000000000000000000000000000000000000000000000000000000000000000000000000000,6f32,6f32
GROUND,14,DOCKER,11,ea07051b04370000000000000000000000000000000000000000000000000000000000000000000000000000000000000000000000000000000000000000000000000000000000000000000000000000000000000000000000000000000000000000000000000000000000,ac7c,ac7c
GROUND,14,DOCKER,11,ea07051b04370100000000000000000000000000000000000000000000000000000000000000000000000000000000000000000000000000000000000000000000000000000000000000000000000000000000000000000000000000000000000000000000000000000000,a116,a116
GROUND,14,DOCKER,11,ea07051b04370200000000000000000000000000000000000000000000000000000000000000000000000000000000000000000000000000000000000000000000000000000000000000000000000000000000000000000000000000000000000000000000000000000000,b6a8,b6a8
GROUND,14,DOCKER,11,ea07051b04370300000000000000000000000000000000000000000000000000000000000000000000000000000000000000000000000000000000000000000000000000000000000000000000000000000000000000000000000000000000000000000000000000000000,bbc2,bbc2
GROUND,14,DOCKER,11,ea07051b04370400000000000000000000000000000000000000000000000000000000000000000000000000000000000000000000000000000000000000000000000000000000000000000000000000000000000000000000000000000000000000000000000000000000,99d4,99d4
GROUND,14,DOCKER,11,ea07051b04370500000000000000000000000000000000000000000000000000000000000000000000000000000000000000000000000000000000000000000000000000000000000000000000000000000000000000000000000000000000000000000000000000000000,94be,94be
GROUND,14,DOCKER,11,ea07051b04370600000000000000000000000000000000000000000000000000000000000000000000000000000000000000000000000000000000000000000000000000000000000000000000000000000000000000000000000000000000000000000000000000000000,8300,8300
GROUND,14,DOCKER,11,ea07051b04370700000000000000000000000000000000000000000000000000000000000000000000000000000000000000000000000000000000000000000000000000000000000000000000000000000000000000000000000000000000000000000000000000000000,8e6a,8e6a
GROUND,14,DOCKER,11,ea07051b04370800000000000000000000000000000000000000000000000000000000000000000000000000000000000000000000000000000000000000000000000000000000000000000000000000000000000000000000000000000000000000000000000000000000,c72c,c72c
GROUND,14,DOCKER,11,ea07051b04370900000000000000000000000000000000000000000000000000000000000000000000000000000000000000000000000000000000000000000000000000000000000000000000000000000000000000000000000000000000000000000000000000000000,ca46,ca46
GROUND,14,DOCKER,11,ea07051b04370a00000000000000000000000000000000000000000000000000000000000000000000000000000000000000000000000000000000000000000000000000000000000000000000000000000000000000000000000000000000000000000000000000000000,ddf8,ddf8
GROUND,14,DOCKER,11,ea07051b04370b00000000000000000000000000000000000000000000000000000000000000000000000000000000000000000000000000000000000000000000000000000000000000000000000000000000000000000000000000000000000000000000000000000000,d092,d092
GROUND,14,DOCKER,11,ea07051b04370c00000000000000000000000000000000000000000000000000000000000000000000000000000000000000000000000000000000000000000000000000000000000000000000000000000000000000000000000000000000000000000000000000000000,f284,f284
GROUND,14,DOCKER,11,ea07051b04370d00000000000000000000000000000000000000000000000000000000000000000000000000000000000000000000000000000000000000000000000000000000000000000000000000000000000000000000000000000000000000000000000000000000,ffee,ffee
GROUND,14,DOCKER,11,ea07051b04370e00000000000000000000000000000000000000000000000000000000000000000000000000000000000000000000000000000000000000000000000000000000000000000000000000000000000000000000000000000000000000000000000000000000,e850,e850
GROUND,14,DOCKER,11,ea07051b04370f00000000000000000000000000000000000000000000000000000000000000000000000000000000000000000000000000000000000000000000000000000000000000000000000000000000000000000000000000000000000000000000000000000000,e53a,e53a
GROUND,14,DOCKER,11,ea07051b04371000000000000000000000000000000000000000000000000000000000000000000000000000000000000000000000000000000000000000000000000000000000000000000000000000000000000000000000000000000000000000000000000000000000,7adc,7adc
GROUND,14,DOCKER,11,ea07051b04371100000000000000000000000000000000000000000000000000000000000000000000000000000000000000000000000000000000000000000000000000000000000000000000000000000000000000000000000000000000000000000000000000000000,77b6,77b6
GROUND,14,DOCKER,11,ea07051b04371200000000000000000000000000000000000000000000000000000000000000000000000000000000000000000000000000000000000000000000000000000000000000000000000000000000000000000000000000000000000000000000000000000000,6008,6008
GROUND,14,DOCKER,11,ea07051b04371300000000000000000000000000000000000000000000000000000000000000000000000000000000000000000000000000000000000000000000000000000000000000000000000000000000000000000000000000000000000000000000000000000000,6d62,6d62
GROUND,14,DOCKER,11,ea07051b04371400000000000000000000000000000000000000000000000000000000000000000000000000000000000000000000000000000000000000000000000000000000000000000000000000000000000000000000000000000000000000000000000000000000,4f74,4f74
GROUND,14,DOCKER,11,ea07051b04371500000000000000000000000000000000000000000000000000000000000000000000000000000000000000000000000000000000000000000000000000000000000000000000000000000000000000000000000000000000000000000000000000000000,421e,421e
GROUND,14,DOCKER,11,ea07051b04371600000000000000000000000000000000000000000000000000000000000000000000000000000000000000000000000000000000000000000000000000000000000000000000000000000000000000000000000000000000000000000000000000000000,55a0,55a0
GROUND,14,DOCKER,11,ea07051b04371700000000000000000000000000000000000000000000000000000000000000000000000000000000000000000000000000000000000000000000000000000000000000000000000000000000000000000000000000000000000000000000000000000000,58ca,58ca
GROUND,14,DOCKER,11,ea07051b04371800000000000000000000000000000000000000000000000000000000000000000000000000000000000000000000000000000000000000000000000000000000000000000000000000000000000000000000000000000000000000000000000000000000,118c,118c
GROUND,14,DOCKER,11,ea07051b04371900000000000000000000000000000000000000000000000000000000000000000000000000000000000000000000000000000000000000000000000000000000000000000000000000000000000000000000000000000000000000000000000000000000,1ce6,1ce6
GROUND,14,DOCKER,11,ea07051b04371a00000000000000000000000000000000000000000000000000000000000000000000000000000000000000000000000000000000000000000000000000000000000000000000000000000000000000000000000000000000000000000000000000000000,0b58,0b58
GROUND,14,DOCKER,11,ea07051b04371b00000000000000000000000000000000000000000000000000000000000000000000000000000000000000000000000000000000000000000000000000000000000000000000000000000000000000000000000000000000000000000000000000000000,0632,0632
GROUND,14,DOCKER,11,ea07051b04371c00000000000000000000000000000000000000000000000000000000000000000000000000000000000000000000000000000000000000000000000000000000000000000000000000000000000000000000000000000000000000000000000000000000,2424,2424
GROUND,14,DOCKER,11,ea07051b04371d00000000000000000000000000000000000000000000000000000000000000000000000000000000000000000000000000000000000000000000000000000000000000000000000000000000000000000000000000000000000000000000000000000000,294e,294e
GROUND,14,DOCKER,11,ea07051b04371e00000000000000000000000000000000000000000000000000000000000000000000000000000000000000000000000000000000000000000000000000000000000000000000000000000000000000000000000000000000000000000000000000000000,3ef0,3ef0
GROUND,14,DOCKER,11,ea07051b04371f00000000000000000000000000000000000000000000000000000000000000000000000000000000000000000000000000000000000000000000000000000000000000000000000000000000000000000000000000000000000000000000000000000000,339a,339a
GROUND,14,DOCKER,11,ea07051b04372000000000000000000000000000000000000000000000000000000000000000000000000000000000000000000000000000000000000000000000000000000000000000000000000000000000000000000000000000000000000000000000000000000000,092d,092d
GROUND,14,DOCKER,11,ea07051b04372100000000000000000000000000000000000000000000000000000000000000000000000000000000000000000000000000000000000000000000000000000000000000000000000000000000000000000000000000000000000000000000000000000000,0447,0447
GROUND,14,DOCKER,11,ea07051b04372200000000000000000000000000000000000000000000000000000000000000000000000000000000000000000000000000000000000000000000000000000000000000000000000000000000000000000000000000000000000000000000000000000000,13f9,13f9
GROUND,14,DOCKER,11,ea07051b04372300000000000000000000000000000000000000000000000000000000000000000000000000000000000000000000000000000000000000000000000000000000000000000000000000000000000000000000000000000000000000000000000000000000,1e93,1e93
GROUND,14,DOCKER,11,ea07051b04372400000000000000000000000000000000000000000000000000000000000000000000000000000000000000000000000000000000000000000000000000000000000000000000000000000000000000000000000000000000000000000000000000000000,3c85,3c85
GROUND,14,DOCKER,11,ea07051b04372500000000000000000000000000000000000000000000000000000000000000000000000000000000000000000000000000000000000000000000000000000000000000000000000000000000000000000000000000000000000000000000000000000000,31ef,31ef
GROUND,14,DOCKER,11,ea07051b04372600000000000000000000000000000000000000000000000000000000000000000000000000000000000000000000000000000000000000000000000000000000000000000000000000000000000000000000000000000000000000000000000000000000,2651,2651
GROUND,14,DOCKER,11,ea07051b04372700000000000000000000000000000000000000000000000000000000000000000000000000000000000000000000000000000000000000000000000000000000000000000000000000000000000000000000000000000000000000000000000000000000,2b3b,2b3b
GROUND,14,DOCKER,11,ea07051b043728000000000000000000000000000000000000000000000000000000000000000000000000000000000000000000000000000000000000000000000000000000000000000000000000000000000000000000000000000000000000000000000000000000,0062,bcf6
GROUND,14,DOCKER,11,ea07051b04372900000000000000000000000000000000000000000000000000000000000000000000000000000000000000000000000000000000000000000000000000000000000000000000000000000000000000000000000000000000000000000000000000000000,6f17,6f17
GROUND,14,DOCKER,11,ea07051b04372a00000000000000000000000000000000000000000000000000000000000000000000000000000000000000000000000000000000000000000000000000000000000000000000000000000000000000000000000000000000000000000000000000000000,78a9,78a9
GROUND,14,DOCKER,11,ea07051b04372b00000000000000000000000000000000000000000000000000000000000000000000000000000000000000000000000000000000000000000000000000000000000000000000000000000000000000000000000000000000000000000000000000000000,75c3,75c3
GROUND,14,DOCKER,11,ea07051b04372c00000000000000000000000000000000000000000000000000000000000000000000000000000000000000000000000000000000000000000000000000000000000000000000000000000000000000000000000000000000000000000000000000000000,57d5,57d5
GROUND,14,DOCKER,11,ea07051b04372d00000000000000000000000000000000000000000000000000000000000000000000000000000000000000000000000000000000000000000000000000000000000000000000000000000000000000000000000000000000000000000000000000000000,5abf,5abf
GROUND,14,DOCKER,11,ea07051b04372e00000000000000000000000000000000000000000000000000000000000000000000000000000000000000000000000000000000000000000000000000000000000000000000000000000000000000000000000000000000000000000000000000000000,4d01,4d01
GROUND,14,DOCKER,11,ea07051b04372f00000000000000000000000000000000000000000000000000000000000000000000000000000000000000000000000000000000000000000000000000000000000000000000000000000000000000000000000000000000000000000000000000000000,406b,406b
GROUND,14,DOCKER,11,ea07051b04373000000000000000000000000000000000000000000000000000000000000000000000000000000000000000000000000000000000000000000000000000000000000000000000000000000000000000000000000000000000000000000000000000000000,df8d,df8d
GROUND,14,DOCKER,11,ea07051b04373100000000000000000000000000000000000000000000000000000000000000000000000000000000000000000000000000000000000000000000000000000000000000000000000000000000000000000000000000000000000000000000000000000000,d2e7,d2e7
GROUND,14,DOCKER,11,ea07051b04373200000000000000000000000000000000000000000000000000000000000000000000000000000000000000000000000000000000000000000000000000000000000000000000000000000000000000000000000000000000000000000000000000000000,c559,c559
GROUND,14,DOCKER,11,ea07051b04373300000000000000000000000000000000000000000000000000000000000000000000000000000000000000000000000000000000000000000000000000000000000000000000000000000000000000000000000000000000000000000000000000000000,c833,c833
GROUND,14,DOCKER,11,ea07051b04373400000000000000000000000000000000000000000000000000000000000000000000000000000000000000000000000000000000000000000000000000000000000000000000000000000000000000000000000000000000000000000000000000000000,ea25,ea25
GROUND,14,DOCKER,11,ea07051b04373500000000000000000000000000000000000000000000000000000000000000000000000000000000000000000000000000000000000000000000000000000000000000000000000000000000000000000000000000000000000000000000000000000000,e74f,e74f
GROUND,14,DOCKER,11,ea07051b04373600000000000000000000000000000000000000000000000000000000000000000000000000000000000000000000000000000000000000000000000000000000000000000000000000000000000000000000000000000000000000000000000000000000,f0f1,f0f1
GROUND,14,DOCKER,11,ea07051b04373700000000000000000000000000000000000000000000000000000000000000000000000000000000000000000000000000000000000000000000000000000000000000000000000000000000000000000000000000000000000000000000000000000000,fd9b,fd9b
GROUND,14,DOCKER,11,ea07051b04373800000000000000000000000000000000000000000000000000000000000000000000000000000000000000000000000000000000000000000000000000000000000000000000000000000000000000000000000000000000000000000000000000000000,b4dd,b4dd
GROUND,14,DOCKER,11,ea07051b04373900000000000000000000000000000000000000000000000000000000000000000000000000000000000000000000000000000000000000000000000000000000000000000000000000000000000000000000000000000000000000000000000000000000,b9b7,b9b7
GROUND,14,DOCKER,11,ea07051b04373a00000000000000000000000000000000000000000000000000000000000000000000000000000000000000000000000000000000000000000000000000000000000000000000000000000000000000000000000000000000000000000000000000000000,ae09,ae09
GROUND,14,DOCKER,11,ea07051b04373b00000000000000000000000000000000000000000000000000000000000000000000000000000000000000000000000000000000000000000000000000000000000000000000000000000000000000000000000000000000000000000000000000000000,a363,a363
GROUND,14,DOCKER,11,ea07051b04380000000000000000000000000000000000000000000000000000000000000000000000000000000000000000000000000000000000000000000000000000000000000000000000000000000000000000000000000000000000000000000000000000000000,8b07,8b07
GROUND,14,DOCKER,11,ea07051b04380100000000000000000000000000000000000000000000000000000000000000000000000000000000000000000000000000000000000000000000000000000000000000000000000000000000000000000000000000000000000000000000000000000000,866d,866d
GROUND,14,DOCKER,11,ea07051b04380200000000000000000000000000000000000000000000000000000000000000000000000000000000000000000000000000000000000000000000000000000000000000000000000000000000000000000000000000000000000000000000000000000000,91d3,91d3
GROUND,14,DOCKER,11,ea07051b04380300000000000000000000000000000000000000000000000000000000000000000000000000000000000000000000000000000000000000000000000000000000000000000000000000000000000000000000000000000000000000000000000000000000,9cb9,9cb9
GROUND,14,DOCKER,11,ea07051b04380400000000000000000000000000000000000000000000000000000000000000000000000000000000000000000000000000000000000000000000000000000000000000000000000000000000000000000000000000000000000000000000000000000000,beaf,beaf
GROUND,14,DOCKER,11,ea07051b04380500000000000000000000000000000000000000000000000000000000000000000000000000000000000000000000000000000000000000000000000000000000000000000000000000000000000000000000000000000000000000000000000000000000,b3c5,b3c5
GROUND,14,DOCKER,11,ea07051b04380600000000000000000000000000000000000000000000000000000000000000000000000000000000000000000000000000000000000000000000000000000000000000000000000000000000000000000000000000000000000000000000000000000000,a47b,a47b
GROUND,14,DOCKER,11,ea07051b04380700000000000000000000000000000000000000000000000000000000000000000000000000000000000000000000000000000000000000000000000000000000000000000000000000000000000000000000000000000000000000000000000000000000,a911,a911
GROUND,14,DOCKER,11,ea07051b04380800000000000000000000000000000000000000000000000000000000000000000000000000000000000000000000000000000000000000000000000000000000000000000000000000000000000000000000000000000000000000000000000000000000,e057,e057
GROUND,14,DOCKER,11,ea07051b04380900000000000000000000000000000000000000000000000000000000000000000000000000000000000000000000000000000000000000000000000000000000000000000000000000000000000000000000000000000000000000000000000000000000,ed3d,ed3d
GROUND,14,DOCKER,11,ea07051b04380a00000000000000000000000000000000000000000000000000000000000000000000000000000000000000000000000000000000000000000000000000000000000000000000000000000000000000000000000000000000000000000000000000000000,fa83,fa83
GROUND,14,DOCKER,11,ea07051b04380b00000000000000000000000000000000000000000000000000000000000000000000000000000000000000000000000000000000000000000000000000000000000000000000000000000000000000000000000000000000000000000000000000000000,f7e9,f7e9
GROUND,14,DOCKER,11,ea07051b04380c00000000000000000000000000000000000000000000000000000000000000000000000000000000000000000000000000000000000000000000000000000000000000000000000000000000000000000000000000000000000000000000000000000000,d5ff,d5ff
GROUND,14,DOCKER,11,ea07051b04380d00000000000000000000000000000000000000000000000000000000000000000000000000000000000000000000000000000000000000000000000000000000000000000000000000000000000000000000000000000000000000000000000000000000,d895,d895
GROUND,14,DOCKER,11,ea07051b04380e00000000000000000000000000000000000000000000000000000000000000000000000000000000000000000000000000000000000000000000000000000000000000000000000000000000000000000000000000000000000000000000000000000000,cf2b,cf2b
GROUND,14,DOCKER,11,ea07051b04380f00000000000000000000000000000000000000000000000000000000000000000000000000000000000000000000000000000000000000000000000000000000000000000000000000000000000000000000000000000000000000000000000000000000,c241,c241
GROUND,14,DOCKER,11,ea07051b04381000000000000000000000000000000000000000000000000000000000000000000000000000000000000000000000000000000000000000000000000000000000000000000000000000000000000000000000000000000000000000000000000000000000,5da7,5da7
GROUND,14,DOCKER,11,ea07051b04381100000000000000000000000000000000000000000000000000000000000000000000000000000000000000000000000000000000000000000000000000000000000000000000000000000000000000000000000000000000000000000000000000000000,50cd,50cd
GROUND,14,DOCKER,11,ea07051b04381200000000000000000000000000000000000000000000000000000000000000000000000000000000000000000000000000000000000000000000000000000000000000000000000000000000000000000000000000000000000000000000000000000000,4773,4773
GROUND,14,DOCKER,11,ea07051b04381300000000000000000000000000000000000000000000000000000000000000000000000000000000000000000000000000000000000000000000000000000000000000000000000000000000000000000000000000000000000000000000000000000000,4a19,4a19
GROUND,14,DOCKER,11,ea07051b04381400000000000000000000000000000000000000000000000000000000000000000000000000000000000000000000000000000000000000000000000000000000000000000000000000000000000000000000000000000000000000000000000000000000,680f,680f
GROUND,14,DOCKER,11,ea07051b04381500000000000000000000000000000000000000000000000000000000000000000000000000000000000000000000000000000000000000000000000000000000000000000000000000000000000000000000000000000000000000000000000000000000,6565,6565
GROUND,14,DOCKER,11,ea07051b04381600000000000000000000000000000000000000000000000000000000000000000000000000000000000000000000000000000000000000000000000000000000000000000000000000000000000000000000000000000000000000000000000000000000,72db,72db
GROUND,14,DOCKER,11,ea07051b04381700000000000000000000000000000000000000000000000000000000000000000000000000000000000000000000000000000000000000000000000000000000000000000000000000000000000000000000000000000000000000000000000000000000,7fb1,7fb1
GROUND,14,DOCKER,11,ea07051b04381800000000000000000000000000000000000000000000000000000000000000000000000000000000000000000000000000000000000000000000000000000000000000000000000000000000000000000000000000000000000000000000000000000000,36f7,36f7
GROUND,14,DOCKER,11,ea07051b04381900000000000000000000000000000000000000000000000000000000000000000000000000000000000000000000000000000000000000000000000000000000000000000000000000000000000000000000000000000000000000000000000000000000,3b9d,3b9d
GROUND,14,DOCKER,11,ea07051b04381a00000000000000000000000000000000000000000000000000000000000000000000000000000000000000000000000000000000000000000000000000000000000000000000000000000000000000000000000000000000000000000000000000000000,2c23,2c23
GROUND,14,DOCKER,11,ea07051b04381b00000000000000000000000000000000000000000000000000000000000000000000000000000000000000000000000000000000000000000000000000000000000000000000000000000000000000000000000000000000000000000000000000000000,2149,2149
GROUND,14,DOCKER,11,ea07051b04381c00000000000000000000000000000000000000000000000000000000000000000000000000000000000000000000000000000000000000000000000000000000000000000000000000000000000000000000000000000000000000000000000000000000,035f,035f
GROUND,14,DOCKER,11,ea07051b04381d00000000000000000000000000000000000000000000000000000000000000000000000000000000000000000000000000000000000000000000000000000000000000000000000000000000000000000000000000000000000000000000000000000000,0e35,0e35
GROUND,14,DOCKER,11,ea07051b04381e00000000000000000000000000000000000000000000000000000000000000000000000000000000000000000000000000000000000000000000000000000000000000000000000000000000000000000000000000000000000000000000000000000000,198b,198b
GROUND,14,DOCKER,11,ea07051b04381f00000000000000000000000000000000000000000000000000000000000000000000000000000000000000000000000000000000000000000000000000000000000000000000000000000000000000000000000000000000000000000000000000000000,14e1,14e1
GROUND,14,DOCKER,11,ea07051b04382000000000000000000000000000000000000000000000000000000000000000000000000000000000000000000000000000000000000000000000000000000000000000000000000000000000000000000000000000000000000000000000000000000000,2e56,2e56
GROUND,14,DOCKER,11,ea07051b04382100000000000000000000000000000000000000000000000000000000000000000000000000000000000000000000000000000000000000000000000000000000000000000000000000000000000000000000000000000000000000000000000000000000,233c,233c
GROUND,14,DOCKER,11,ea07051b04382200000000000000000000000000000000000000000000000000000000000000000000000000000000000000000000000000000000000000000000000000000000000000000000000000000000000000000000000000000000000000000000000000000000,3482,3482
GROUND,14,DOCKER,11,ea07051b04382300000000000000000000000000000000000000000000000000000000000000000000000000000000000000000000000000000000000000000000000000000000000000000000000000000000000000000000000000000000000000000000000000000000,39e8,39e8
GROUND,14,DOCKER,11,ea07051b04382400000000000000000000000000000000000000000000000000000000000000000000000000000000000000000000000000000000000000000000000000000000000000000000000000000000000000000000000000000000000000000000000000000000,1bfe,1bfe
GROUND,14,DOCKER,11,ea07051b04382500000000000000000000000000000000000000000000000000000000000000000000000000000000000000000000000000000000000000000000000000000000000000000000000000000000000000000000000000000000000000000000000000000000,1694,1694
GROUND,14,DOCKER,11,ea07051b04382600000000000000000000000000000000000000000000000000000000000000000000000000000000000000000000000000000000000000000000000000000000000000000000000000000000000000000000000000000000000000000000000000000000,012a,012a
GROUND,14,DOCKER,11,ea07051b04382700000000000000000000000000000000000000000000000000000000000000000000000000000000000000000000000000000000000000000000000000000000000000000000000000000000000000000000000000000000000000000000000000000000,0c40,0c40
GROUND,14,DOCKER,11,ea07051b04382800000000000000000000000000000000000000000000000000000000000000000000000000000000000000000000000000000000000000000000000000000000000000000000000000000000000000000000000000000000000000000000000000000000,4506,4506
GROUND,14,DOCKER,11,ea07051b04382900000000000000000000000000000000000000000000000000000000000000000000000000000000000000000000000000000000000000000000000000000000000000000000000000000000000000000000000000000000000000000000000000000000,486c,486c
GROUND,14,DOCKER,11,ea07051b04382a00000000000000000000000000000000000000000000000000000000000000000000000000000000000000000000000000000000000000000000000000000000000000000000000000000000000000000000000000000000000000000000000000000000,5fd2,5fd2
GROUND,14,DOCKER,11,ea07051b04382b00000000000000000000000000000000000000000000000000000000000000000000000000000000000000000000000000000000000000000000000000000000000000000000000000000000000000000000000000000000000000000000000000000000,52b8,52b8
GROUND,14,DOCKER,11,ea07051b04382c00000000000000000000000000000000000000000000000000000000000000000000000000000000000000000000000000000000000000000000000000000000000000000000000000000000000000000000000000000000000000000000000000000000,70ae,70ae
GROUND,14,DOCKER,11,ea07051b04382d00000000000000000000000000000000000000000000000000000000000000000000000000000000000000000000000000000000000000000000000000000000000000000000000000000000000000000000000000000000000000000000000000000000,7dc4,7dc4
GROUND,14,DOCKER,11,ea07051b04382e00000000000000000000000000000000000000000000000000000000000000000000000000000000000000000000000000000000000000000000000000000000000000000000000000000000000000000000000000000000000000000000000000000000,6a7a,6a7a
GROUND,14,DOCKER,11,ea07051b04382f00000000000000000000000000000000000000000000000000000000000000000000000000000000000000000000000000000000000000000000000000000000000000000000000000000000000000000000000000000000000000000000000000000000,6710,6710
GROUND,14,DOCKER,11,ea07051b04383000000000000000000000000000000000000000000000000000000000000000000000000000000000000000000000000000000000000000000000000000000000000000000000000000000000000000000000000000000000000000000000000000000000,f8f6,f8f6
GROUND,14,DOCKER,11,ea07051b04383100000000000000000000000000000000000000000000000000000000000000000000000000000000000000000000000000000000000000000000000000000000000000000000000000000000000000000000000000000000000000000000000000000000,f59c,f59c
GROUND,14,DOCKER,11,ea07051b04383200000000000000000000000000000000000000000000000000000000000000000000000000000000000000000000000000000000000000000000000000000000000000000000000000000000000000000000000000000000000000000000000000000000,e222,e222
GROUND,14,DOCKER,11,ea07051b04383300000000000000000000000000000000000000000000000000000000000000000000000000000000000000000000000000000000000000000000000000000000000000000000000000000000000000000000000000000000000000000000000000000000,ef48,ef48
GROUND,14,DOCKER,11,ea07051b04383400000000000000000000000000000000000000000000000000000000000000000000000000000000000000000000000000000000000000000000000000000000000000000000000000000000000000000000000000000000000000000000000000000000,cd5e,cd5e
GROUND,14,DOCKER,11,ea07051b04383500000000000000000000000000000000000000000000000000000000000000000000000000000000000000000000000000000000000000000000000000000000000000000000000000000000000000000000000000000000000000000000000000000000,c034,c034
GROUND,14,DOCKER,11,ea07051b04383600000000000000000000000000000000000000000000000000000000000000000000000000000000000000000000000000000000000000000000000000000000000000000000000000000000000000000000000000000000000000000000000000000000,d78a,d78a
GROUND,14,DOCKER,11,ea07051b04383700000000000000000000000000000000000000000000000000000000000000000000000000000000000000000000000000000000000000000000000000000000000000000000000000000000000000000000000000000000000000000000000000000000,dae0,dae0
GROUND,14,DOCKER,11,ea07051b04383800000000000000000000000000000000000000000000000000000000000000000000000000000000000000000000000000000000000000000000000000000000000000000000000000000000000000000000000000000000000000000000000000000000,93a6,93a6
GROUND,14,DOCKER,11,ea07051b04383900000000000000000000000000000000000000000000000000000000000000000000000000000000000000000000000000000000000000000000000000000000000000000000000000000000000000000000000000000000000000000000000000000000,9ecc,9ecc
GROUND,14,DOCKER,11,ea07051b04383a00000000000000000000000000000000000000000000000000000000000000000000000000000000000000000000000000000000000000000000000000000000000000000000000000000000000000000000000000000000000000000000000000000000,8972,8972
GROUND,14,DOCKER,11,ea07051b04383b00000000000000000000000000000000000000000000000000000000000000000000000000000000000000000000000000000000000000000000000000000000000000000000000000000000000000000000000000000000000000000000000000000000,8418,8418
GROUND,14,DOCKER,11,ea07051b04390000000000000000000000000000000000000000000000000000000000000000000000000000000000000000000000000000000000000000000000000000000000000000000000000000000000000000000000000000000000000000000000000000000000,4756,4756
GROUND,14,DOCKER,11,ea07051b04390100000000000000000000000000000000000000000000000000000000000000000000000000000000000000000000000000000000000000000000000000000000000000000000000000000000000000000000000000000000000000000000000000000000,4a3c,4a3c
GROUND,14,DOCKER,11,ea07051b04390200000000000000000000000000000000000000000000000000000000000000000000000000000000000000000000000000000000000000000000000000000000000000000000000000000000000000000000000000000000000000000000000000000000,5d82,5d82
GROUND,14,DOCKER,11,ea07051b04390300000000000000000000000000000000000000000000000000000000000000000000000000000000000000000000000000000000000000000000000000000000000000000000000000000000000000000000000000000000000000000000000000000000,50e8,50e8
GROUND,14,DOCKER,11,ea07051b04390400000000000000000000000000000000000000000000000000000000000000000000000000000000000000000000000000000000000000000000000000000000000000000000000000000000000000000000000000000000000000000000000000000000,72fe,72fe
GROUND,14,DOCKER,11,ea07051b04390500000000000000000000000000000000000000000000000000000000000000000000000000000000000000000000000000000000000000000000000000000000000000000000000000000000000000000000000000000000000000000000000000000000,7f94,7f94
GROUND,14,DOCKER,11,ea07051b04391900000000000000000000000000000000000000000000000000000000000000000000000000000000000000000000000000000000000000000000000000000000000000000000000000000000000000000000000000000000000000000000000000000000,f7cc,f7cc
GROUND,14,DOCKER,11,ea07051b04391a00000000000000000000000000000000000000000000000000000000000000000000000000000000000000000000000000000000000000000000000000000000000000000000000000000000000000000000000000000000000000000000000000000000,e072,e072
GROUND,14,DOCKER,11,ea07051b04391b00000000000000000000000000000000000000000000000000000000000000000000000000000000000000000000000000000000000000000000000000000000000000000000000000000000000000000000000000000000000000000000000000000000,ed18,ed18
GROUND,14,DOCKER,11,ea07051b04391c00000000000000000000000000000000000000000000000000000000000000000000000000000000000000000000000000000000000000000000000000000000000000000000000000000000000000000000000000000000000000000000000000000000,cf0e,cf0e
GROUND,14,DOCKER,11,ea07051b04391d00000000000000000000000000000000000000000000000000000000000000000000000000000000000000000000000000000000000000000000000000000000000000000000000000000000000000000000000000000000000000000000000000000000,c264,c264
GROUND,14,DOCKER,11,ea07051b04391e00000000000000000000000000000000000000000000000000000000000000000000000000000000000000000000000000000000000000000000000000000000000000000000000000000000000000000000000000000000000000000000000000000000,d5da,d5da
GROUND,14,DOCKER,11,ea07051b04391f00000000000000000000000000000000000000000000000000000000000000000000000000000000000000000000000000000000000000000000000000000000000000000000000000000000000000000000000000000000000000000000000000000000,d8b0,d8b0
GROUND,14,DOCKER,11,ea07051b04392000000000000000000000000000000000000000000000000000000000000000000000000000000000000000000000000000000000000000000000000000000000000000000000000000000000000000000000000000000000000000000000000000000000,e207,e207
GROUND,14,DOCKER,11,ea07051b04392100000000000000000000000000000000000000000000000000000000000000000000000000000000000000000000000000000000000000000000000000000000000000000000000000000000000000000000000000000000000000000000000000000000,ef6d,ef6d
GROUND,14,DOCKER,11,ea07051b04392200000000000000000000000000000000000000000000000000000000000000000000000000000000000000000000000000000000000000000000000000000000000000000000000000000000000000000000000000000000000000000000000000000000,f8d3,f8d3
GROUND,14,DOCKER,11,ea07051b04392300000000000000000000000000000000000000000000000000000000000000000000000000000000000000000000000000000000000000000000000000000000000000000000000000000000000000000000000000000000000000000000000000000000,f5b9,f5b9
GROUND,14,DOCKER,11,ea07051b04392400000000000000000000000000000000000000000000000000000000000000000000000000000000000000000000000000000000000000000000000000000000000000000000000000000000000000000000000000000000000000000000000000000000,d7af,d7af
GROUND,14,DOCKER,11,ea07051b04392500000000000000000000000000000000000000000000000000000000000000000000000000000000000000000000000000000000000000000000000000000000000000000000000000000000000000000000000000000000000000000000000000000000,dac5,dac5
GROUND,14,DOCKER,11,ea07051b04392600000000000000000000000000000000000000000000000000000000000000000000000000000000000000000000000000000000000000000000000000000000000000000000000000000000000000000000000000000000000000000000000000000000,cd7b,cd7b
GROUND,14,DOCKER,11,ea07051b04392700000000000000000000000000000000000000000000000000000000000000000000000000000000000000000000000000000000000000000000000000000000000000000000000000000000000000000000000000000000000000000000000000000000,c011,c011
GROUND,14,DOCKER,11,ea07051b04392800000000000000000000000000000000000000000000000000000000000000000000000000000000000000000000000000000000000000000000000000000000000000000000000000000000000000000000000000000000000000000000000000000000,8957,8957
GROUND,14,DOCKER,11,ea07051b04392900000000000000000000000000000000000000000000000000000000000000000000000000000000000000000000000000000000000000000000000000000000000000000000000000000000000000000000000000000000000000000000000000000000,843d,843d
GROUND,14,DOCKER,11,ea07051b04392a00000000000000000000000000000000000000000000000000000000000000000000000000000000000000000000000000000000000000000000000000000000000000000000000000000000000000000000000000000000000000000000000000000000,9383,9383
GROUND,14,DOCKER,11,ea07051b04392b00000000000000000000000000000000000000000000000000000000000000000000000000000000000000000000000000000000000000000000000000000000000000000000000000000000000000000000000000000000000000000000000000000000,9ee9,9ee9
GROUND,14,DOCKER,11,ea07051b04392c00000000000000000000000000000000000000000000000000000000000000000000000000000000000000000000000000000000000000000000000000000000000000000000000000000000000000000000000000000000000000000000000000000000,bcff,bcff
GROUND,14,DOCKER,11,ea07051b04392d00000000000000000000000000000000000000000000000000000000000000000000000000000000000000000000000000000000000000000000000000000000000000000000000000000000000000000000000000000000000000000000000000000000,b195,b195
GROUND,14,DOCKER,11,ea07051b04392e00000000000000000000000000000000000000000000000000000000000000000000000000000000000000000000000000000000000000000000000000000000000000000000000000000000000000000000000000000000000000000000000000000000,a62b,a62b
GROUND,14,DOCKER,11,ea07051b04392f00000000000000000000000000000000000000000000000000000000000000000000000000000000000000000000000000000000000000000000000000000000000000000000000000000000000000000000000000000000000000000000000000000000,ab41,ab41
GROUND,14,DOCKER,11,ea07051b04393000000000000000000000000000000000000000000000000000000000000000000000000000000000000000000000000000000000000000000000000000000000000000000000000000000000000000000000000000000000000000000000000000000000,34a7,34a7
GROUND,14,DOCKER,11,ea07051b04393100000000000000000000000000000000000000000000000000000000000000000000000000000000000000000000000000000000000000000000000000000000000000000000000000000000000000000000000000000000000000000000000000000000,39cd,39cd
GROUND,14,DOCKER,11,ea07051b04393200000000000000000000000000000000000000000000000000000000000000000000000000000000000000000000000000000000000000000000000000000000000000000000000000000000000000000000000000000000000000000000000000000000,2e73,2e73
GROUND,14,DOCKER,11,ea07051b04393300000000000000000000000000000000000000000000000000000000000000000000000000000000000000000000000000000000000000000000000000000000000000000000000000000000000000000000000000000000000000000000000000000000,2319,2319
GROUND,14,DOCKER,11,ea07051b04393400000000000000000000000000000000000000000000000000000000000000000000000000000000000000000000000000000000000000000000000000000000000000000000000000000000000000000000000000000000000000000000000000000000,010f,010f
GROUND,14,DOCKER,11,ea07051b04393500000000000000000000000000000000000000000000000000000000000000000000000000000000000000000000000000000000000000000000000000000000000000000000000000000000000000000000000000000000000000000000000000000000,0c65,0c65
GROUND,14,DOCKER,11,ea07051b04393600000000000000000000000000000000000000000000000000000000000000000000000000000000000000000000000000000000000000000000000000000000000000000000000000000000000000000000000000000000000000000000000000000000,1bdb,1bdb
GROUND,14,DOCKER,11,ea07051b04393700000000000000000000000000000000000000000000000000000000000000000000000000000000000000000000000000000000000000000000000000000000000000000000000000000000000000000000000000000000000000000000000000000000,16b1,16b1
GROUND,14,DOCKER,11,ea07051b04393800000000000000000000000000000000000000000000000000000000000000000000000000000000000000000000000000000000000000000000000000000000000000000000000000000000000000000000000000000000000000000000000000000000,5ff7,5ff7
GROUND,14,DOCKER,11,ea07051b04393900000000000000000000000000000000000000000000000000000000000000000000000000000000000000000000000000000000000000000000000000000000000000000000000000000000000000000000000000000000000000000000000000000000,529d,529d
GROUND,14,DOCKER,11,ea07051b04393a00000000000000000000000000000000000000000000000000000000000000000000000000000000000000000000000000000000000000000000000000000000000000000000000000000000000000000000000000000000000000000000000000000000,4523,4523
GROUND,14,DOCKER,11,ea07051b04393b00000000000000000000000000000000000000000000000000000000000000000000000000000000000000000000000000000000000000000000000000000000000000000000000000000000000000000000000000000000000000000000000000000000,4849,4849
GROUND,14,DOCKER,11,ea07051b043a0000000000000000000000000000000000000000000000000000000000000000000000000000000000000000000000000000000000000000000000000000000000000000000000000000000000000000000000000000000000000000000000000000000000,1bb4,1bb4
GROUND,14,DOCKER,11,ea07051b043a0100000000000000000000000000000000000000000000000000000000000000000000000000000000000000000000000000000000000000000000000000000000000000000000000000000000000000000000000000000000000000000000000000000000,16de,16de
GROUND,14,DOCKER,11,ea07051b043a0200000000000000000000000000000000000000000000000000000000000000000000000000000000000000000000000000000000000000000000000000000000000000000000000000000000000000000000000000000000000000000000000000000000,0160,0160
GROUND,14,DOCKER,11,ea07051b043a0300000000000000000000000000000000000000000000000000000000000000000000000000000000000000000000000000000000000000000000000000000000000000000000000000000000000000000000000000000000000000000000000000000000,0c0a,0c0a
GROUND,14,DOCKER,11,ea07051b043a0400000000000000000000000000000000000000000000000000000000000000000000000000000000000000000000000000000000000000000000000000000000000000000000000000000000000000000000000000000000000000000000000000000000,2e1c,2e1c
GROUND,14,DOCKER,11,ea07051b043a0500000000000000000000000000000000000000000000000000000000000000000000000000000000000000000000000000000000000000000000000000000000000000000000000000000000000000000000000000000000000000000000000000000000,2376,2376
GROUND,14,DOCKER,11,ea07051b043a0600000000000000000000000000000000000000000000000000000000000000000000000000000000000000000000000000000000000000000000000000000000000000000000000000000000000000000000000000000000000000000000000000000000,34c8,34c8
GROUND,14,DOCKER,11,ea07051b043a0700000000000000000000000000000000000000000000000000000000000000000000000000000000000000000000000000000000000000000000000000000000000000000000000000000000000000000000000000000000000000000000000000000000,39a2,39a2
GROUND,14,DOCKER,11,ea07051b043a0800000000000000000000000000000000000000000000000000000000000000000000000000000000000000000000000000000000000000000000000000000000000000000000000000000000000000000000000000000000000000000000000000000000,70e4,70e4
GROUND,14,DOCKER,11,ea07051b043a0900000000000000000000000000000000000000000000000000000000000000000000000000000000000000000000000000000000000000000000000000000000000000000000000000000000000000000000000000000000000000000000000000000000,7d8e,7d8e
GROUND,14,DOCKER,11,ea07051b043a0a00000000000000000000000000000000000000000000000000000000000000000000000000000000000000000000000000000000000000000000000000000000000000000000000000000000000000000000000000000000000000000000000000000000,6a30,6a30
GROUND,14,DOCKER,11,ea07051b043a0b00000000000000000000000000000000000000000000000000000000000000000000000000000000000000000000000000000000000000000000000000000000000000000000000000000000000000000000000000000000000000000000000000000000,675a,675a
GROUND,14,DOCKER,11,ea07051b043a0c00000000000000000000000000000000000000000000000000000000000000000000000000000000000000000000000000000000000000000000000000000000000000000000000000000000000000000000000000000000000000000000000000000000,454c,454c
GROUND,14,DOCKER,11,ea07051b043a0d00000000000000000000000000000000000000000000000000000000000000000000000000000000000000000000000000000000000000000000000000000000000000000000000000000000000000000000000000000000000000000000000000000000,4826,4826
GROUND,14,DOCKER,11,ea07051b043a0e00000000000000000000000000000000000000000000000000000000000000000000000000000000000000000000000000000000000000000000000000000000000000000000000000000000000000000000000000000000000000000000000000000000,5f98,5f98
GROUND,14,DOCKER,11,ea07051b043a0f00000000000000000000000000000000000000000000000000000000000000000000000000000000000000000000000000000000000000000000000000000000000000000000000000000000000000000000000000000000000000000000000000000000,52f2,52f2
GROUND,14,DOCKER,11,ea07051b043a1000000000000000000000000000000000000000000000000000000000000000000000000000000000000000000000000000000000000000000000000000000000000000000000000000000000000000000000000000000000000000000000000000000000,cd14,cd14
GROUND,14,DOCKER,11,ea07051b043a1100000000000000000000000000000000000000000000000000000000000000000000000000000000000000000000000000000000000000000000000000000000000000000000000000000000000000000000000000000000000000000000000000000000,c07e,c07e
GROUND,14,DOCKER,11,ea07051b043a1200000000000000000000000000000000000000000000000000000000000000000000000000000000000000000000000000000000000000000000000000000000000000000000000000000000000000000000000000000000000000000000000000000000,d7c0,d7c0
GROUND,14,DOCKER,11,ea07051b043a1300000000000000000000000000000000000000000000000000000000000000000000000000000000000000000000000000000000000000000000000000000000000000000000000000000000000000000000000000000000000000000000000000000000,daaa,daaa
GROUND,14,DOCKER,11,ea07051b043a1400000000000000000000000000000000000000000000000000000000000000000000000000000000000000000000000000000000000000000000000000000000000000000000000000000000000000000000000000000000000000000000000000000000,f8bc,f8bc
GROUND,14,DOCKER,11,ea07051b043a1500000000000000000000000000000000000000000000000000000000000000000000000000000000000000000000000000000000000000000000000000000000000000000000000000000000000000000000000000000000000000000000000000000000,f5d6,f5d6
GROUND,14,DOCKER,11,ea07051b043a1600000000000000000000000000000000000000000000000000000000000000000000000000000000000000000000000000000000000000000000000000000000000000000000000000000000000000000000000000000000000000000000000000000000,e268,e268
GROUND,14,DOCKER,11,ea07051b043a1700000000000000000000000000000000000000000000000000000000000000000000000000000000000000000000000000000000000000000000000000000000000000000000000000000000000000000000000000000000000000000000000000000000,ef02,ef02
GROUND,14,DOCKER,11,ea07051b043a1800000000000000000000000000000000000000000000000000000000000000000000000000000000000000000000000000000000000000000000000000000000000000000000000000000000000000000000000000000000000000000000000000000000,a644,a644
GROUND,14,DOCKER,11,ea07051b043a1900000000000000000000000000000000000000000000000000000000000000000000000000000000000000000000000000000000000000000000000000000000000000000000000000000000000000000000000000000000000000000000000000000000,ab2e,ab2e
GROUND,14,DOCKER,11,ea07051b043a1a00000000000000000000000000000000000000000000000000000000000000000000000000000000000000000000000000000000000000000000000000000000000000000000000000000000000000000000000000000000000000000000000000000000,bc90,bc90
GROUND,14,DOCKER,11,ea07051b043a1b00000000000000000000000000000000000000000000000000000000000000000000000000000000000000000000000000000000000000000000000000000000000000000000000000000000000000000000000000000000000000000000000000000000,b1fa,b1fa
GROUND,14,DOCKER,11,ea07051b043a1c00000000000000000000000000000000000000000000000000000000000000000000000000000000000000000000000000000000000000000000000000000000000000000000000000000000000000000000000000000000000000000000000000000000,93ec,93ec
GROUND,14,DOCKER,11,ea07051b050e19470801000000b30bc7000200400d030027070300010000000000000000003e3e61ff170014000000000000000000000000000000000000000000000000000000000000000000000000000000000000000000000000000000000000000000000000000000,8951,8951
GROUND,14,DOCKER,11,ea07051b050e1a3d0801000100bf0bce0003003b0d02002c070700020000000000000000003d3e62ff170015000000000000000000000000000000000000000000000000000000000000000000000000000000000000000000000000000000000000000000000000000000,1584,1584
GROUND,14,DOCKER,11,ea07051b050e1b460801000000b10bc8000000400d00002507060002000000000000000000393e5eff170015000000000000000000000000000000000000000000000000000000000000000000000000000000000000000000000000000000000000000000000000000000,e149,e149
GROUND,14,DOCKER,11,ea07051b050e1c470801000100c60bd6000200440d02002707010001000000000000000000393e59ff170014000000000000000000000000000000000000000000000000000000000000000000000000000000000000000000000000000000000000000000000000000000,9ad6,9ad6
GROUND,14,DOCKER,11,ea07051b050e1d3e0801000000bc0bd5000000390d02002a07000002000000000000000000393e5dff170014000000000000000000000000000000000000000000000000000000000000000000000000000000000000000000000000000000000000000000000000000000,aa2a,aa2a
GROUND,14,DOCKER,11,ea07051b050e1e460802000200b80bd10001003f0d00002f07030001000000000000000000383e09ff170014000000000000000000000000000000000000000000000000000000000000000000000000000000000000000000000000000000000000000000000000000000,4e2e,4e2e
GROUND,14,DOCKER,11,ea07051b050e1f3c0802000000bd0bcf0001003f0d03002f07040002000000000000000000233e08ff170015000000000000000000000000000000000000000000000000000000000000000000000000000000000000000000000000000000000000000000000000000000,211e,211e
GROUND,14,DOCKER,11,ea07051b050e203f0802000200bc0bd6000000380d01002b07020002000000000000000000243e5dff170015000000000000000000000000000000000000000000000000000000000000000000000000000000000000000000000000000000000000000000000000000000,efa7,efa7
GROUND,14,DOCKER,11,ea07051b050e21470802000200bf0bd10000003f0d02002f07020002000000000000000000353e60ff170014000000000000000000000000000000000000000000000000000000000000000000000000000000000000000000000000000000000000000000000000000000,5547,5547
GROUND,14,DOCKER,11,ea07051b050e22430801000100b40bd40002004b0d01002a07030002000000000000000000363e5eff170015000000000000000000000000000000000000000000000000000000000000000000000000000000000000000000000000000000000000000000000000000000,0740,0740
GROUND,14,DOCKER,11,ea07051b050e23470801000200b00bcf000200380d00002707030001000000000000000000233e04ff170015000000000000000000000000000000000000000000000000000000000000000000000000000000000000000000000000000000000000000000000000000000,d0e8,d0e8
GROUND,14,DOCKER,11,ea07051b050e243f0801000200c00bd5000100340d03002f07260002000000000000000000223e07ff170015000000000000000000000000000000000000000000000000000000000000000000000000000000000000000000000000000000000000000000000000000000,48ba,48ba
GROUND,14,DOCKER,11,ea07051b050e25400801000100bf0bc90000003b0d03002b07030001000000000000000000213e06ff170014000000000000000000000000000000000000000000000000000000000000000000000000000000000000000000000000000000000000000000000000000000,5924,5924
GROUND,14,DOCKER,11,ea07051b050e263f0800000000b20bd6000100380d03002d070100020000000000000000002b3e35ff170016000000000000000000000000000000000000000000000000000000000000000000000000000000000000000000000000000000000000000000000000000000,66f6,66f6
GROUND,14,DOCKER,11,ea07051b050e27400800000100c00bd00003003f0d010028070200020000000000000000002a3e39ff170014000000000000000000000000000000000000000000000000000000000000000000000000000000000000000000000000000000000000000000000000000000,047f,047f
GROUND,14,DOCKER,11,ea07051b050e283d0800000200b30bdd000100350d02002507030002000000000000000000323e5eff170015000000000000000000000000000000000000000000000000000000000000000000000000000000000000000000000000000000000000000000000000000000,aff2,aff2
GROUND,14,DOCKER,11,ea07051b050e293d0800000100bf0be60001003b0d00003107040001000000000000000000313e5bff170014000000000000000000000000000000000000000000000000000000000000000000000000000000000000000000000000000000000000000000000000000000,ea72,ea72
GROUND,14,DOCKER,11,ea07051b050e2a3c0800000200b40bd8000200400d01002d07020002000000000000000000333e5dff170015000000000000000000000000000000000000000000000000000000000000000000000000000000000000000000000000000000000000000000000000000000,65b8,65b8
GROUND,14,DOCKER,11,ea07051b050e2b430801000000b80bd0000000470d00002807200002000000000000000000323e5cff170014000000000000000000000000000000000000000000000000000000000000000000000000000000000000000000000000000000000000000000000000000000,87c7,87c7
GROUND,14,DOCKER,11,ea07051b050e2c460802000000ca0bd30002003f0d03002807020002000000000000000000303e5dff170015000000000000000000000000000000000000000000000000000000000000000000000000000000000000000000000000000000000000000000000000000000,fd19,fd19
GROUND,14,DOCKER,11,ea07051b050e2d480801000200b20bcf0001003c0d00002b07030001000000000000000000303e5dff170015000000000000000000000000000000000000000000000000000000000000000000000000000000000000000000000000000000000000000000000000000000,659d,659d
GROUND,14,DOCKER,11,ea07051b050e2e430800000100b80bcf000200490d000026070100020000000000000000001e3e08ff170014000000000000000000000000000000000000000000000000000000000000000000000000000000000000000000000000000000000000000000000000000000,5290,5290
GROUND,14,DOCKER,11,ea07051b050e2f3d0801000000b50bd2000100410d040026070200020000000000000000001d3e04ff170015000000000000000000000000000000000000000000000000000000000000000000000000000000000000000000000000000000000000000000000000000000,9ae4,9ae4
GROUND,14,DOCKER,11,ea07051b050e30400802000200c00bd30003003f0d00002e071800020000000000000000002f3e61ff170015000000000000000000000000000000000000000000000000000000000000000000000000000000000000000000000000000000000000000000000000000000,dee5,dee5
GROUND,14,DOCKER,11,ea07051b050e31480801000100bf0bcc000100470d030028070300010000000000000000002f3e61ff170015000000000000000000000000000000000000000000000000000000000000000000000000000000000000000000000000000000000000000000000000000000,5183,5183
GROUND,14,DOCKER,11,ea07051b050e32440800000200c00bcf0000004b0d02002c070500020000000000000000001c3e04ff170015000000000000000000000000000000000000000000000000000000000000000000000000000000000000000000000000000000000000000000000000000000,9b28,9b28
GROUND,14,DOCKER,11,ea07051b050e33400802000200ae0bcf000200400d03002b070200020000000000000000001d3e08ff170015000000000000000000000000000000000000000000000000000000000000000000000000000000000000000000000000000000000000000000000000000000,ce87,ce87
GROUND,14,DOCKER,11,ea07051b050e343d0800000200bf0bd6000000470d00002b070300030000000000000000001d3e09ff170015000000000000000000000000000000000000000000000000000000000000000000000000000000000000000000000000000000000000000000000000000000,a8c3,a8c3
GROUND,14,DOCKER,11,ea07051b050e35400802000200b70bd50001003c0d02002b07040001000000000000000000263e37ff170016000000000000000000000000000000000000000000000000000000000000000000000000000000000000000000000000000000000000000000000000000000,9e2c,9e2c
GROUND,14,DOCKER,11,ea07051b050e36450801000200c00bd40001003f0d02002c07020002000000000000000000253e36ff170015000000000000000000000000000000000000000000000000000000000000000000000000000000000000000000000000000000000000000000000000000000,7d31,7d31
GROUND,14,DOCKER,11,ea07051b050e373a0801000000c00bce0002003e0d02002c070400010000000000000000002c3e61ff170016000000000000000000000000000000000000000000000000000000000000000000000000000000000000000000000000000000000000000000000000000000,ab84,ab84
GROUND,14,DOCKER,11,ea07051b050e38420801000200b30bd30000004b0d01002b070200010000000000000000002d3e5fff170015000000000000000000000000000000000000000000000000000000000000000000000000000000000000000000000000000000000000000000000000000000,5b70,5b70
GROUND,14,DOCKER,11,ea07051b050e39490801000000b30bd0000000420d030025070200010000000000000000001b3e05ff170015000000000000000000000000000000000000000000000000000000000000000000000000000000000000000000000000000000000000000000000000000000,8b01,8b01
GROUND,14,DOCKER,11,ea07051b050e3a440802000200bf0bd4000000370d03002f07010002000000000000000000193e05ff170015000000000000000000000000000000000000000000000000000000000000000000000000000000000000000000000000000000000000000000000000000000,9b98,9b98
GROUND,14,DOCKER,11,ea07051b050e3b3c0800000000b70bc90002003b0d00002e070600010000000000000000001a3e08ff170016000000000000000000000000000000000000000000000000000000000000000000000000000000000000000000000000000000000000000000000000000000,9146,9146
GROUND,14,DOCKER,11,ea07051b050f00400801000000bf0bd3000100340d00002b07020001000000000000000000243e36ff170016000000000000000000000000000000000000000000000000000000000000000000000000000000000000000000000000000000000000000000000000000000,2c88,2c88
GROUND,14,DOCKER,11,ea07051b050f01400801000200c20bd3000200400d00002707010002000000000000000000283e56ff170016000000000000000000000000000000000000000000000000000000000000000000000000000000000000000000000000000000000000000000000000000000,e101,e101
GROUND,14,DOCKER,11,ea07051b050f02480801000000b50bcb000300420d020027070600020000000000000000002b3e60ff170016000000000000000000000000000000000000000000000000000000000000000000000000000000000000000000000000000000000000000000000000000000,9a0d,9a0d
GROUND,14,DOCKER,11,ea07051b050f03430800000200b30bd30001004a0d000024070d00010000000000000000002b3e5fff170016000000000000000000000000000000000000000000000000000000000000000000000000000000000000000000000000000000000000000000000000000000,fb96,fb96
GROUND,14,DOCKER,11,ea07051b050f04400801000100bf0bca000000420d02002b070200020000000000000000001a3e0bff170015000000000000000000000000000000000000000000000000000000000000000000000000000000000000000000000000000000000000000000000000000000,cd55,cd55
GROUND,14,DOCKER,11,ea07051b050f053f0802000000b50bd50000003a0d00002307020001000000000000000000193e0cff170016000000000000000000000000000000000000000000000000000000000000000000000000000000000000000000000000000000000000000000000000000000,254f,254f
GROUND,14,DOCKER,11,ea07051b050f06380802000200b80bd2000100360d00002907030002000000000000000000183e06ff170015000000000000000000000000000000000000000000000000000000000000000000000000000000000000000000000000000000000000000000000000000000,f178,f178
GROUND,14,DOCKER,11,ea07051b050f073b0801000100bf0bd40002003d0d01002f07000002000000000000000000293e5bff170015000000000000000000000000000000000000000000000000000000000000000000000000000000000000000000000000000000000000000000000000000000,343f,343f
GROUND,14,DOCKER,11,ea07051b050f08470801000100c50bcd000100360d00002b07030001000000000000000000233e38ff170015000000000000000000000000000000000000000000000000000000000000000000000000000000000000000000000000000000000000000000000000000000,ff91,ff91
GROUND,14,DOCKER,11,ea07051b050f093e0801000100b80bd40002003f0d04002b07020002000000000000000000223e37ff170016000000000000000000000000000000000000000000000000000000000000000000000000000000000000000000000000000000000000000000000000000000,7c09,7c09
GROUND,14,DOCKER,11,ea07051b050f0a3c0801000100b10bca000000420d00002507020001000000000000000000283e5aff170016000000000000000000000000000000000000000000000000000000000000000000000000000000000000000000000000000000000000000000000000000000,e1fc,e1fc
GROUND,14,DOCKER,11,ea07051b050f0b4b0800000200b50bc2000100400d02002507080002000000000000000000283e5dff170017000000000000000000000000000000000000000000000000000000000000000000000000000000000000000000000000000000000000000000000000000000,cfb5,cfb5
GROUND,14,DOCKER,11,ea07051b050f0c430800000200c30bca0002003c0d02002a07020002000000000000000000283e56ff170016000000000000000000000000000000000000000000000000000000000000000000000000000000000000000000000000000000000000000000000000000000,6210,6210
GROUND,14,DOCKER,11,ea07051b050f0d420801000100b50bc30001003d0d00002a07030001000000000000000000293e5aff170016000000000000000000000000000000000000000000000000000000000000000000000000000000000000000000000000000000000000000000000000000000,07a1,07a1
GROUND,14,DOCKER,11,ea07051b050f0e3b0802000100b30bc90002004b0d01002c070100020000000000000000002a3e55ff170016000000000000000000000000000000000000000000000000000000000000000000000000000000000000000000000000000000000000000000000000000000,283a,283a
GROUND,14,DOCKER,11,ea07051b050f0f420802000200bf0bc80003003b0d01002b07050002000000000000000000283e59ff170015000000000000000000000000000000000000000000000000000000000000000000000000000000000000000000000000000000000000000000000000000000,1d81,1d81
GROUND,14,DOCKER,11,ea07051b050f10480801000100c60bc3000000400d01002607060002000000000000000000293e57ff170016000000000000000000000000000000000000000000000000000000000000000000000000000000000000000000000000000000000000000000000000000000,1e35,1e35
GROUND,14,DOCKER,11,ea07051b050f113f0801000200bf0bc5000100450d00002507010002000000000000000000273e49ff170016000000000000000000000000000000000000000000000000000000000000000000000000000000000000000000000000000000000000000000000000000000,b920,b920
GROUND,14,DOCKER,11,ea07051b050f12430802000400bf0bc1000100390d00002f07050001000000000000000000283e5aff170015000000000000000000000000000000000000000000000000000000000000000000000000000000000000000000000000000000000000000000000000000000,5e4b,5e4b
GROUND,14,DOCKER,11,ea07051b050f133f0800000000b80bc1000000480d03002507030002000000000000000000293e5aff170016000000000000000000000000000000000000000000000000000000000000000000000000000000000000000000000000000000000000000000000000000000,1f97,1f97
GROUND,14,DOCKER,11,ea07051b050f14460802000100b30bce0002004c0d02002607030002000000000000000000273e58ff170016000000000000000000000000000000000000000000000000000000000000000000000000000000000000000000000000000000000000000000000000000000,8774,8774
GROUND,14,DOCKER,11,ea07051b050f15460802000200b70bc3000000400d03002707020002000000000000000000283e5bff170016000000000000000000000000000000000000000000000000000000000000000000000000000000000000000000000000000000000000000000000000000000,b624,b624
GROUND,14,DOCKER,11,ea07051b050f16480800000000c60bc4000100370d00002707010002000000000000000000293e5dff170015000000000000000000000000000000000000000000000000000000000000000000000000000000000000000000000000000000000000000000000000000000,d930,d930
GROUND,14,DOCKER,11,ea07051b050f174c0800000000b30bc9000000370d02002607020002000000000000000000283e5cff170015000000000000000000000000000000000000000000000000000000000000000000000000000000000000000000000000000000000000000000000000000000,e753,e753
GROUND,14,DOCKER,11,ea07051b050f18410800000200ba0bcc000000400d00002707000001000000000000000000273e5bff170015000000000000000000000000000000000000000000000000000000000000000000000000000000000000000000000000000000000000000000000000000000,23c7,23c7
GROUND,14,DOCKER,11,ea07051b050f193b0800000200c00bbe000100490d00002c07030002000000000000000000243e5bff170016000000000000000000000000000000000000000000000000000000000000000000000000000000000000000000000000000000000000000000000000000000,47ab,47ab
GROUND,14,DOCKER,11,ea07051b050f1a3b0800000100bf0bca000000360d02002707020001000000000000000000243e50ff170015000000000000000000000000000000000000000000000000000000000000000000000000000000000000000000000000000000000000000000000000000000,b435,b435
GROUND,14,DOCKER,11,ea07051b050f1b4e0801000000b70bcc0002003d0d00002d07020002000000000000000000223e46ff170017000000000000000000000000000000000000000000000000000000000000000000000000000000000000000000000000000000000000000000000000000000,49ab,49ab
GROUND,14,DOCKER,11,ea07051b050f1c3f0802000100b70bbb0002003c0d03002b07010002000000000000000000223e46ff170016000000000000000000000000000000000000000000000000000000000000000000000000000000000000000000000000000000000000000000000000000000,6e57,6e57
GROUND,14,DOCKER,11,ea07051b0510243f0800000200b10bce000200480d000025070300020000000000000000002e3e61ff170015000000000000000000000000000000000000000000000000000000000000000000000000000000000000000000000000000000000000000000000000000000,9207,9207
GROUND,14,DOCKER,11,ea07051b051025450802000200b40bd10002003f0d000026070e00020000000000000000002b3e63ff170015000000000000000000000000000000000000000000000000000000000000000000000000000000000000000000000000000000000000000000000000000000,1888,1888
GROUND,14,DOCKER,11,ea07051b0510263c0801000000c00bd30001003f0d03002e070100010000000000000000002b3e5fff170015000000000000000000000000000000000000000000000000000000000000000000000000000000000000000000000000000000000000000000000000000000,4923,4923
GROUND,14,DOCKER,11,ea07051b051027490801000200c40bd2000000440d020025070600020000000000000000002b3e59ff170015000000000000000000000000000000000000000000000000000000000000000000000000000000000000000000000000000000000000000000000000000000,3698,3698
GROUND,14,DOCKER,11,ea07051b051028400801000000c40bd6000100360d00002c070200010000000000000000002a3e5eff170015000000000000000000000000000000000000000000000000000000000000000000000000000000000000000000000000000000000000000000000000000000,b6f8,b6f8
GROUND,14,DOCKER,11,ea07051b0510294b0802000000bf0bce0000003b0d00002b070200020000000000000000002a3e08ff170015000000000000000000000000000000000000000000000000000000000000000000000000000000000000000000000000000000000000000000000000000000,fc5b,fc5b
GROUND,14,DOCKER,11,ea07051b05102a3e0800000000b80bcd0002003a0d03002e07030003000000000000000000153e07ff170016000000000000000000000000000000000000000000000000000000000000000000000000000000000000000000000000000000000000000000000000000000,e7f6,e7f6
GROUND,14,DOCKER,11,ea07051b05102b450802000200c40bd80000003f0d03002807020001000000000000000000143e55ff170015000000000000000000000000000000000000000000000000000000000000000000000000000000000000000000000000000000000000000000000000000000,c864,c864
GROUND,14,DOCKER,11,ea07051b05102c400802000200b30bd4000200480d00002607010002000000000000000000283e5fff170016000000000000000000000000000000000000000000000000000000000000000000000000000000000000000000000000000000000000000000000000000000,d5cc,d5cc
GROUND,14,DOCKER,11,ea07051b05102d3c0801000200b80bd1000100480d02002807000002000000000000000000273e5eff170016000000000000000000000000000000000000000000000000000000000000000000000000000000000000000000000000000000000000000000000000000000,e9ce,e9ce
GROUND,14,DOCKER,11,ea07051b05102e3d0800000200b50bd00000004a0d00002807050003000000000000000000123e06ff170015000000000000000000000000000000000000000000000000000000000000000000000000000000000000000000000000000000000000000000000000000000,9c94,9c94
GROUND,14,DOCKER,11,ea07051b05102f3d0800000200bb0bd1000000380d01002707060001000000000000000000113e08ff170017000000000000000000000000000000000000000000000000000000000000000000000000000000000000000000000000000000000000000000000000000000,d205,d205
GROUND,14,DOCKER,11,ea07051b0510303f0801000100c00bcf000000440d02002407010001000000000000000000113e07ff170015000000000000000000000000000000000000000000000000000000000000000000000000000000000000000000000000000000000000000000000000000000,132c,132c
GROUND,14,DOCKER,11,ea07051b051031490801000000b60bcb000000370d00002f070300020000000000000000001c3e35ff170017000000000000000000000000000000000000000000000000000000000000000000000000000000000000000000000000000000000000000000000000000000,5c93,5c93
GROUND,14,DOCKER,11,ea07051b0510323c0801000000c00bd40000003f0d010030070300010000000000000000001d3e38ff170015000000000000000000000000000000000000000000000000000000000000000000000000000000000000000000000000000000000000000000000000000000,c4e4,c4e4
GROUND,14,DOCKER,11,ea07051b051033460801000100b80bd60002004b0d03002807010002000000000000000000243e5eff170016000000000000000000000000000000000000000000000000000000000000000000000000000000000000000000000000000000000000000000000000000000,8b63,8b63
GROUND,14,DOCKER,11,ea07051b0510343d0802000100b40bda000100350d01002907060002000000000000000000243e5bff170016000000000000000000000000000000000000000000000000000000000000000000000000000000000000000000000000000000000000000000000000000000,c49b,c49b
GROUND,14,DOCKER,11,ea07051b051035480801000100b60bd40001003a0d03002f070100020000000000000000000f3e07ff170016000000000000000000000000000000000000000000000000000000000000000000000000000000000000000000000000000000000000000000000000000000,fdea,fdea
GROUND,14,DOCKER,11,ea07051b051036470801000100b30bd70000003d0d00002d07010002000000000000000000103e07ff170016000000000000000000000000000000000000000000000000000000000000000000000000000000000000000000000000000000000000000000000000000000,2cda,2cda
GROUND,14,DOCKER,11,ea07051b051037400800000000b50bd8000300400d01002a070200020000000000000000000d3e02ff170015000000000000000000000000000000000000000000000000000000000000000000000000000000000000000000000000000000000000000000000000000000,aa6f,aa6f
GROUND,14,DOCKER,11,ea07051b0510383b0802000000c00bda000200390d020027070700010000000000000000001a3e33ff170017000000000000000000000000000000000000000000000000000000000000000000000000000000000000000000000000000000000000000000000000000000,e319,e319
GROUND,14,DOCKER,11,ea07051b051039400801000100b60bcf0001003c0d000027070600010000000000000000001e3e37ff170017000000000000000000000000000000000000000000000000000000000000000000000000000000000000000000000000000000000000000000000000000000,1098,1098
GROUND,14,DOCKER,11,ea07051b05103a3f0800000100bc0bd10000003d0d03002d07210002000000000000000000203e5cff170017000000000000000000000000000000000000000000000000000000000000000000000000000000000000000000000000000000000000000000000000000000,aa96,aa96
GROUND,14,DOCKER,11,ea07051b05103b460802000000c00bd2000100470d02002c07010002000000000000000000213e5eff170016000000000000000000000000000000000000000000000000000000000000000000000000000000000000000000000000000000000000000000000000000000,1458,1458
GROUND,14,DOCKER,11,ea07051b051100420801000000c60bd50002003b0d02002e070000010000000000000000000b3e09ff170017000000000000000000000000000000000000000000000000000000000000000000000000000000000000000000000000000000000000000000000000000000,50f7,50f7
GROUND,14,DOCKER,11,ea07051b051101490801000000b50bc8000200470d030030071000010000000000000000000c3e04ff170017000000000000000000000000000000000000000000000000000000000000000000000000000000000000000000000000000000000000000000000000000000,7a3a,7a3a
GROUND,14,DOCKER,11,ea07051b051102440802000100b00bd50002004a0d030026070100020000000000000000000d3e04ff170015000000000000000000000000000000000000000000000000000000000000000000000000000000000000000000000000000000000000000000000000000000,cb0f,cb0f
GROUND,14,DOCKER,11,ea07051b0511033f0801000100bf0bd30000003b0d02002e070100010000000000000000001f3e51ff170016000000000000000000000000000000000000000000000000000000000000000000000000000000000000000000000000000000000000000000000000000000,3d39,3d39
GROUND,14,DOCKER,11,ea07051b051104400801000100c00bd60001004d0d02002c07080002000000000000000000163e37ff170016000000000000000000000000000000000000000000000000000000000000000000000000000000000000000000000000000000000000000000000000000000,89d1,89d1
GROUND,14,DOCKER,11,ea07051b051105480802000100c70bd0000100470d02002a07010001000000000000000000173e37ff170017000000000000000000000000000000000000000000000000000000000000000000000000000000000000000000000000000000000000000000000000000000,b9fd,b9fd
GROUND,14,DOCKER,11,ea07051b0511063d0800000000bb0bce000200460d01002b07030002000000000000000000133e38ff170017000000000000000000000000000000000000000000000000000000000000000000000000000000000000000000000000000000000000000000000000000000,fff6,fff6
GROUND,14,DOCKER,11,ea07051b051107460800000000ba0bd0000100480d02002807020002000000000000000000013ee6fe170016000000000000000000000000000000000000000000000000000000000000000000000000000000000000000000000000000000000000000000000000000000,ed88,ed88
GROUND,14,DOCKER,11,ea07051b051108430802000000c20bc80002003f0d01002f07020001000000000000000000113e2efe170016000000000000000000000000000000000000000000000000000000000000000000000000000000000000000000000000000000000000000000000000000000,1453,1453
GROUND,14,DOCKER,11,ea07051b051109460801000000c10bc30002003b0d03002d071b00020000000000000000000f3ec5fe170015000000000000000000000000000000000000000000000000000000000000000000000000000000000000000000000000000000000000000000000000000000,5365,5365
GROUND,14,DOCKER,11,ea07051b05110a460800000100c00bc9000000440d02002707090002000000000000000000f13dd1fe170016000000000000000000000000000000000000000000000000000000000000000000000000000000000000000000000000000000000000000000000000000000,2984,2984
GROUND,14,DOCKER,11,ea07051b05110b410802000200b50bcc000200490d02002807030002000000000000000000e73d10ff170016000000000000000000000000000000000000000000000000000000000000000000000000000000000000000000000000000000000000000000000000000000,28cc,28cc
GROUND,14,DOCKER,11,ea07051b05110c3e0800000100c60bce000100370d00002e070100020000000000000000001e3e60ff170016000000000000000000000000000000000000000000000000000000000000000000000000000000000000000000000000000000000000000000000000000000,c960,c960
GROUND,14,DOCKER,11,ea07051b05110d450801000200c00bc6000200450d01002207f20002000000000000000000fa3deffe170016000000000000000000000000000000000000000000000000000000000000000000000000000000000000000000000000000000000000000000000000000000,26b0,26b0
GROUND,14,DOCKER,11,ea07051b05110e400801000100bf0bc20000003f0d03002807030002000000000000000000f03df8fe170016000000000000000000000000000000000000000000000000000000000000000000000000000000000000000000000000000000000000000000000000000000,8128,8128
GROUND,14,DOCKER,11,ea07051b05110f440801000000ba0bc7000200390d02002d07030002000000000000000000fd3d1cff170017000000000000000000000000000000000000000000000000000000000000000000000000000000000000000000000000000000000000000000000000000000,d5a1,d5a1
GROUND,14,DOCKER,11,ea07051b051110400801000100bb0bc40000003a0d02002b07020002000000000000000000073e2eff170017000000000000000000000000000000000000000000000000000000000000000000000000000000000000000000000000000000000000000000000000000000,ee58,ee58
GROUND,14,DOCKER,11,ea07051b051111400801000200b50bca0002003b0d03002907040002000000000000000000fe3d09ff170017000000000000000000000000000000000000000000000000000000000000000000000000000000000000000000000000000000000000000000000000000000,28b1,28b1
GROUND,14,DOCKER,11,ea07051b051112420802000000c20bd00001003b0d00002d07030002000000000000000000043e7ffe1700170000000000000000000000000000000000000000000000000000000000000000000000000000000000000000000000000000000000000000000000000000,007c,4d08
GROUND,14,DOCKER,11,ea07051b051113440801000200c00bca0002003a0d00002707050002000000000000000000f83dd8fe170016000000000000000000000000000000000000000000000000000000000000000000000000000000000000000000000000000000000000000000000000000000,ff8b,ff8b
GROUND,14,DOCKER,11,ea07051b0511143d0800000100b30bd00002003c0d02002b070d00010000000000000000000b3e2aff170016000000000000000000000000000000000000000000000000000000000000000000000000000000000000000000000000000000000000000000000000000000,04fc,04fc
GROUND,14,DOCKER,11,ea07051b051115400802000100bf0bc8000100450d00002a070300020000000000000000000a3e37ff170017000000000000000000000000000000000000000000000000000000000000000000000000000000000000000000000000000000000000000000000000000000,5915,5915
GROUND,14,DOCKER,11,ea07051b0511163f0801000000b70bd0000200400d00002507110001000000000000000000103e22ff170017000000000000000000000000000000000000000000000000000000000000000000000000000000000000000000000000000000000000000000000000000000,fda4,fda4
GROUND,14,DOCKER,11,ea07051b051117460800000100bc0bc00000003a0d01002c070300010000000000000000000f3e41ff170017000000000000000000000000000000000000000000000000000000000000000000000000000000000000000000000000000000000000000000000000000000,e8bd,e8bd
GROUND,14,DOCKER,11,ea07051b051118420801000000b50bc50002003d0d00002e070200020000000000000000000a3e03ff170017000000000000000000000000000000000000000000000000000000000000000000000000000000000000000000000000000000000000000000000000000000,0c72,0c72
GROUND,14,DOCKER,11,ea07051b051119410800000100c50bca000300360d03002a07030002000000000000000000143e54ff170016000000000000000000000000000000000000000000000000000000000000000000000000000000000000000000000000000000000000000000000000000000,a27a,a27a
GROUND,14,DOCKER,11,ea07051b05111a490803000200b20bc6000100480d00002407200002000000000000000000ec3d96fe170017000000000000000000000000000000000000000000000000000000000000000000000000000000000000000000000000000000000000000000000000000000,18d8,18d8
GROUND,14,DOCKER,11,ea07051b05111b3d0800000100b70bc6000000400d030026070100010000000000000000000e3e38ff170017000000000000000000000000000000000000000000000000000000000000000000000000000000000000000000000000000000000000000000000000000000,6342,6342
GROUND,14,DOCKER,11,ea07051b05111c480801000000ba0bc5000000450d02002907050002000000000000000000043e13ff170017000000000000000000000000000000000000000000000000000000000000000000000000000000000000000000000000000000000000000000000000000000,0ce9,0ce9
GROUND,14,DOCKER,11,ea07051b05111d430801000200b10bcc0000004b0d03002807020002000000000000000000e33db1fe170017000000000000000000000000000000000000000000000000000000000000000000000000000000000000000000000000000000000000000000000000000000,2a56,2a56
GROUND,14,DOCKER,11,ea07051b05111e490801000100b10bca000200470d00003007020002000000000000000000fc3d30ff170017000000000000000000000000000000000000000000000000000000000000000000000000000000000000000000000000000000000000000000000000000000,c85b,c85b
GROUND,14,DOCKER,11,ea07051b05111f430801000200b50bc80002003d0d00002d07010001000000000000000000eb3d96fe170017000000000000000000000000000000000000000000000000000000000000000000000000000000000000000000000000000000000000000000000000000000,da1b,da1b
GROUND,14,DOCKER,11,ea07051b051120430801000100bf0bc30001003c0d00002d07010002000000000000000000fe3d8dfe170016000000000000000000000000000000000000000000000000000000000000000000000000000000000000000000000000000000000000000000000000000000,6a6b,6a6b
GROUND,14,DOCKER,11,ea07051b0511213f0800000100c00bd00002003f0d01002d07040002000000000000000000a83dd0fd170016000000000000000000000000000000000000000000000000000000000000000000000000000000000000000000000000000000000000000000000000000000,7195,7195
GROUND,14,DOCKER,11,ea07051b051122400801000100b30bcc000200330d01002b07020001000000000000000000083e02ff170017000000000000000000000000000000000000000000000000000000000000000000000000000000000000000000000000000000000000000000000000000000,9457,9457
GROUND,14,DOCKER,11,ea07051b051123400801000200c30bca000000450d01002607010002000000000000000000fc3d0aff170016000000000000000000000000000000000000000000000000000000000000000000000000000000000000000000000000000000000000000000000000000000,bec3,bec3
GROUND,14,DOCKER,11,ea07051b051124490802000000b80bc10001004a0d01002507090002000000000000000000ff3d30ff170016000000000000000000000000000000000000000000000000000000000000000000000000000000000000000000000000000000000000000000000000000000,2f47,2f47
GROUND,14,DOCKER,11,ea07051b051125470801000100b60bcb000100470d03002a07000002000000000000000000d43de8fe170016000000000000000000000000000000000000000000000000000000000000000000000000000000000000000000000000000000000000000000000000000000,33fa,33fa
GROUND,14,DOCKER,11,ea07051b051126470802000000b50bc30001003a0d02002d070200020000000000000000000a3e2bff170018000000000000000000000000000000000000000000000000000000000000000000000000000000000000000000000000000000000000000000000000000000,8903,8903
GROUND,14,DOCKER,11,ea07051b051127440800000100bf0bcd0000003a0d020025070d0001000000000000000000043e1eff170017000000000000000000000000000000000000000000000000000000000000000000000000000000000000000000000000000000000000000000000000000000,42f3,42f3
GROUND,14,DOCKER,11,ea07051b051128440802000100b40bc1000000480d020028070300020000000000000000000b3e48ff170018000000000000000000000000000000000000000000000000000000000000000000000000000000000000000000000000000000000000000000000000000000,7739,7739
GROUND,14,DOCKER,11,ea07051b051129460801000200c40bcf0001003b0d00002a070a0002000000000000000000d73df3fd170017000000000000000000000000000000000000000000000000000000000000000000000000000000000000000000000000000000000000000000000000000000,9a4b,9a4b
GROUND,14,DOCKER,11,ea07051b05112a480802000200bf0bd2000100470d03003107050001000000000000000000d73df3fd170016000000000000000000000000000000000000000000000000000000000000000000000000000000000000000000000000000000000000000000000000000000,607f,607f
GROUND,14,DOCKER,11,ea07051b05112b400800000200bb0bd2000000400d00002707030001000000000000000000093e60ff170017000000000000000000000000000000000000000000000000000000000000000000000000000000000000000000000000000000000000000000000000000000,e694,e694
GROUND,14,DOCKER,11,ea07051b05112c400800000100b40bca000000380d02002707030001000000000000000000083e60ff170017000000000000000000000000000000000000000000000000000000000000000000000000000000000000000000000000000000000000000000000000000000,ef4b,ef4b
GROUND,14,DOCKER,11,ea07051b05112d480800000100b30bd7000000370d03002b07020002000000000000000000083e60ff170017000000000000000000000000000000000000000000000000000000000000000000000000000000000000000000000000000000000000000000000000000000,3f33,3f33
GROUND,14,DOCKER,11,ea07051b05112e410802000100b50bd3000200480d02002707000002000000000000000000093e5eff170017000000000000000000000000000000000000000000000000000000000000000000000000000000000000000000000000000000000000000000000000000000,88db,88db
GROUND,14,DOCKER,11,ea07051b05112f4a0802000100b50bd5000100440d02002607020001000000000000000000093e5eff170018000000000000000000000000000000000000000000000000000000000000000000000000000000000000000000000000000000000000000000000000000000,5119,5119
GROUND,14,DOCKER,11,ea07051b051130450801000100bf0bdb000100360d01002607010001000000000000000000ee3d09ff170017000000000000000000000000000000000000000000000000000000000000000000000000000000000000000000000000000000000000000000000000000000,e1d9,e1d9
GROUND,14,DOCKER,11,ea07051b051131430800000000b70bcf000200440d00002b070300010000000000000000000a3e5dff170017000000000000000000000000000000000000000000000000000000000000000000000000000000000000000000000000000000000000000000000000000000,4f30,4f30
GROUND,14,DOCKER,11,ea07051b051132490802000000b20bd40001004f0d020028070400020000000000000000000a3e5dff170017000000000000000000000000000000000000000000000000000000000000000000000000000000000000000000000000000000000000000000000000000000,37a3,37a3
GROUND,14,DOCKER,11,ea07051b0511333f0801000000b20bd8000200400d01002407020002000000000000000000083e5dff170018000000000000000000000000000000000000000000000000000000000000000000000000000000000000000000000000000000000000000000000000000000,e0a8,e0a8
GROUND,14,DOCKER,11,ea07051b051134470802000000b10bd8000200380d01002f07030002000000000000000000ed3d0cff170018000000000000000000000000000000000000000000000000000000000000000000000000000000000000000000000000000000000000000000000000000000,0850,0850
GROUND,14,DOCKER,11,ea07051b051135460801000200bc0bd30001003e0d03002c07030002000000000000000000ef3d03ff170017000000000000000000000000000000000000000000000000000000000000000000000000000000000000000000000000000000000000000000000000000000,492f,492f
GROUND,14,DOCKER,11,ea07051b0511363f0801000100bc0bca0002003a0d00002d071d0002000000000000000000ef3d04ff170017000000000000000000000000000000000000000000000000000000000000000000000000000000000000000000000000000000000000000000000000000000,572e,572e
GROUND,14,DOCKER,11,ea07051b051137480802000200b30bcd000200400d00002407080002000000000000000000083e3eff170018000000000000000000000000000000000000000000000000000000000000000000000000000000000000000000000000000000000000000000000000000000,971e,971e
GROUND,14,DOCKER,11,ea07051b05132f470801000000b50bce000000410d02002507040002000000000000000000233e61ff170017000000000000000000000000000000000000000000000000000000000000000000000000000000000000000000000000000000000000000000000000000000,a6c8,a6c8
GROUND,14,DOCKER,11,ea07051b051330440801000000bf0bcb0000003f0d02003007020002000000000000000000223e62ff170015000000000000000000000000000000000000000000000000000000000000000000000000000000000000000000000000000000000000000000000000000000,9352,9352
GROUND,14,DOCKER,11,ea07051b051331420801000100bb0bcd000100350d00002d07040002000000000000000000203e5dff170017000000000000000000000000000000000000000000000000000000000000000000000000000000000000000000000000000000000000000000000000000000,6d86,6d86
GROUND,14,DOCKER,11,ea07051b051332430801000100bd0bd8000200400d02002507010002000000000000000000233e59ff170016000000000000000000000000000000000000000000000000000000000000000000000000000000000000000000000000000000000000000000000000000000,9aa4,9aa4
GROUND,14,DOCKER,11,ea07051b051333480802000200b30bd0000000400d02002207040002000000000000000000223e5dff170017000000000000000000000000000000000000000000000000000000000000000000000000000000000000000000000000000000000000000000000000000000,78c6,78c6
GROUND,14,DOCKER,11,ea07051b051334410800000100bf0bd70000003d0d03002e070300020000000000000000001e3e09ff170016000000000000000000000000000000000000000000000000000000000000000000000000000000000000000000000000000000000000000000000000000000,1115,1115
GROUND,14,DOCKER,11,ea07051b051335430801000200c00bd5000200480d010027070600020000000000000000000b3e07ff170016000000000000000000000000000000000000000000000000000000000000000000000000000000000000000000000000000000000000000000000000000000,513f,513f
GROUND,14,DOCKER,11,ea07051b0513363f0800000200b40bcc000100470d010029070300020000000000000000000a3e4fff170016000000000000000000000000000000000000000000000000000000000000000000000000000000000000000000000000000000000000000000000000000000,911f,911f
GROUND,14,DOCKER,11,ea07051b051337450801000100c00bc30000003d0d03002e070200010000000000000000001e3e5fff170015000000000000000000000000000000000000000000000000000000000000000000000000000000000000000000000000000000000000000000000000000000,0482,0482
GROUND,14,DOCKER,11,ea07051b0513383d0800000100ba0bd50002003f0d030030070400020000000000000000001e3e5dff170016000000000000000000000000000000000000000000000000000000000000000000000000000000000000000000000000000000000000000000000000000000,4fbb,4fbb
GROUND,14,DOCKER,11,ea07051b051339480800000100c30bd40002003a0d040029070400020000000000000000000a3e05ff170016000000000000000000000000000000000000000000000000000000000000000000000000000000000000000000000000000000000000000000000000000000,0a00,0a00
GROUND,14,DOCKER,11,ea07051b05133a420801000200b30bce000200380d01002b07040001000000000000000000073e09ff170016000000000000000000000000000000000000000000000000000000000000000000000000000000000000000000000000000000000000000000000000000000,63b2,63b2
GROUND,14,DOCKER,11,ea07051b05133b3c0800000200b70bd60002003c0d01002b07020002000000000000000000073e06ff170017000000000000000000000000000000000000000000000000000000000000000000000000000000000000000000000000000000000000000000000000000000,d5bb,d5bb
GROUND,14,DOCKER,11,ea07051b0514004a0801000000c30bd00000003d0d02002d07030002000000000000000000123e35ff170016000000000000000000000000000000000000000000000000000000000000000000000000000000000000000000000000000000000000000000000000000000,5b5f,5b5f
GROUND,14,DOCKER,11,ea07051b051401480801000200b10bd00003003f0d02002607030002000000000000000000123e38ff170018000000000000000000000000000000000000000000000000000000000000000000000000000000000000000000000000000000000000000000000000000000,87f5,87f5
GROUND,14,DOCKER,11,ea07051b051402430801000000ba0bda0001003b0d01002a070200010000000000000000001c3e5eff170016000000000000000000000000000000000000000000000000000000000000000000000000000000000000000000000000000000000000000000000000000000,1d96,1d96
GROUND,14,DOCKER,11,ea07051b051403450800000100bf0bd5000000390d01002e071400020000000000000000001a3e5aff170017000000000000000000000000000000000000000000000000000000000000000000000000000000000000000000000000000000000000000000000000000000,cbdb,cbdb
GROUND,14,DOCKER,11,ea07051b051404430801000000bd0bcf0001003b0d02002c07030002000000000000000000063e06ff170017000000000000000000000000000000000000000000000000000000000000000000000000000000000000000000000000000000000000000000000000000000,110a,110a
GROUND,14,DOCKER,11,ea07051b051405440801000000bf0bd90001004f0d03002807040002000000000000000000063e07ff170017000000000000000000000000000000000000000000000000000000000000000000000000000000000000000000000000000000000000000000000000000000,a6a5,a6a5
GROUND,14,DOCKER,11,ea07051b051406400800000200b00bd6000100470d010030071c0001000000000000000000023e01ff170016000000000000000000000000000000000000000000000000000000000000000000000000000000000000000000000000000000000000000000000000000000,164e,164e
GROUND,14,DOCKER,11,ea07051b051407480802000000c00bcf000100460d000025070300010000000000000000000f3e33ff170016000000000000000000000000000000000000000000000000000000000000000000000000000000000000000000000000000000000000000000000000000000,25d7,25d7
GROUND,14,DOCKER,11,ea07051b051408490801000000bf0bd30002003a0d01002307030001000000000000000000153e35ff170017000000000000000000000000000000000000000000000000000000000000000000000000000000000000000000000000000000000000000000000000000000,ee3f,ee3f
GROUND,14,DOCKER,11,ea07051b051409420801000200bf0bd70002003c0d01002b07010002000000000000000000173e5bff170018000000000000000000000000000000000000000000000000000000000000000000000000000000000000000000000000000000000000000000000000000000,ecc7,ecc7
GROUND,14,DOCKER,11,ea07051b05140a3d0801000000b00bd2000200450d02002707010002000000000000000000163e5dff170018000000000000000000000000000000000000000000000000000000000000000000000000000000000000000000000000000000000000000000000000000000,bbaa,bbaa
GROUND,14,DOCKER,11,ea07051b05140b450801000200b80bd30002003f0d00002c07030002000000000000000000043e07ff170016000000000000000000000000000000000000000000000000000000000000000000000000000000000000000000000000000000000000000000000000000000,13dd,13dd
GROUND,14,DOCKER,11,ea07051b05140c450800000100b80bd90000004a0d00002607030002000000000000000000043e03ff170017000000000000000000000000000000000000000000000000000000000000000000000000000000000000000000000000000000000000000000000000000000,a562,a562
GROUND,14,DOCKER,11,ea07051b05140d480800000000c00bd20000003f0d02002c07120002000000000000000000023e03ff170017000000000000000000000000000000000000000000000000000000000000000000000000000000000000000000000000000000000000000000000000000000,87a4,87a4
GROUND,14,DOCKER,11,ea07051b05140e3e0800000200bf0bd20002003a0d00002707010001000000000000000000153e51ff170017000000000000000000000000000000000000000000000000000000000000000000000000000000000000000000000000000000000000000000000000000000,065e,065e
GROUND,14,DOCKER,11,ea07051b05140f4a0800000000b30bd4000100490d010026070200020000000000000000000c3e36ff170017000000000000000000000000000000000000000000000000000000000000000000000000000000000000000000000000000000000000000000000000000000,1406,1406
GROUND,14,DOCKER,11,ea07051b051410430800000100bf0bd5000300360d00002707030002000000000000000000163e35ff170016000000000000000000000000000000000000000000000000000000000000000000000000000000000000000000000000000000000000000000000000000000,7b5f,7b5f
GROUND,14,DOCKER,11,ea07051b0514113f0801000000c00bc7000200400d020025071d00010000000000000000000e3e62ff170017000000000000000000000000000000000000000000000000000000000000000000000000000000000000000000000000000000000000000000000000000000,ca54,ca54
GROUND,14,DOCKER,11,ea07051b051412490802000000b60bc90001003d0d020022070400020000000000000000000e3e2fff170018000000000000000000000000000000000000000000000000000000000000000000000000000000000000000000000000000000000000000000000000000000,f22f,f22f
GROUND,14,DOCKER,11,ea07051b051413440800000200bf0bce000100380d02002e07010002000000000000000000063e3eff170016000000000000000000000000000000000000000000000000000000000000000000000000000000000000000000000000000000000000000000000000000000,fe6a,fe6a
GROUND,14,DOCKER,11,ea07051b051414420801000000bc0bcb0000003a0d02002b07020001000000000000000000073eb0fe170017000000000000000000000000000000000000000000000000000000000000000000000000000000000000000000000000000000000000000000000000000000,5bb2,5bb2
GROUND,14,DOCKER,11,ea07051b051415460801000200b30bca0001003c0d01002907000001000000000000000000c73da4fe170018000000000000000000000000000000000000000000000000000000000000000000000000000000000000000000000000000000000000000000000000000000,1dc6,1dc6
GROUND,14,DOCKER,11,ea07051b0514163c0801000200b70bc4000000470d02002907020002000000000000000000023e82fe170016000000000000000000000000000000000000000000000000000000000000000000000000000000000000000000000000000000000000000000000000000000,9172,9172
GROUND,14,DOCKER,11,ea07051b0514173f0802000200b20bc3000100400d010027070c0002000000000000000000dc3d61ff170017000000000000000000000000000000000000000000000000000000000000000000000000000000000000000000000000000000000000000000000000000000,16f2,16f2
GROUND,14,DOCKER,11,ea07051b0514183d0800000000c70bc80000003b0d03002b070100010000000000000000000b3ebffe170016000000000000000000000000000000000000000000000000000000000000000000000000000000000000000000000000000000000000000000000000000000,002e,002e
GROUND,14,DOCKER,11,ea07051b051419400801000200c00bd00001003f0d04002c070e0002000000000000000000dd3d15ff170016000000000000000000000000000000000000000000000000000000000000000000000000000000000000000000000000000000000000000000000000000000,2be8,2be8
GROUND,14,DOCKER,11,ea07051b05141a460802000000b20bc60000003f0d03002807030002000000000000000000ea3ddbfe170018000000000000000000000000000000000000000000000000000000000000000000000000000000000000000000000000000000000000000000000000000000,dbca,dbca
GROUND,14,DOCKER,11,ea07051b05141b3f0800000000bb0bca000000440d02002407040002000000000000000000e53d9bfe170018000000000000000000000000000000000000000000000000000000000000000000000000000000000000000000000000000000000000000000000000000000,e375,e375
GROUND,14,DOCKER,11,ea07051b05141c3f0800000000b10bcc000200480d00002807010001000000000000000000003e94fe170018000000000000000000000000000000000000000000000000000000000000000000000000000000000000000000000000000000000000000000000000000000,67b3,67b3
GROUND,14,DOCKER,11,ea07051b05141d4a0802000000b20bca000000470d00002907110002000000000000000000fc3d40ff170017000000000000000000000000000000000000000000000000000000000000000000000000000000000000000000000000000000000000000000000000000000,20e4,20e4
GROUND,14,DOCKER,11,ea07051b05141e4b0802000000c40bcc0002003f0d03002e07020002000000000000000000d53d35ff180018000000000000000000000000000000000000000000000000000000000000000000000000000000000000000000000000000000000000000000000000000000,414b,414b
GROUND,14,DOCKER,11,ea07051b05141f450802000000b80bc80000003d0d01002d07020002000000000000000000f43dbffe180017000000000000000000000000000000000000000000000000000000000000000000000000000000000000000000000000000000000000000000000000000000,e974,e974
GROUND,14,DOCKER,11,ea07051b051420470801000100b10bcf000000400d01002b07030002000000000000000000013e62ff180018000000000000000000000000000000000000000000000000000000000000000000000000000000000000000000000000000000000000000000000000000000,99e7,99e7
GROUND,14,DOCKER,11,ea07051b0514213d0801000100b30bce0000003f0d00002907030002000000000000000000bc3d3bff170018000000000000000000000000000000000000000000000000000000000000000000000000000000000000000000000000000000000000000000000000000000,1917,1917
GROUND,14,DOCKER,11,ea07051b051422400800000000c20bc40000003d0d03002c07070002000000000000000000f13d5bff180017000000000000000000000000000000000000000000000000000000000000000000000000000000000000000000000000000000000000000000000000000000,92fc,92fc
GROUND,14,DOCKER,11,ea07051b051529420800000200bb0bd0000000400d020026070400010000000000000000001e3e61ff170016000000000000000000000000000000000000000000000000000000000000000000000000000000000000000000000000000000000000000000000000000000,3a3d,3a3d
GROUND,14,DOCKER,11,ea07051b05152a450801000000c00bce0002004a0d02002c070200040000000000000000001c3e64ff170017000000000000000000000000000000000000000000000000000000000000000000000000000000000000000000000000000000000000000000000000000000,d7fd,d7fd
GROUND,14,DOCKER,11,ea07051b05152b460800000200bc0bcc0000003f0d020030070200020000000000000000001a3e5eff170017000000000000000000000000000000000000000000000000000000000000000000000000000000000000000000000000000000000000000000000000000000,a1a6,a1a6
GROUND,14,DOCKER,11,ea07051b05152c3e0800000200b80bd5000000440d020027070300020000000000000000001b3e58ff170017000000000000000000000000000000000000000000000000000000000000000000000000000000000000000000000000000000000000000000000000000000,35f3,35f3
GROUND,14,DOCKER,11,ea07051b05152d400802000200bb0bcc000200440d00002507050002000000000000000000193e5dff170017000000000000000000000000000000000000000000000000000000000000000000000000000000000000000000000000000000000000000000000000000000,ca3b,ca3b
GROUND,14,DOCKER,11,ea07051b05152e440800000200b50bd6000100480d00002607010002000000000000000000183e09ff170018000000000000000000000000000000000000000000000000000000000000000000000000000000000000000000000000000000000000000000000000000000,7997,7997
GROUND,14,DOCKER,11,ea07051b05152f400802000000c40bd5000200400d00002307190002000000000000000000043e07ff170016000000000000000000000000000000000000000000000000000000000000000000000000000000000000000000000000000000000000000000000000000000,2694,2694
GROUND,14,DOCKER,11,ea07051b051530400801000200c40bd5000200420d02002707030002000000000000000000053e4eff170017000000000000000000000000000000000000000000000000000000000000000000000000000000000000000000000000000000000000000000000000000000,fe2e,fe2e
GROUND,14,DOCKER,11,ea07051b051531440802000000bf0bd60003003a0d00002c07030001000000000000000000173e5fff180017000000000000000000000000000000000000000000000000000000000000000000000000000000000000000000000000000000000000000000000000000000,b03c,b03c
GROUND,14,DOCKER,11,ea07051b0515323c0800000100bf0bd0000000400d01002707010001000000000000000000163e5dff180016000000000000000000000000000000000000000000000000000000000000000000000000000000000000000000000000000000000000000000000000000000,4b1e,4b1e
GROUND,14,DOCKER,11,ea07051b0515333b0801000100c20be0000100440d00002507030002000000000000000000023e05ff180017000000000000000000000000000000000000000000000000000000000000000000000000000000000000000000000000000000000000000000000000000000,f4c8,f4c8
GROUND,14,DOCKER,11,ea07051b051534430800000100b30bd0000200400d01002607030001000000000000000000033e08ff180017000000000000000000000000000000000000000000000000000000000000000000000000000000000000000000000000000000000000000000000000000000,d217,d217
GROUND,14,DOCKER,11,ea07051b0515353e0801000000b70bd30002003a0d00002c07010002000000000000000000003e06ff180016000000000000000000000000000000000000000000000000000000000000000000000000000000000000000000000000000000000000000000000000000000,06df,06df
GROUND,14,DOCKER,11,ea07051b051536480800000100b20bd10002003d0d000031070200020000000000000000000a3e36ff180018000000000000000000000000000000000000000000000000000000000000000000000000000000000000000000000000000000000000000000000000000000,6549,6549
GROUND,14,DOCKER,11,ea07051b0515373f0800000200b50bd4000200400d030027070400020000000000000000000b3e39ff180017000000000000000000000000000000000000000000000000000000000000000000000000000000000000000000000000000000000000000000000000000000,1c7b,1c7b
GROUND,14,DOCKER,11,ea07051b051538460802000100c00bd80002003f0d02002a07170002000000000000000000123e5dff180017000000000000000000000000000000000000000000000000000000000000000000000000000000000000000000000000000000000000000000000000000000,c294,c294
GROUND,14,DOCKER,11,ea07051b0515393d0801000200b50bd1000000440d04002407030002000000000000000000123e5aff180018000000000000000000000000000000000000000000000000000000000000000000000000000000000000000000000000000000000000000000000000000000,b223,b223
GROUND,14,DOCKER,11,ea07051b05153a3c0801000200c50bd0000000440d020027070e0002000000000000000000ff3d06ff180016000000000000000000000000000000000000000000000000000000000000000000000000000000000000000000000000000000000000000000000000000000,835d,835d
GROUND,14,DOCKER,11,ea07051b05153b4a0802000100c00bd4000200480d02002607010003000000000000000000fe3d08ff180018000000000000000000000000000000000000000000000000000000000000000000000000000000000000000000000000000000000000000000000000000000,eca0,eca0
GROUND,14,DOCKER,11,ea07051b0516003a0801000200bd0bd4000000390d02002d07020001000000000000000000fe3d03ff180017000000000000000000000000000000000000000000000000000000000000000000000000000000000000000000000000000000000000000000000000000000,95ad,95ad
GROUND,14,DOCKER,11,ea07051b051601450801000000b20bcb000000380d03002907040002000000000000000000083e33ff180018000000000000000000000000000000000000000000000000000000000000000000000000000000000000000000000000000000000000000000000000000000,bf2a,bf2a
GROUND,14,DOCKER,11,ea07051b051602400800000200b70bd1000200380d040027070200010000000000000000000e3e38ff180016000000000000000000000000000000000000000000000000000000000000000000000000000000000000000000000000000000000000000000000000000000,a8a2,a8a2
GROUND,14,DOCKER,11,ea07051b051603470801000000b70bd9000200430d02002607020002000000000000000000103e5cff180016000000000000000000000000000000000000000000000000000000000000000000000000000000000000000000000000000000000000000000000000000000,2aa0,2aa0
GROUND,14,DOCKER,11,ea07051b051604490801000000c50bd80000003b0d03003307040002000000000000000000103e5fff180017000000000000000000000000000000000000000000000000000000000000000000000000000000000000000000000000000000000000000000000000000000,a7f1,a7f1
GROUND,14,DOCKER,11,ea07051b051605400801000200bc0bd20002003b0d02002f07060002000000000000000000fe3d09ff180017000000000000000000000000000000000000000000000000000000000000000000000000000000000000000000000000000000000000000000000000000000,56c7,56c7
GROUND,14,DOCKER,11,ea07051b0516063f0802000000c00bd20001003d0d03002907010002000000000000000000fd3d06ff180017000000000000000000000000000000000000000000000000000000000000000000000000000000000000000000000000000000000000000000000000000000,38d3,38d3
GROUND,14,DOCKER,11,ea07051b051607400800000100b40bd8000100400d00002507010001000000000000000000fd3d04ff180018000000000000000000000000000000000000000000000000000000000000000000000000000000000000000000000000000000000000000000000000000000,0019,0019
GROUND,14,DOCKER,11,ea07051b051608400800000100bc0bd5000200400d000027070200020000000000000000000f3e53ff180018000000000000000000000000000000000000000000000000000000000000000000000000000000000000000000000000000000000000000000000000000000,a740,a740
GROUND,14,DOCKER,11,ea07051b0516093b0800000100b40bcc000300450d01002507130001000000000000000000053e37ff180017000000000000000000000000000000000000000000000000000000000000000000000000000000000000000000000000000000000000000000000000000000,7a41,7a41
GROUND,14,DOCKER,11,ea07051b05160a470802000100af0bd7000200400d01002507030002000000000000000000073e35ff180017000000000000000000000000000000000000000000000000000000000000000000000000000000000000000000000000000000000000000000000000000000,c833,c833
GROUND,14,DOCKER,11,ea07051b05160b470800000200b20bc5000300480d02002807030002000000000000000000043e2dff180017000000000000000000000000000000000000000000000000000000000000000000000000000000000000000000000000000000000000000000000000000000,9571,9571
GROUND,14,DOCKER,11,ea07051b05160c400801000100c00bc5000100350d02002f07030001000000000000000000f33d12fe180017000000000000000000000000000000000000000000000000000000000000000000000000000000000000000000000000000000000000000000000000000000,5484,5484
GROUND,14,DOCKER,11,ea07051b05160d470801000100bb0bbf000100400d00002907030002000000000000000000d03d36fe180017000000000000000000000000000000000000000000000000000000000000000000000000000000000000000000000000000000000000000000000000000000,f079,f079
GROUND,14,DOCKER,11,ea07051b05160e470801000200b40bc7000000430d01002407000001000000000000000000d33dd2fe180017000000000000000000000000000000000000000000000000000000000000000000000000000000000000000000000000000000000000000000000000000000,f1b0,f1b0
GROUND,14,DOCKER,11,ea07051b05160f430801000000b60bc40001003e0d00002a07020002000000000000000000e43d0efe180017000000000000000000000000000000000000000000000000000000000000000000000000000000000000000000000000000000000000000000000000000000,e5e9,e5e9
GROUND,14,DOCKER,11,ea07051b051610480802000100c20bcd000100390d02002d07010002000000000000000000ee3dc6fe180019000000000000000000000000000000000000000000000000000000000000000000000000000000000000000000000000000000000000000000000000000000,2c83,2c83
GROUND,14,DOCKER,11,ea07051b051611430802000200b70bc00002003b0d02003107020002000000000000000000e33db5fd180017000000000000000000000000000000000000000000000000000000000000000000000000000000000000000000000000000000000000000000000000000000,75bb,75bb
GROUND,14,DOCKER,11,ea07051b051612400800000000b80bc80001003f0d03002f07010001000000000000000000b73d04ff180017000000000000000000000000000000000000000000000000000000000000000000000000000000000000000000000000000000000000000000000000000000,e54c,e54c
GROUND,14,DOCKER,11,ea07051b051613420800000200b30bd00000004c0d00002807030002000000000000000000e53d55fe180017000000000000000000000000000000000000000000000000000000000000000000000000000000000000000000000000000000000000000000000000000000,eabb,eabb
GROUND,14,DOCKER,11,ea07051b0516143f0800000000b70bc6000000480d02002807020002000000000000000000c13d0bff180017000000000000000000000000000000000000000000000000000000000000000000000000000000000000000000000000000000000000000000000000000000,85ae,85ae
GROUND,14,DOCKER,11,ea07051b0516153c0802000200af0bc80002003f0d03003007040001000000000000000000f13decfe180019000000000000000000000000000000000000000000000000000000000000000000000000000000000000000000000000000000000000000000000000000000,6b0d,6b0d
GROUND,14,DOCKER,11,ea07051b051616420802000000b40bc6000100400d02002b07060002000000000000000000e03d17fe180018000000000000000000000000000000000000000000000000000000000000000000000000000000000000000000000000000000000000000000000000000000,4d1c,4d1c
GROUND,14,DOCKER,11,ea07051b051617470801000100bd0bc60002003b0d03002b07020001000000000000000000e43ddafe180017000000000000000000000000000000000000000000000000000000000000000000000000000000000000000000000000000000000000000000000000000000,2d54,2d54
GROUND,14,DOCKER,11,ea07051b0516183f0801000200bc0bca000000380d01002b07010001000000000000000000f13dedfe180017000000000000000000000000000000000000000000000000000000000000000000000000000000000000000000000000000000000000000000000000000000,e239,e239
GROUND,14,DOCKER,11,ea07051b051619400802000100b20bbe0000003f0d02002607020002000000000000000000023e21ff180017000000000000000000000000000000000000000000000000000000000000000000000000000000000000000000000000000000000000000000000000000000,071c,071c
GROUND,14,DOCKER,11,ea07051b05161a3d0801000200bf0bc00001003f0d02002607030002000000000000000000f63d05ff180018000000000000000000000000000000000000000000000000000000000000000000000000000000000000000000000000000000000000000000000000000000,41dd,41dd
GROUND,14,DOCKER,11,ea07051b05161b470800000000b80bc8000200460d01002807010002000000000000000000cc3dfbfd180018000000000000000000000000000000000000000000000000000000000000000000000000000000000000000000000000000000000000000000000000000000,5949,5949
GROUND,14,DOCKER,11,ea07051b05161c420801000000b50bc70002003b0d02002d07120001000000000000000000c43dc9fe180017000000000000000000000000000000000000000000000000000000000000000000000000000000000000000000000000000000000000000000000000000000,7d0e,7d0e
GROUND,14,DOCKER,11,ea07051b05161d400801000200bf0bca0002004b0d02002507030001000000000000000000d23dc4fd180018000000000000000000000000000000000000000000000000000000000000000000000000000000000000000000000000000000000000000000000000000000,2eb3,2eb3
GROUND,14,DOCKER,11,ea07051b05161e3f0800000100c20bd0000200380d03002d07020001000000000000000000c33deefe180018000000000000000000000000000000000000000000000000000000000000000000000000000000000000000000000000000000000000000000000000000000,6dcc,6dcc
GROUND,14,DOCKER,11,ea07051b05161f460800000100ba0bc2000100440d00002407010001000000000000000000d73da8fe180018000000000000000000000000000000000000000000000000000000000000000000000000000000000000000000000000000000000000000000000000000000,3824,3824
GROUND,14,DOCKER,11,ea07051b051620430803000200c00bcc000200480d03002407020001000000000000000000ce3de2fe180018000000000000000000000000000000000000000000000000000000000000000000000000000000000000000000000000000000000000000000000000000000,4419,4419
GROUND,14,DOCKER,11,ea07051b051621490801000200b60bc8000200410d03002b070c0002000000000000000000d53dd6fe180018000000000000000000000000000000000000000000000000000000000000000000000000000000000000000000000000000000000000000000000000000000,c9a4,c9a4
GROUND,14,DOCKER,11,ea07051b051622400802000200b70bcd000000350d02002707010002000000000000000000e03dc2fe180017000000000000000000000000000000000000000000000000000000000000000000000000000000000000000000000000000000000000000000000000000000,0d56,0d56
GROUND,14,DOCKER,11,ea07051b0516233f0802000200bf0bd1000000390d03002b07010001000000000000000000bb3de3fe180018000000000000000000000000000000000000000000000000000000000000000000000000000000000000000000000000000000000000000000000000000000,2846,2846
GROUND,14,DOCKER,11,ea07051b0516243c0801000100b70bd10000003d0d02003107040002000000000000000000e03dfafe180018000000000000000000000000000000000000000000000000000000000000000000000000000000000000000000000000000000000000000000000000000000,6b0b,6b0b
GROUND,14,DOCKER,11,ea07051b051625420800000100b70bca000100400d01002507030002000000000000000000f73d58fe180018000000000000000000000000000000000000000000000000000000000000000000000000000000000000000000000000000000000000000000000000000000,b32e,b32e
GROUND,14,DOCKER,11,ea07051b0516263f0801000200c00bcd0002003b0d030030070c0001000000000000000000cd3ddbfe180017000000000000000000000000000000000000000000000000000000000000000000000000000000000000000000000000000000000000000000000000000000,bc52,bc52
GROUND,14,DOCKER,11,ea07051b051627440801000100c00bc1000200450d00002507060002000000000000000000c13d84fe180017000000000000000000000000000000000000000000000000000000000000000000000000000000000000000000000000000000000000000000000000000000,0f09,0f09
GROUND,14,DOCKER,11,ea07051b051628400802000100bb0bc30001003f0d02002a07020001000000000000000000ea3d39fe180018000000000000000000000000000000000000000000000000000000000000000000000000000000000000000000000000000000000000000000000000000000,fcba,fcba
GROUND,14,DOCKER,11,ea07051b051629480800000200b80bc50002004a0d01002507030003000000000000000000d73d9efe180018000000000000000000000000000000000000000000000000000000000000000000000000000000000000000000000000000000000000000000000000000000,3a4f,3a4f
GROUND,14,DOCKER,11,ea07051b05162a400800000100c20bcd000200380d00002e07020003000000000000000000b43dcffe180017000000000000000000000000000000000000000000000000000000000000000000000000000000000000000000000000000000000000000000000000000000,e07c,e07c
GROUND,14,DOCKER,11,ea07051b05162b400801000200b90bc0000200400d02002407020002000000000000000000ae3dcafe180018000000000000000000000000000000000000000000000000000000000000000000000000000000000000000000000000000000000000000000000000000000,eac4,eac4
GROUND,14,DOCKER,11,ea07051b05162c480801000100b20bcb0000004d0d01002a07020002000000000000000000aa3df3fe180019000000000000000000000000000000000000000000000000000000000000000000000000000000000000000000000000000000000000000000000000000000,9d63,9d63
GROUND,14,DOCKER,11,ea07051b05162d400801000200bf0bc60003003a0d02002707030002000000000000000000cd3da1fe180018000000000000000000000000000000000000000000000000000000000000000000000000000000000000000000000000000000000000000000000000000000,5fe1,5fe1
GROUND,14,DOCKER,11,ea07051b05162e460802000200bb0bcb000200420d00002b07030001000000000000000000d53d1dfe180018000000000000000000000000000000000000000000000000000000000000000000000000000000000000000000000000000000000000000000000000000000,2c4e,2c4e
GROUND,14,DOCKER,11,ea07051b05162f450802000200b90bbf000200390d020031070b0002000000000000000000d53d1dfe180018000000000000000000000000000000000000000000000000000000000000000000000000000000000000000000000000000000000000000000000000000000,e24b,e24b
GROUND,14,DOCKER,11,ea07051b0516303f0801000100bb0bd1000100410d02002707010002000000000000000000d93de1fe180019000000000000000000000000000000000000000000000000000000000000000000000000000000000000000000000000000000000000000000000000000000,45fb,45fb
GROUND,14,DOCKER,11,ea07051b0516313c0800000200bf0bc9000200400d02002b07020002000000000000000000bc3daffe180018000000000000000000000000000000000000000000000000000000000000000000000000000000000000000000000000000000000000000000000000000000,1509,1509
GROUND,14,DOCKER,11,ea07051b051632440802000100c00bcc000200400d00002a071d0002000000000000000000bc3daffe180019000000000000000000000000000000000000000000000000000000000000000000000000000000000000000000000000000000000000000000000000000000,f19f,f19f
GROUND,14,DOCKER,11,ea07051b051633400800000000bd0bc9000100370d03002f07010001000000000000000000f13dfefe180018000000000000000000000000000000000000000000000000000000000000000000000000000000000000000000000000000000000000000000000000000000,9810,9810
GROUND,14,DOCKER,11,ea07051b0516343f0802000000b00bc8000200450d02002607010001000000000000000000f13dfefe180019000000000000000000000000000000000000000000000000000000000000000000000000000000000000000000000000000000000000000000000000000000,fc6d,fc6d
GROUND,14,DOCKER,11,ea07051b0516353d0801000100b70bcc000200380d02002707010001000000000000000000cc3ddafe180019000000000000000000000000000000000000000000000000000000000000000000000000000000000000000000000000000000000000000000000000000000,05d4,05d4
GROUND,14,DOCKER,11,ea07051b051636440802000000bb0bcb0002003d0d01002807010002000000000000000000e33d91fe180018000000000000000000000000000000000000000000000000000000000000000000000000000000000000000000000000000000000000000000000000000000,bcd4,bcd4
GROUND,14,DOCKER,11,ea07051b0516373f0801000100c00bca0000003f0d010032071d0002000000000000000000e33d91fe180018000000000000000000000000000000000000000000000000000000000000000000000000000000000000000000000000000000000000000000000000000000,330f,330f
GROUND,14,DOCKER,11,ea07051b051638470802000000c40bcf0002003b0d00002907010002000000000000000000c93d36fe180018000000000000000000000000000000000000000000000000000000000000000000000000000000000000000000000000000000000000000000000000000000,c10e,c10e
GROUND,14,DOCKER,11,ea07051b051639410800000100bf0bcd000100350d02002f07020000000000000000000000df3dddfd180017000000000000000000000000000000000000000000000000000000000000000000000000000000000000000000000000000000000000000000000000000000,4718,4718
GROUND,14,DOCKER,11,ea07051b05163a4d0800000100b40bce0000003a0d02002407020002000000000000000000e03d84fe180017000000000000000000000000000000000000000000000000000000000000000000000000000000000000000000000000000000000000000000000000000000,d545,d545
GROUND,14,DOCKER,11,ea07051b05163b430802000200bf0bbf000000480d01002707030001000000000000000000dc3dcbfd180018000000000000000000000000000000000000000000000000000000000000000000000000000000000000000000000000000000000000000000000000000000,a5ca,a5ca
GROUND,14,DOCKER,11,ea07051b0517003f0802000000b10bcf0002004c0d00002807080002000000000000000000c03daffe180018000000000000000000000000000000000000000000000000000000000000000000000000000000000000000000000000000000000000000000000000000000,4515,4515
GROUND,14,DOCKER,11,ea07051b0517013c0801000100c30bcb000100450d03002507010002000000000000000000e13d86fe180018000000000000000000000000000000000000000000000000000000000000000000000000000000000000000000000000000000000000000000000000000000,af9e,af9e
GROUND,14,DOCKER,11,ea07051b051702400802000000b70bc8000000440d030025070d00020000000000000000009b3d39ff180019000000000000000000000000000000000000000000000000000000000000000000000000000000000000000000000000000000000000000000000000000000,2312,2312
GROUND,14,DOCKER,11,ea07051b0517034a0802000000bd0bcb0002003b0d00002e07030001000000000000000000e53dc1fe180017000000000000000000000000000000000000000000000000000000000000000000000000000000000000000000000000000000000000000000000000000000,a0d0,a0d0
GROUND,14,DOCKER,11,ea07051b0517043f0801000100b50bc4000000380d03002f070300020000000000000000008d3d61fe180018000000000000000000000000000000000000000000000000000000000000000000000000000000000000000000000000000000000000000000000000000000,66c6,66c6
GROUND,14,DOCKER,11,ea07051b051705490802000100c00bca0000003f0d00002f07050001000000000000000000df3dcafe180018000000000000000000000000000000000000000000000000000000000000000000000000000000000000000000000000000000000000000000000000000000,1820,1820
GROUND,14,DOCKER,11,ea07051b051706400800000000b70bc5000000450d03002307010002000000000000000000be3d28ff180018000000000000000000000000000000000000000000000000000000000000000000000000000000000000000000000000000000000000000000000000000000,f4f6,f4f6
GROUND,14,DOCKER,11,ea07051b0517073c0800000100ba0bc2000300480d03002a07020002000000000000000000e93df2fe180018000000000000000000000000000000000000000000000000000000000000000000000000000000000000000000000000000000000000000000000000000000,5819,5819
GROUND,14,DOCKER,11,ea07051b051708440802000300c10bc5000000470d02002807020002000000000000000000dc3de6fe180018000000000000000000000000000000000000000000000000000000000000000000000000000000000000000000000000000000000000000000000000000000,2bb0,2bb0
GROUND,14,DOCKER,11,ea07051b051709470801000000bf0bc90001003f0d03003007020001000000000000000000e93d40fe180018000000000000000000000000000000000000000000000000000000000000000000000000000000000000000000000000000000000000000000000000000000,f966,f966
GROUND,14,DOCKER,11,ea07051b05170a490802000200b30bc0000200440d000028070300020000000000000000009e3d3bfe180019000000000000000000000000000000000000000000000000000000000000000000000000000000000000000000000000000000000000000000000000000000,dd21,dd21
GROUND,14,DOCKER,11,ea07051b05170b3e0801000100c10bca000200480d00002607010002000000000000000000823dddfe180018000000000000000000000000000000000000000000000000000000000000000000000000000000000000000000000000000000000000000000000000000000,7793,7793
GROUND,14,DOCKER,11,ea07051b05170c430802000000c10bc6000300370d02002f07030001000000000000000000d83d17ff180017000000000000000000000000000000000000000000000000000000000000000000000000000000000000000000000000000000000000000000000000000000,e437,e437
GROUND,14,DOCKER,11,ea07051b05170d400800000300bf0bc50001003a0d03002d070b0002000000000000000000eb3d87fd180018000000000000000000000000000000000000000000000000000000000000000000000000000000000000000000000000000000000000000000000000000000,a17b,a17b
GROUND,14,DOCKER,11,ea07051b05170e3c0802000100c40bc9000200370d00002d070b0002000000000000000000ee3d27ff180018000000000000000000000000000000000000000000000000000000000000000000000000000000000000000000000000000000000000000000000000000000,76ae,76ae
GROUND,14,DOCKER,11,ea07051b05170f470802000100b30bc50002003d0d00002f07060002000000000000000000f53d9bfe180018000000000000000000000000000000000000000000000000000000000000000000000000000000000000000000000000000000000000000000000000000000,9323,9323
GROUND,14,DOCKER,11,ea07051b051710400800000200b40bc80001003b0d02002a07020002000000000000000000b43d74fe180018000000000000000000000000000000000000000000000000000000000000000000000000000000000000000000000000000000000000000000000000000000,ff08,ff08
GROUND,14,DOCKER,11,ea07051b051711470801000100b50bcc000000480d01002a071d0002000000000000000000d13d05ff180018000000000000000000000000000000000000000000000000000000000000000000000000000000000000000000000000000000000000000000000000000000,245f,245f
GROUND,14,DOCKER,11,ea07051b051712430801000100bd0bc5000200430d01002607010001000000000000000000b23d1afe180018000000000000000000000000000000000000000000000000000000000000000000000000000000000000000000000000000000000000000000000000000000,b476,b476
GROUND,14,DOCKER,11,ea07051b051713440801000000b70bc9000200360d02002707040001000000000000000000ae3d3eff180018000000000000000000000000000000000000000000000000000000000000000000000000000000000000000000000000000000000000000000000000000000,8159,8159
GROUND,14,DOCKER,11,ea07051b051714450800000200b80bca0001003d0d00003007010002000000000000000000b83db5fe180018000000000000000000000000000000000000000000000000000000000000000000000000000000000000000000000000000000000000000000000000000000,b77e,b77e
GROUND,14,DOCKER,11,ea07051b051715440801000200b50bc6000100490d00002407010002000000000000000000e93deefe180019000000000000000000000000000000000000000000000000000000000000000000000000000000000000000000000000000000000000000000000000000000,5dc3,5dc3
GROUND,14,DOCKER,11,ea07051b0517163f0801000100b70bc90000004c0d03002807040002000000000000000000e43d0fff180019000000000000000000000000000000000000000000000000000000000000000000000000000000000000000000000000000000000000000000000000000000,6114,6114
GROUND,14,DOCKER,11,ea07051b051717470802000100bb0bc6000200380d020021070100010000000000000000007a3d12fe180019000000000000000000000000000000000000000000000000000000000000000000000000000000000000000000000000000000000000000000000000000000,7ce6,7ce6
GROUND,14,DOCKER,11,ea07051b051718480801000200c00bc40002003b0d01002c07010002000000000000000000ea3d5afe180018000000000000000000000000000000000000000000000000000000000000000000000000000000000000000000000000000000000000000000000000000000,b2ad,b2ad
GROUND,14,DOCKER,11,ea07051b051719400801000200bf0bc80001004b0d00002807010001000000000000000000c13d18ff180019000000000000000000000000000000000000000000000000000000000000000000000000000000000000000000000000000000000000000000000000000000,5661,5661
GROUND,14,DOCKER,11,ea07051b05171a3f0800000200c40bc60002003a0d02002f07020002000000000000000000ef3d09ff180018000000000000000000000000000000000000000000000000000000000000000000000000000000000000000000000000000000000000000000000000000000,1035,1035
GROUND,14,DOCKER,11,ea07051b05171b430800000200c30bca000000350d02002b07020000000000000000000000f33d47ff180018000000000000000000000000000000000000000000000000000000000000000000000000000000000000000000000000000000000000000000000000000000,dbc6,dbc6
GROUND,14,DOCKER,11,ea07051b05171c400800000200bf0bca000200380d02002707030002000000000000000000e03d83fe180018000000000000000000000000000000000000000000000000000000000000000000000000000000000000000000000000000000000000000000000000000000,bbbf,bbbf
GROUND,14,DOCKER,11,ea07051b05171d3d0800000100c10bcd000100400d03002807030001000000000000000000dc3decfe180019000000000000000000000000000000000000000000000000000000000000000000000000000000000000000000000000000000000000000000000000000000,4ad7,4ad7
GROUND,14,DOCKER,11,ea07051b05171e470800000000c90bc90000003b0d010031070300020000000000000000006d3d28fe180019000000000000000000000000000000000000000000000000000000000000000000000000000000000000000000000000000000000000000000000000000000,24fd,24fd
GROUND,14,DOCKER,11,ea07051b05171f4b0801000200bc0bc70000003a0d02002c07030001000000000000000000d13d94fe180018000000000000000000000000000000000000000000000000000000000000000000000000000000000000000000000000000000000000000000000000000000,d866,d866
GROUND,14,DOCKER,11,ea07051b051720410802000200bf0bc6000200390d03002b07060002000000000000000000bd3d57fd180019000000000000000000000000000000000000000000000000000000000000000000000000000000000000000000000000000000000000000000000000000000,4883,4883
GROUND,14,DOCKER,11,ea07051b0517213f0800000200c40bce000100350d02002d07020001000000000000000000e43d0cff1800180000000000000000000000000000000000000000000000000000000000000000000000000000000000000000000000000000000000000000000000000000,0089,d2da
GROUND,14,DOCKER,11,ea07051b0517224a0801000100b70bcf0002004a0d00002507030002000000000000000000783de5fe180018000000000000000000000000000000000000000000000000000000000000000000000000000000000000000000000000000000000000000000000000000000,ac08,ac08
GROUND,14,DOCKER,11,ea07051b0517234a0802000000bf0bcd000200400d02002907040002000000000000000000b23d06fd180018000000000000000000000000000000000000000000000000000000000000000000000000000000000000000000000000000000000000000000000000000000,f492,f492
GROUND,14,DOCKER,11,ea07051b051724430801000200b80bc8000300400d00002b07010001000000000000000000d93dfcfe180019000000000000000000000000000000000000000000000000000000000000000000000000000000000000000000000000000000000000000000000000000000,f82a,f82a
GROUND,14,DOCKER,11,ea07051b0517253c0800000300c00bc7000000400d01002c070500020000000000000000007d3deffe180019000000000000000000000000000000000000000000000000000000000000000000000000000000000000000000000000000000000000000000000000000000,b52e,b52e
GROUND,14,DOCKER,11,ea07051b051726420802000200af0bcc000300480d040028070200020000000000000000009e3d70fe18001a000000000000000000000000000000000000000000000000000000000000000000000000000000000000000000000000000000000000000000000000000000,5941,5941
GROUND,14,DOCKER,11,ea07051b051727480802000200c00bc5000000480d02002507030002000000000000000000903d0dff180019000000000000000000000000000000000000000000000000000000000000000000000000000000000000000000000000000000000000000000000000000000,9193,9193
GROUND,14,DOCKER,11,ea07051b051728440801000000b70bce000200400d01002507020002000000000000000000e83d14ff180019000000000000000000000000000000000000000000000000000000000000000000000000000000000000000000000000000000000000000000000000000000,1fa6,1fa6
GROUND,14,DOCKER,11,ea07051b0517294a0802000100b20bca000200470d01002a07020002000000000000000000803dc3fe180018000000000000000000000000000000000000000000000000000000000000000000000000000000000000000000000000000000000000000000000000000000,9367,9367
GROUND,14,DOCKER,11,ea07051b05172a460802000000b70bc4000000470d00002607020001000000000000000000d63d50fd180018000000000000000000000000000000000000000000000000000000000000000000000000000000000000000000000000000000000000000000000000000000,7437,7437
GROUND,14,DOCKER,11,ea07051b05172b470802000100c00bcc000100400d02002a07010002000000000000000000b53dccfe180019000000000000000000000000000000000000000000000000000000000000000000000000000000000000000000000000000000000000000000000000000000,37e4,37e4
GROUND,14,DOCKER,11,ea07051b05172c3d0800000200bc0bc60003003b0d02002f07110002000000000000000000e03da5fe180018000000000000000000000000000000000000000000000000000000000000000000000000000000000000000000000000000000000000000000000000000000,7cce,7cce
GROUND,14,DOCKER,11,ea07051b05172d410801000300b10bc6000000480d01002507030001000000000000000000b53dc5fe180018000000000000000000000000000000000000000000000000000000000000000000000000000000000000000000000000000000000000000000000000000000,1b88,1b88
GROUND,14,DOCKER,11,ea07051b05172e480800000200b30bbe0001003a0d03002d07040002000000000000000000d23db4fe180019000000000000000000000000000000000000000000000000000000000000000000000000000000000000000000000000000000000000000000000000000000,e06a,e06a
GROUND,14,DOCKER,11,ea07051b05172f480802000200bb0bc2000200420d02002407060001000000000000000000db3d37fe180018000000000000000000000000000000000000000000000000000000000000000000000000000000000000000000000000000000000000000000000000000000,89af,89af
GROUND,14,DOCKER,11,ea07051b051730490802000000b50bc30002003f0d02002907040001000000000000000000d03de8fe180018000000000000000000000000000000000000000000000000000000000000000000000000000000000000000000000000000000000000000000000000000000,0f28,0f28
GROUND,14,DOCKER,11,ea07051b051731420801000200bf0bcb000200380d02002807020001000000000000000000883d43ff180019000000000000000000000000000000000000000000000000000000000000000000000000000000000000000000000000000000000000000000000000000000,95be,95be
GROUND,14,DOCKER,11,ea07051b051732430801000000b50bc9000300420d03002a07020002000000000000000000d73dc7fd180018000000000000000000000000000000000000000000000000000000000000000000000000000000000000000000000000000000000000000000000000000000,b4ab,b4ab
GROUND,14,DOCKER,11,ea07051b051733500802000200b10bca000000460d01002607020002000000000000000000c43d0aff180019000000000000000000000000000000000000000000000000000000000000000000000000000000000000000000000000000000000000000000000000000000,e333,e333
GROUND,14,DOCKER,11,ea07051b0517343f0800000100b30bc8000000400d01002b070400020000000000000000009e3deffd180018000000000000000000000000000000000000000000000000000000000000000000000000000000000000000000000000000000000000000000000000000000,8191,8191
GROUND,14,DOCKER,11,ea07051b051735450801000000bf0bc5000000450d00002607020003000000000000000000a73d22ff180019000000000000000000000000000000000000000000000000000000000000000000000000000000000000000000000000000000000000000000000000000000,ada4,ada4
GROUND,14,DOCKER,11,ea07051b0517363c0800000100bb0bc70004004e0d000029071d0002000000000000000000ce3daafe180018000000000000000000000000000000000000000000000000000000000000000000000000000000000000000000000000000000000000000000000000000000,9cea,9cea
GROUND,14,DOCKER,11,ea07051b0517374e0803000100c20bc9000200440d00002707010002000000000000000000c43deffc18001a000000000000000000000000000000000000000000000000000000000000000000000000000000000000000000000000000000000000000000000000000000,dae1,dae1
GROUND,14,DOCKER,11,ea07051b0517383d0800000000b60bcd0000004d0d00002507030001000000000000000000c43d2aff180019000000000000000000000000000000000000000000000000000000000000000000000000000000000000000000000000000000000000000000000000000000,a83c,a83c
GROUND,14,DOCKER,11,ea07051b051739410800000000c00bcc000200470d03002507020002000000000000000000ac3d18ff180019000000000000000000000000000000000000000000000000000000000000000000000000000000000000000000000000000000000000000000000000000000,3c0d,3c0d
GROUND,14,DOCKER,11,ea07051b05173a3b0801000200c00bc40002003b0d000030070300020000000000000000008b3d6ffe180019000000000000000000000000000000000000000000000000000000000000000000000000000000000000000000000000000000000000000000000000000000,4342,4342
GROUND,14,DOCKER,11,ea07051b05173b470801000200b50bca000100430d02002607000001000000000000000000923df3fe180018000000000000000000000000000000000000000000000000000000000000000000000000000000000000000000000000000000000000000000000000000000,31ee,31ee
GROUND,14,DOCKER,11,ea07051b051800420802000100b20bc40002003d0d01002c07030001000000000000000000de3d32fe180019000000000000000000000000000000000000000000000000000000000000000000000000000000000000000000000000000000000000000000000000000000,cd17,cd17
GROUND,14,DOCKER,11,ea07051b051801450801000000bd0bc3000200410d03002607050001000000000000000000e53df8fe18001a000000000000000000000000000000000000000000000000000000000000000000000000000000000000000000000000000000000000000000000000000000,1442,1442
GROUND,14,DOCKER,11,ea07051b0518023f0802000000b70bca000200400d03002707010002000000000000000000cb3d1bff180019000000000000000000000000000000000000000000000000000000000000000000000000000000000000000000000000000000000000000000000000000000,344c,344c
GROUND,14,DOCKER,11,ea07051b051803400801000200bf0bcc000200450d03002807020001000000000000000000d13d1dff180019000000000000000000000000000000000000000000000000000000000000000000000000000000000000000000000000000000000000000000000000000000,d725,d725
GROUND,14,DOCKER,11,ea07051b051804430800000100c00bcc000000470d01002607010001000000000000000000c63d2eff180019000000000000000000000000000000000000000000000000000000000000000000000000000000000000000000000000000000000000000000000000000000,e260,e260
GROUND,14,DOCKER,11,ea07051b0518053d0802000200b10bcc000000400d03002707010002000000000000000000da3dd5fe180019000000000000000000000000000000000000000000000000000000000000000000000000000000000000000000000000000000000000000000000000000000,6c44,6c44
GROUND,14,DOCKER,11,ea07051b051806440802000200b70bc7000200500d03002707020002000000000000000000d33dc8fd180019000000000000000000000000000000000000000000000000000000000000000000000000000000000000000000000000000000000000000000000000000000,281b,281b
GROUND,14,DOCKER,11,ea07051b051807410801000200b80bcb000200490d02002707010001000000000000000000e63d01ff180019000000000000000000000000000000000000000000000000000000000000000000000000000000000000000000000000000000000000000000000000000000,6f39,6f39
GROUND,14,DOCKER,11,ea07051b0518083f0800000200c00bc70001003d0d02002e07080002000000000000000000d43d0cff180019000000000000000000000000000000000000000000000000000000000000000000000000000000000000000000000000000000000000000000000000000000,029f,029f
GROUND,14,DOCKER,11,ea07051b051809430801000000b40bc90000003d0d03002d07100001000000000000000000cc3dfdfe18001a000000000000000000000000000000000000000000000000000000000000000000000000000000000000000000000000000000000000000000000000000000,8299,8299
GROUND,14,DOCKER,11,ea07051b05180a3f0800000100c20bc80000003b0d00003307010001000000000000000000dc3d3cff180018000000000000000000000000000000000000000000000000000000000000000000000000000000000000000000000000000000000000000000000000000000,32b2,32b2
GROUND,14,DOCKER,11,ea07051b05180b440802000100b30bc8000000310d03002307050001000000000000000000e13ddcfe180019000000000000000000000000000000000000000000000000000000000000000000000000000000000000000000000000000000000000000000000000000000,4047,4047
GROUND,14,DOCKER,11,ea07051b05180c3f0800000100bf0bc4000100490d01002707040001000000000000000000b23db1fd180019000000000000000000000000000000000000000000000000000000000000000000000000000000000000000000000000000000000000000000000000000000,38c7,38c7
GROUND,14,DOCKER,11,ea07051b05180d470801000000b50bc5000100430d02002707020001000000000000000000d93dd5fe18001a000000000000000000000000000000000000000000000000000000000000000000000000000000000000000000000000000000000000000000000000000000,976b,976b
GROUND,14,DOCKER,11,ea07051b05180e3c0801000200bf0bc5000200470d03002c07120002000000000000000000d53d25ff180019000000000000000000000000000000000000000000000000000000000000000000000000000000000000000000000000000000000000000000000000000000,ff74,ff74
GROUND,14,DOCKER,11,ea07051b05180f460802000200b20bbe0000004d0d03002807020002000000000000000000cd3df2fe18001a000000000000000000000000000000000000000000000000000000000000000000000000000000000000000000000000000000000000000000000000000000,bae7,bae7
GROUND,14,DOCKER,11,ea07051b051810430800000200b70bcb0000003f0d02002e07010002000000000000000000ce3d9bfd180019000000000000000000000000000000000000000000000000000000000000000000000000000000000000000000000000000000000000000000000000000000,1382,1382
GROUND,14,DOCKER,11,ea07051b0518113b0801000100ba0bc30002004b0d02002807030001000000000000000000cb3d1fff18001a000000000000000000000000000000000000000000000000000000000000000000000000000000000000000000000000000000000000000000000000000000,5bf2,5bf2
GROUND,14,DOCKER,11,ea07051b0518123d0800000200b40bcd000000480d000029070200020000000000000000007a3d29fd180019000000000000000000000000000000000000000000000000000000000000000000000000000000000000000000000000000000000000000000000000000000,72c9,72c9
GROUND,14,DOCKER,11,ea07051b0518133f0801000000b70bcf000200400d02002b07030002000000000000000000d33d0cff180018000000000000000000000000000000000000000000000000000000000000000000000000000000000000000000000000000000000000000000000000000000,86b4,86b4
GROUND,14,DOCKER,11,ea07051b051814480800000000b70bc7000200480d02002407080002000000000000000000aa3daffe180019000000000000000000000000000000000000000000000000000000000000000000000000000000000000000000000000000000000000000000000000000000,f38c,f38c
GROUND,14,DOCKER,11,ea07051b0518153d0801000100c00bcc0000003f0d01002507030002000000000000000000af3d87fd180019000000000000000000000000000000000000000000000000000000000000000000000000000000000000000000000000000000000000000000000000000000,f3ce,f3ce
GROUND,14,DOCKER,11,ea07051b0518163f0800000000bf0bc7000000450d03002907000002000000000000000000c33d16ff180018000000000000000000000000000000000000000000000000000000000000000000000000000000000000000000000000000000000000000000000000000000,5bf6,5bf6
GROUND,14,DOCKER,11,ea07051b051817400801000000b70bc7000200400d01002507030002000000000000000000c43decfe18001a000000000000000000000000000000000000000000000000000000000000000000000000000000000000000000000000000000000000000000000000000000,c8e0,c8e0
GROUND,14,DOCKER,11,ea07051b051818430800000200c00bc40002003a0d03002d07060002000000000000000000e13de7fe180018000000000000000000000000000000000000000000000000000000000000000000000000000000000000000000000000000000000000000000000000000000,b392,b392
GROUND,14,DOCKER,11,ea07051b051819470801000000bf0bc1000200400d00002507200002000000000000000000c93d2cfe180019000000000000000000000000000000000000000000000000000000000000000000000000000000000000000000000000000000000000000000000000000000,6577,6577
GROUND,14,DOCKER,11,ea07051b05181a400801000200b00bc80000003e0d04002807020001000000000000000000c83dcffd180019000000000000000000000000000000000000000000000000000000000000000000000000000000000000000000000000000000000000000000000000000000,c04a,c04a
GROUND,14,DOCKER,11,ea07051b05181b400800000100bf0bc0000200370d02002f07020001000000000000000000c03d32fe180018000000000000000000000000000000000000000000000000000000000000000000000000000000000000000000000000000000000000000000000000000000,570a,570a
GROUND,14,DOCKER,11,ea07051b05181c470802000200c80bcb000200440d02002507010002000000000000000000c93d36ff180019000000000000000000000000000000000000000000000000000000000000000000000000000000000000000000000000000000000000000000000000000000,4b2f,4b2f
GROUND,14,DOCKER,11,ea07051b05181d3f0800000100b70bc50002004a0d03002507030001000000000000000000de3d1bfe180019000000000000000000000000000000000000000000000000000000000000000000000000000000000000000000000000000000000000000000000000000000,b46e,b46e
GROUND,14,DOCKER,11,ea07051b05181e4a0802000000bf0bc6000000350d03002a07100001000000000000000000a43d28ff18001a000000000000000000000000000000000000000000000000000000000000000000000000000000000000000000000000000000000000000000000000000000,f5ff,f5ff
GROUND,14,DOCKER,11,ea07051b05181f420800000000b30bc50000004b0d00002607040002000000000000000000c13de8fe18001a000000000000000000000000000000000000000000000000000000000000000000000000000000000000000000000000000000000000000000000000000000,c434,c434
GROUND,14,DOCKER,11,ea07051b051820440801000200b20bc0000000470d010026070200010000000000000000007a3dd8fe18001a000000000000000000000000000000000000000000000000000000000000000000000000000000000000000000000000000000000000000000000000000000,8b55,8b55
GROUND,14,DOCKER,11,ea07051b051821470802000000bf0bca0002004b0d01002707020001000000000000000000d83d3efe180019000000000000000000000000000000000000000000000000000000000000000000000000000000000000000000000000000000000000000000000000000000,ad50,ad50
GROUND,14,DOCKER,11,ea07051b051822480802000200bf0bc7000100450d02002707030002000000000000000000b03d27fe180019000000000000000000000000000000000000000000000000000000000000000000000000000000000000000000000000000000000000000000000000000000,f9d9,f9d9
GROUND,14,DOCKER,11,ea07051b051823430802000000bc0bd40001004e0d00002807010002000000000000000000d33deefe180019000000000000000000000000000000000000000000000000000000000000000000000000000000000000000000000000000000000000000000000000000000,1fce,1fce
GROUND,14,DOCKER,11,ea07051b0518243f0800000000b40bcb0001004c0d01002807010002000000000000000000983d01ff18001a000000000000000000000000000000000000000000000000000000000000000000000000000000000000000000000000000000000000000000000000000000,3230,3230
GROUND,14,DOCKER,11,ea07051b0518253f0802000000bc0bc0000200370d03002d07180001000000000000000000d63d50ff180019000000000000000000000000000000000000000000000000000000000000000000000000000000000000000000000000000000000000000000000000000000,6d19,6d19
GROUND,14,DOCKER,11,ea07051b0518263e0800000200bf0bc4000000400d03002d070300020000000000000000008f3dc0fe180019000000000000000000000000000000000000000000000000000000000000000000000000000000000000000000000000000000000000000000000000000000,3bf4,3bf4
GROUND,14,DOCKER,11,ea07051b051827470800000000b20bcd000300380d02002b070c0002000000000000000000ba3d53fc18001a000000000000000000000000000000000000000000000000000000000000000000000000000000000000000000000000000000000000000000000000000000,b6a1,b6a1
GROUND,14,DOCKER,11,ea07051b0518283d0801000000ca0bcb000000380d02002707020001000000000000000000d23d51fd180018000000000000000000000000000000000000000000000000000000000000000000000000000000000000000000000000000000000000000000000000000000,23be,23be
GROUND,14,DOCKER,11,ea07051b051829400800000100c00bcb0002003a0d03002307010002000000000000000000a03d3eff180019000000000000000000000000000000000000000000000000000000000000000000000000000000000000000000000000000000000000000000000000000000,1cd5,1cd5
GROUND,14,DOCKER,11,ea07051b05182a450802000000bb0bce000000480d02002607020001000000000000000000a93d14ff18001a000000000000000000000000000000000000000000000000000000000000000000000000000000000000000000000000000000000000000000000000000000,bccc,bccc
GROUND,14,DOCKER,11,ea07051b05182b3f0802000200bf0bc2000200380d03002707030001000000000000000000d13dc9fe18001a000000000000000000000000000000000000000000000000000000000000000000000000000000000000000000000000000000000000000000000000000000,d69f,d69f
GROUND,14,DOCKER,11,ea07051b05182c360800000100b00bca000200370d02002f07010002000000000000000000cf3d60ff180019000000000000000000000000000000000000000000000000000000000000000000000000000000000000000000000000000000000000000000000000000000,4a70,4a70
GROUND,14,DOCKER,11,ea07051b05182d3e0800000200c40bc20001003b0d01002d07030002000000000000000000dc3d91fe180019000000000000000000000000000000000000000000000000000000000000000000000000000000000000000000000000000000000000000000000000000000,cf56,cf56
GROUND,14,DOCKER,11,ea07051b05182e450800000200bb0bd40002003f0d01002807010002000000000000000000d93df8fe18001a000000000000000000000000000000000000000000000000000000000000000000000000000000000000000000000000000000000000000000000000000000,0f77,0f77
GROUND,14,DOCKER,11,ea07051b05182f400800000200c50bcb0002003b0d03002f07020002000000000000000000cb3dbdfd180019000000000000000000000000000000000000000000000000000000000000000000000000000000000000000000000000000000000000000000000000000000,f47f,f47f
GROUND,14,DOCKER,11,ea07051b051830410800000100b30bc80000003b0d00002c07010001000000000000000000b13d20ff180019000000000000000000000000000000000000000000000000000000000000000000000000000000000000000000000000000000000000000000000000000000,0075,0075
GROUND,14,DOCKER,11,ea07051b051831410801000200b60bcc0002003b0d02002f07030002000000000000000000cf3d55fe180019000000000000000000000000000000000000000000000000000000000000000000000000000000000000000000000000000000000000000000000000000000,3629,3629
GROUND,14,DOCKER,11,ea07051b051832470802000100b90bca0000004b0d030026070d0002000000000000000000d93d55fe180019000000000000000000000000000000000000000000000000000000000000000000000000000000000000000000000000000000000000000000000000000000,4e3a,4e3a
GROUND,14,DOCKER,11,ea07051b051833400801000100bf0bc9000000380d03002707010001000000000000000000a33d0bff18001a000000000000000000000000000000000000000000000000000000000000000000000000000000000000000000000000000000000000000000000000000000,ef0a,ef0a
GROUND,14,DOCKER,11,ea07051b051834440801000100bd0bd0000100400d04002707060002000000000000000000ce3db7fe180019000000000000000000000000000000000000000000000000000000000000000000000000000000000000000000000000000000000000000000000000000000,e696,e696
GROUND,14,DOCKER,11,ea07051b051835480802000200bc0bc1000300440d000028070c0002000000000000000000cf3d06ff180019000000000000000000000000000000000000000000000000000000000000000000000000000000000000000000000000000000000000000000000000000000,44c3,44c3
GROUND,14,DOCKER,11,ea07051b0518364a0802000200b30bc50000003f0d000030070200020000000000000000005d3d7fff180019000000000000000000000000000000000000000000000000000000000000000000000000000000000000000000000000000000000000000000000000000000,79d2,79d2
GROUND,14,DOCKER,11,ea07051b0518373e0800000100b60bc30000003f0d02002f070e0002000000000000000000c93da0fe180019000000000000000000000000000000000000000000000000000000000000000000000000000000000000000000000000000000000000000000000000000000,ab32,ab32
GROUND,14,DOCKER,11,ea07051b0518383f0802000100bf0bcb0002003f0d020029070100030000000000000000007e3d8efe18001a000000000000000000000000000000000000000000000000000000000000000000000000000000000000000000000000000000000000000000000000000000,cb95,cb95
GROUND,14,DOCKER,11,ea07051b051839470802000000b70bcb000200400d03002807030002000000000000000000d93df2fe18001a000000000000000000000000000000000000000000000000000000000000000000000000000000000000000000000000000000000000000000000000000000,5f7a,5f7a
GROUND,14,DOCKER,11,ea07051b05183a450801000100b20bc20001003b0d01002e07050002000000000000000000c63deffe180019000000000000000000000000000000000000000000000000000000000000000000000000000000000000000000000000000000000000000000000000000000,15f9,15f9
GROUND,14,DOCKER,11,ea07051b05183b400801000100b80bbe0000003b0d02002e070a00020000000000000000009a3daffd18001a000000000000000000000000000000000000000000000000000000000000000000000000000000000000000000000000000000000000000000000000000000,ead8,ead8
GROUND,14,DOCKER,11,ea07051b051900450801000100bf0bd1000200470d01002607020002000000000000000000b63df9fe180019000000000000000000000000000000000000000000000000000000000000000000000000000000000000000000000000000000000000000000000000000000,755a,755a
GROUND,14,DOCKER,11,ea07051b051901470801000100bf0bc8000000400d01002907010002000000000000000000993d28ff18001a000000000000000000000000000000000000000000000000000000000000000000000000000000000000000000000000000000000000000000000000000000,06f6,06f6
GROUND,14,DOCKER,11,ea07051b0519023f0802000100b80bc20002003d0d01002f07020002000000000000000000d73d8cfe180019000000000000000000000000000000000000000000000000000000000000000000000000000000000000000000000000000000000000000000000000000000,999f,999f
GROUND,14,DOCKER,11,ea07051b051903440802000000b50bc90000003c0d02002d070100010000000000000000009f3d2ffd180019000000000000000000000000000000000000000000000000000000000000000000000000000000000000000000000000000000000000000000000000000000,c887,c887
GROUND,14,DOCKER,11,ea07051b051904460801000200c30bcb000200400d03002b07030002000000000000000000b63df7fe18001a000000000000000000000000000000000000000000000000000000000000000000000000000000000000000000000000000000000000000000000000000000,3df6,3df6
GROUND,14,DOCKER,11,ea07051b0519053f0801000100b60bd20002003f0d03003007020001000000000000000000aa3d0dff18001a000000000000000000000000000000000000000000000000000000000000000000000000000000000000000000000000000000000000000000000000000000,77c1,77c1
GROUND,14,DOCKER,11,ea07051b0519063f0800000000c30bcd000200400d00002b07050001000000000000000000703d5cff180019000000000000000000000000000000000000000000000000000000000000000000000000000000000000000000000000000000000000000000000000000000,f106,f106
GROUND,14,DOCKER,11,ea07051b0519074b0800000000b30bcb000000390d00002b07010001000000000000000000d23dfffd18001a000000000000000000000000000000000000000000000000000000000000000000000000000000000000000000000000000000000000000000000000000000,dd71,dd71
GROUND,14,DOCKER,11,ea07051b0519083c0801000000bf0bcb000000390d02002c07070002000000000000000000bf3de5fc180019000000000000000000000000000000000000000000000000000000000000000000000000000000000000000000000000000000000000000000000000000000,17f6,17f6
GROUND,14,DOCKER,11,ea07051b051909440800000100b40bc80002003f0d00002607010002000000000000000000b93d2dff180019000000000000000000000000000000000000000000000000000000000000000000000000000000000000000000000000000000000000000000000000000000,d65a,d65a
GROUND,14,DOCKER,11,ea07051b05190a3f0800000100b90bc9000200400d03002707010001000000000000000000d93d0bff18001a000000000000000000000000000000000000000000000000000000000000000000000000000000000000000000000000000000000000000000000000000000,2455,2455
GROUND,14,DOCKER,11,ea07051b05190b3c0801000000b10bcc000000480d000023071a0002000000000000000000c53d6dfe18001a000000000000000000000000000000000000000000000000000000000000000000000000000000000000000000000000000000000000000000000000000000,0deb,0deb
GROUND,14,DOCKER,11,ea07051b05190c410801000300bf0bcc000200400d03002b07020003000000000000000000d13d45ff18001a000000000000000000000000000000000000000000000000000000000000000000000000000000000000000000000000000000000000000000000000000000,adce,adce
GROUND,14,DOCKER,11,ea07051b05190d400800000100bc0bc80001003f0d03002e070100020000000000000000006d3d46fe180019000000000000000000000000000000000000000000000000000000000000000000000000000000000000000000000000000000000000000000000000000000,0cef,0cef
GROUND,14,DOCKER,11,ea07051b05190e420802000200c20bc7000100400d01002b07010002000000000000000000b83dfdfd18001a000000000000000000000000000000000000000000000000000000000000000000000000000000000000000000000000000000000000000000000000000000,b72e,b72e
GROUND,14,DOCKER,11,ea07051b05190f3f0800000100bf0bbb0002003a0d00002707030002000000000000000000b83dfdfd180019000000000000000000000000000000000000000000000000000000000000000000000000000000000000000000000000000000000000000000000000000000,ef85,ef85
GROUND,14,DOCKER,11,ea07051b051910450802000200b40bcc000100470d00002607020002000000000000000000c93d16ff18001a000000000000000000000000000000000000000000000000000000000000000000000000000000000000000000000000000000000000000000000000000000,7a14,7a14
GROUND,14,DOCKER,11,ea07051b051911430800000100b80bc9000000390d02002d07020002000000000000000000bf3d86fe180019000000000000000000000000000000000000000000000000000000000000000000000000000000000000000000000000000000000000000000000000000000,27bb,27bb
GROUND,14,DOCKER,11,ea07051b051912420802000100b50bc70000003f0d01002c07010002000000000000000000bf3d86fe180019000000000000000000000000000000000000000000000000000000000000000000000000000000000000000000000000000000000000000000000000000000,a19f,a19f
GROUND,14,DOCKER,11,ea07051b051913400802000000b80bcb000000380d02002207170002000000000000000000c03de9fe18001a000000000000000000000000000000000000000000000000000000000000000000000000000000000000000000000000000000000000000000000000000000,a0ad,a0ad
GROUND,14,DOCKER,11,ea07051b0519143f0800000000b00bc70000003f0d02002a070100020000000000000000009a3df7fd180019000000000000000000000000000000000000000000000000000000000000000000000000000000000000000000000000000000000000000000000000000000,5846,5846
GROUND,14,DOCKER,11,ea07051b051915450802000000c20bc60001003f0d03002c070100020000000000000000009a3df7fd18001a000000000000000000000000000000000000000000000000000000000000000000000000000000000000000000000000000000000000000000000000000000,a22f,a22f
GROUND,14,DOCKER,11,ea07051b051916450802000000b40bc4000000390d02002e07030001000000000000000000a53d6efe180019000000000000000000000000000000000000000000000000000000000000000000000000000000000000000000000000000000000000000000000000000000,aa50,aa50
GROUND,14,DOCKER,11,ea07051b051917450802000100bb0bcb000000380d00002707010002000000000000000000a53d6efe18001a000000000000000000000000000000000000000000000000000000000000000000000000000000000000000000000000000000000000000000000000000000,12da,12da
GROUND,14,DOCKER,11,ea07051b051918470802000000bf0bce0000003b0d01002807000002000000000000000000653d2dff180019000000000000000000000000000000000000000000000000000000000000000000000000000000000000000000000000000000000000000000000000000000,c042,c042
GROUND,14,DOCKER,11,ea07051b051919480801000200bf0bc5000000400d03002707020002000000000000000000c53dd9fe180019000000000000000000000000000000000000000000000000000000000000000000000000000000000000000000000000000000000000000000000000000000,43d2,43d2
GROUND,14,DOCKER,11,ea07051b05191a480801000200c30bcb000000350d02002b07020001000000000000000000c53dd9fe180019000000000000000000000000000000000000000000000000000000000000000000000000000000000000000000000000000000000000000000000000000000,f5ce,f5ce
GROUND,14,DOCKER,11,ea07051b05191b470802000100b70bc3000100440d03002707020001000000000000000000aa3d66ff18001a000000000000000000000000000000000000000000000000000000000000000000000000000000000000000000000000000000000000000000000000000000,9863,9863
GROUND,14,DOCKER,11,ea07051b05191c400800000200c80bc3000200460d00002407040002000000000000000000ca3d5bfd18001a000000000000000000000000000000000000000000000000000000000000000000000000000000000000000000000000000000000000000000000000000000,066c,066c
GROUND,14,DOCKER,11,ea07051b05191d3f0801000200b70bc7000100370d02002d07010002000000000000000000ca3de9fe180019000000000000000000000000000000000000000000000000000000000000000000000000000000000000000000000000000000000000000000000000000000,48b4,48b4
GROUND,14,DOCKER,11,ea07051b05191e3f0800000100b80bc00001003a0d03002f07020002000000000000000000813dedfe18001a000000000000000000000000000000000000000000000000000000000000000000000000000000000000000000000000000000000000000000000000000000,90d7,90d7
GROUND,14,DOCKER,11,ea07051b05191f3f0801000000c00bd00003003a0d03002907020001000000000000000000d23de9fe180019000000000000000000000000000000000000000000000000000000000000000000000000000000000000000000000000000000000000000000000000000000,896e,896e
GROUND,14,DOCKER,11,ea07051b051920450802000100bf0bcc0002003b0d02002b07030002000000000000000000b23dd5fe180019000000000000000000000000000000000000000000000000000000000000000000000000000000000000000000000000000000000000000000000000000000,b348,b348
GROUND,14,DOCKER,11,ea07051b051921490801000100c70bcf000100350d00002b07010001000000000000000000be3d6cfe180019000000000000000000000000000000000000000000000000000000000000000000000000000000000000000000000000000000000000000000000000000000,ae80,ae80
GROUND,14,DOCKER,11,ea07051b051922440801000200b30bc3000100440d04002607100002000000000000000000ca3daafe18001a000000000000000000000000000000000000000000000000000000000000000000000000000000000000000000000000000000000000000000000000000000,f895,f895
GROUND,14,DOCKER,11,ea07051b0519233d0801000100ba0bca0000004a0d01002507020001000000000000000000943dbbfd180019000000000000000000000000000000000000000000000000000000000000000000000000000000000000000000000000000000000000000000000000000000,76fb,76fb
GROUND,14,DOCKER,11,ea07051b051924480802000100b50bc60001004a0d000028070100010000000000000000009a3d48ff18001a000000000000000000000000000000000000000000000000000000000000000000000000000000000000000000000000000000000000000000000000000000,0c49,0c49
GROUND,14,DOCKER,11,ea07051b051925460800000000c00bcc0000003f0d02002a07030001000000000000000000663d9dfd180019000000000000000000000000000000000000000000000000000000000000000000000000000000000000000000000000000000000000000000000000000000,c41e,c41e
GROUND,14,DOCKER,11,ea07051b0519263f0801000100bb0bc5000200460d01002907030002000000000000000000cb3d03ff180019000000000000000000000000000000000000000000000000000000000000000000000000000000000000000000000000000000000000000000000000000000,f2f0,f2f0
GROUND,14,DOCKER,11,ea07051b051927440800000000b80bc00001003f0d03002f07040002000000000000000000b63dd6fd18001a000000000000000000000000000000000000000000000000000000000000000000000000000000000000000000000000000000000000000000000000000000,8333,8333
GROUND,14,DOCKER,11,ea07051b051928450802000100bf0bc50003003c0d02002b07040002000000000000000000ba3d28fd180019000000000000000000000000000000000000000000000000000000000000000000000000000000000000000000000000000000000000000000000000000000,9a3d,9a3d
GROUND,14,DOCKER,11,ea07051b051929430802000200bf0bc70002003e0d02002b07020001000000000000000000bc3d3cfe1800190000000000000000000000000000000000000000000000000000000000000000000000000000000000000000000000000000000000000000000000000000,003d,517b
GROUND,14,DOCKER,11,ea07051b05192a410801000200b30bcf0001003f0d01003207020002000000000000000000683dcffe180018000000000000000000000000000000000000000000000000000000000000000000000000000000000000000000000000000000000000000000000000000000,6d2a,6d2a
GROUND,14,DOCKER,11,ea07051b05192b400800000100c00bd20000003e0d03002e07020002000000000000000000b63df6fe18001a000000000000000000000000000000000000000000000000000000000000000000000000000000000000000000000000000000000000000000000000000000,51a6,51a6
GROUND,14,DOCKER,11,ea07051b05192c460801000200c30bca000300370d04002b07050002000000000000000000bf3dc3fe180019000000000000000000000000000000000000000000000000000000000000000000000000000000000000000000000000000000000000000000000000000000,cce6,cce6
GROUND,14,DOCKER,11,ea07051b05192d400800000200bf0bc7000100460d02002907010001000000000000000000cb3dfffe180019000000000000000000000000000000000000000000000000000000000000000000000000000000000000000000000000000000000000000000000000000000,3746,3746
GROUND,14,DOCKER,11,ea07051b05192e410800000100b70bce000100360d02002307000002000000000000000000ba3ddefe18001a000000000000000000000000000000000000000000000000000000000000000000000000000000000000000000000000000000000000000000000000000000,03b4,03b4
GROUND,14,DOCKER,11,ea07051b05192f460801000000b70bc9000100400d03002707010002000000000000000000b83da8fd18001a000000000000000000000000000000000000000000000000000000000000000000000000000000000000000000000000000000000000000000000000000000,e006,e006
GROUND,14,DOCKER,11,ea07051b051930400800000200c10bcf000100420d00002707010002000000000000000000bc3d70fe18001a000000000000000000000000000000000000000000000000000000000000000000000000000000000000000000000000000000000000000000000000000000,0962,0962
GROUND,14,DOCKER,11,ea07051b051931470802000200b40bc8000300470d03003107020002000000000000000000cc3d63fd18001a000000000000000000000000000000000000000000000000000000000000000000000000000000000000000000000000000000000000000000000000000000,9c8e,9c8e
GROUND,14,DOCKER,11,ea07051b0519323f0802000200b70bc4000200450d02002607060002000000000000000000af3d1bff18001a000000000000000000000000000000000000000000000000000000000000000000000000000000000000000000000000000000000000000000000000000000,1911,1911
GROUND,14,DOCKER,11,ea07051b051933410800000200bf0bc80000004a0d00002907040002000000000000000000b23d07ff18001a000000000000000000000000000000000000000000000000000000000000000000000000000000000000000000000000000000000000000000000000000000,6360,6360
GROUND,14,DOCKER,11,ea07051b051934450801000000b50bc6000000360d02002f07030002000000000000000000993d8cfd18001a000000000000000000000000000000000000000000000000000000000000000000000000000000000000000000000000000000000000000000000000000000,d45d,d45d
GROUND,14,DOCKER,11,ea07051b051935400800000000b30bcd000000440d020024070300020000000000000000009b3d75ff18001a000000000000000000000000000000000000000000000000000000000000000000000000000000000000000000000000000000000000000000000000000000,3ccb,3ccb
GROUND,14,DOCKER,11,ea07051b0519363c0802000200b50bc4000200440d03002507030003000000000000000000b43d2cfd180018000000000000000000000000000000000000000000000000000000000000000000000000000000000000000000000000000000000000000000000000000000,8548,8548
GROUND,14,DOCKER,11,ea07051b051937400800000200c20bc2000200400d03002b07030002000000000000000000a53df5fe18001a000000000000000000000000000000000000000000000000000000000000000000000000000000000000000000000000000000000000000000000000000000,fe95,fe95
GROUND,14,DOCKER,11,ea07051b0519383c0801000200bb0bc50002003d0d03002b070300010000000000000000006b3d1eff18001a000000000000000000000000000000000000000000000000000000000000000000000000000000000000000000000000000000000000000000000000000000,0dc9,0dc9
GROUND,14,DOCKER,11,ea07051b051939400801000000b70bc60000004c0d00003207010002000000000000000000c83d19ff18001a000000000000000000000000000000000000000000000000000000000000000000000000000000000000000000000000000000000000000000000000000000,bded,bded
GROUND,14,DOCKER,11,ea07051b05193a3f0802000200ab0bce0000004b0d01002a07010001000000000000000000cb3d14ff18001a000000000000000000000000000000000000000000000000000000000000000000000000000000000000000000000000000000000000000000000000000000,3e0a,3e0a
GROUND,14,DOCKER,11,ea07051b05193b440800000100bf0bc7000200370d00002b07010002000000000000000000be3d31fe180019000000000000000000000000000000000000000000000000000000000000000000000000000000000000000000000000000000000000000000000000000000,ed30,ed30
GROUND,14,DOCKER,11,ea07051b051a00400800000200c60bca000200400d03002907010001000000000000000000a43dfefe18001a000000000000000000000000000000000000000000000000000000000000000000000000000000000000000000000000000000000000000000000000000000,c7da,c7da
GROUND,14,DOCKER,11,ea07051b051a013e0800000200bf0bd70001003b0d00002d07030002000000000000000000b93d0cfd180019000000000000000000000000000000000000000000000000000000000000000000000000000000000000000000000000000000000000000000000000000000,960d,960d
GROUND,14,DOCKER,11,ea07051b051a023e0801000100c60bd0000000350d02002e07010002000000000000000000c53d09ff18001a000000000000000000000000000000000000000000000000000000000000000000000000000000000000000000000000000000000000000000000000000000,6b79,6b79
GROUND,14,DOCKER,11,ea07051b051a03400802000100b50bbb000000380d03002d07060001000000000000000000c03decfe18001a000000000000000000000000000000000000000000000000000000000000000000000000000000000000000000000000000000000000000000000000000000,53ca,53ca
GROUND,14,DOCKER,11,ea07051b051a043c0800000100bb0bc8000200400d02002d07150002000000000000000000bb3d04ff18001a000000000000000000000000000000000000000000000000000000000000000000000000000000000000000000000000000000000000000000000000000000,00f1,00f1
GROUND,14,DOCKER,11,ea07051b051a05420800000100bf0bc3000200370d03002c07040002000000000000000000ba3d40ff180019000000000000000000000000000000000000000000000000000000000000000000000000000000000000000000000000000000000000000000000000000000,f5cb,f5cb
GROUND,14,DOCKER,11,ea07051b051a063e0800000200b80bce000200380d01002907020002000000000000000000c13df1fe18001a000000000000000000000000000000000000000000000000000000000000000000000000000000000000000000000000000000000000000000000000000000,2d27,2d27
GROUND,14,DOCKER,11,ea07051b051a073d0802000100bf0bc2000200340d040027070a0002000000000000000000b83d2bff180019000000000000000000000000000000000000000000000000000000000000000000000000000000000000000000000000000000000000000000000000000000,09ca,09ca
GROUND,14,DOCKER,11,ea07051b051a083d0802000000b10bca000100480d030026071800020000000000000000009f3ddefe180019000000000000000000000000000000000000000000000000000000000000000000000000000000000000000000000000000000000000000000000000000000,8f56,8f56
GROUND,14,DOCKER,11,ea07051b051a093e0800000100bc0bc90001003d0d02002c07020001000000000000000000a13ddefe18001a000000000000000000000000000000000000000000000000000000000000000000000000000000000000000000000000000000000000000000000000000000,b446,b446
GROUND,14,DOCKER,11,ea07051b051a0a3b0800000000b30bcb0001003b0d01002f07030002000000000000000000c23d68fe18001a000000000000000000000000000000000000000000000000000000000000000000000000000000000000000000000000000000000000000000000000000000,7ae8,7ae8
GROUND,14,DOCKER,11,ea07051b051a0b4b0801000000bf0bc8000000380d03002b07020002000000000000000000aa3d09ff18001a000000000000000000000000000000000000000000000000000000000000000000000000000000000000000000000000000000000000000000000000000000,20c0,20c0
GROUND,14,DOCKER,11,ea07051b051a0c3e0802000000bf0bc8000300360d03002307010001000000000000000000bb3d32ff18001a000000000000000000000000000000000000000000000000000000000000000000000000000000000000000000000000000000000000000000000000000000,85e9,85e9
GROUND,14,DOCKER,11,ea07051b051a0d3f0801000100c00bc9000000390d01002707010002000000000000000000c23d27ff18001a000000000000000000000000000000000000000000000000000000000000000000000000000000000000000000000000000000000000000000000000000000,b5b2,b5b2
GROUND,14,DOCKER,11,ea07051b051a0e470801000000b20bcd000000470d02002d07040002000000000000000000603de4fd180019000000000000000000000000000000000000000000000000000000000000000000000000000000000000000000000000000000000000000000000000000000,4ae8,4ae8
GROUND,14,DOCKER,11,ea07051b051a0f3c0800000000c60bc70000003a0d02002b07030002000000000000000000933de8fe180019000000000000000000000000000000000000000000000000000000000000000000000000000000000000000000000000000000000000000000000000000000,027f,027f
GROUND,14,DOCKER,11,ea07051b051a10470802000200bf0bc3000100490d030024070d0001000000000000000000b53df6fd180019000000000000000000000000000000000000000000000000000000000000000000000000000000000000000000000000000000000000000000000000000000,0f00,0f00
GROUND,14,DOCKER,11,ea07051b051a11440801000300b30bcc000000480d03002b07060002000000000000000000b43d16ff18001a000000000000000000000000000000000000000000000000000000000000000000000000000000000000000000000000000000000000000000000000000000,ba19,ba19
GROUND,14,DOCKER,11,ea07051b051a12400801000100b50bd10002004c0d02002807030001000000000000000000ad3d4cff18001a000000000000000000000000000000000000000000000000000000000000000000000000000000000000000000000000000000000000000000000000000000,9306,9306
GROUND,14,DOCKER,11,ea07051b051a13420801000100b70bc6000300470d02002707030001000000000000000000b23d3cfe18001a000000000000000000000000000000000000000000000000000000000000000000000000000000000000000000000000000000000000000000000000000000,bb6a,bb6a
GROUND,14,DOCKER,11,ea07051b051a14470800000200bf0bc4000000370d01002f07030003000000000000000000bd3dcafe18001a000000000000000000000000000000000000000000000000000000000000000000000000000000000000000000000000000000000000000000000000000000,8dec,8dec
GROUND,14,DOCKER,11,ea07051b051a15440802000200b40bc60000003f0d02002d070200010000000000000000009a3db5fe18001a000000000000000000000000000000000000000000000000000000000000000000000000000000000000000000000000000000000000000000000000000000,a9c9,a9c9
GROUND,14,DOCKER,11,ea07051b051a16440801000000c00bca0001003f0d02002c07010002000000000000000000463d2bff18001b000000000000000000000000000000000000000000000000000000000000000000000000000000000000000000000000000000000000000000000000000000,daa9,daa9
GROUND,14,DOCKER,11,ea07051b051a173a0800000200b70bcd000000490d02002707000001000000000000000000b53d32ff18001a000000000000000000000000000000000000000000000000000000000000000000000000000000000000000000000000000000000000000000000000000000,4b25,4b25
GROUND,14,DOCKER,11,ea07051b051a184c0801000000b90bc8000000450d02002e07020001000000000000000000923d2bff18001a000000000000000000000000000000000000000000000000000000000000000000000000000000000000000000000000000000000000000000000000000000,f532,f532
GROUND,14,DOCKER,11,ea07051b051a19400801000100b30bcd000200440d01002907200003000000000000000000c23d34ff180019000000000000000000000000000000000000000000000000000000000000000000000000000000000000000000000000000000000000000000000000000000,45e5,45e5
GROUND,14,DOCKER,11,ea07051b051a1a480801000100b40bc60002003f0d01002c071e0002000000000000000000c03d9cfc18001a000000000000000000000000000000000000000000000000000000000000000000000000000000000000000000000000000000000000000000000000000000,30f4,30f4
GROUND,14,DOCKER,11,ea07051b051a1b400801000100b30bcc000000400d02002307020001000000000000000000c33d10ff18001a000000000000000000000000000000000000000000000000000000000000000000000000000000000000000000000000000000000000000000000000000000,ddaa,ddaa
GROUND,14,DOCKER,11,ea07051b051a1c400800000100c00bd20001003b0d02002d07040001000000000000000000c93d25ff18001a000000000000000000000000000000000000000000000000000000000000000000000000000000000000000000000000000000000000000000000000000000,eca3,eca3
GROUND,14,DOCKER,11,ea07051b051e0e430801000000ba0bca0001003f0d00002807020001000000000000000000ec3d61ff180017000000000000000000000000000000000000000000000000000000000000000000000000000000000000000000000000000000000000000000000000000000,de76,de76
GROUND,14,DOCKER,11,ea07051b051e0f490802000000b30bce000200380d02002907020002000000000000000000eb3d60ff180016000000000000000000000000000000000000000000000000000000000000000000000000000000000000000000000000000000000000000000000000000000,8f90,8f90
GROUND,14,DOCKER,11,ea07051b051e10400801000000b40bd0000100400d01002507010002000000000000000000eb3d5dff180018000000000000000000000000000000000000000000000000000000000000000000000000000000000000000000000000000000000000000000000000000000,f478,f478
GROUND,14,DOCKER,11,ea07051b051e11400801000100af0bd00002003f0d02002a07010002000000000000000000e93d58ff180017000000000000000000000000000000000000000000000000000000000000000000000000000000000000000000000000000000000000000000000000000000,636d,636d
GROUND,14,DOCKER,11,ea07051b051e12400802000200b30bcd000200400d01002507020002000000000000000000e93d5dff180018000000000000000000000000000000000000000000000000000000000000000000000000000000000000000000000000000000000000000000000000000000,d0bb,d0bb
GROUND,14,DOCKER,11,ea07051b051e13420801000000c00bd60002003f0d02002c07020001000000000000000000e63d0aff180017000000000000000000000000000000000000000000000000000000000000000000000000000000000000000000000000000000000000000000000000000000,2c90,2c90
GROUND,14,DOCKER,11,ea07051b051e14440801000000b00bca000000360d02002b07030002000000000000000000d43d07ff180018000000000000000000000000000000000000000000000000000000000000000000000000000000000000000000000000000000000000000000000000000000,e082,e082
GROUND,14,DOCKER,11,ea07051b051e15400802000200c00bd00000003e0d02003007010002000000000000000000d53d29ff180017000000000000000000000000000000000000000000000000000000000000000000000000000000000000000000000000000000000000000000000000000000,d240,d240
GROUND,14,DOCKER,11,ea07051b051e16400800000200b20bd6000200440d00002307020002000000000000000000e63d5fff180017000000000000000000000000000000000000000000000000000000000000000000000000000000000000000000000000000000000000000000000000000000,39df,39df
GROUND,14,DOCKER,11,ea07051b051e173f0801000000b80bce000200430d030022070b0002000000000000000000e53d5dff180017000000000000000000000000000000000000000000000000000000000000000000000000000000000000000000000000000000000000000000000000000000,9108,9108
GROUND,14,DOCKER,11,ea07051b051e18400802000000bf0bda0000004f0d00002907010001000000000000000000d33d05ff180017000000000000000000000000000000000000000000000000000000000000000000000000000000000000000000000000000000000000000000000000000000,dd94,dd94
GROUND,14,DOCKER,11,ea07051b051e19440801000100c40bcd0000003b0d02002c07030002000000000000000000d13d08ff180017000000000000000000000000000000000000000000000000000000000000000000000000000000000000000000000000000000000000000000000000000000,7398,7398
GROUND,14,DOCKER,11,ea07051b051e1a400800000000b20bd3000100440d03002907080002000000000000000000d13d08ff180017000000000000000000000000000000000000000000000000000000000000000000000000000000000000000000000000000000000000000000000000000000,8795,8795
GROUND,14,DOCKER,11,ea07051b051e1b3f0800000000b30bd20000003f0d04002807040002000000000000000000db3d35ff180017000000000000000000000000000000000000000000000000000000000000000000000000000000000000000000000000000000000000000000000000000000,30cc,30cc
GROUND,14,DOCKER,11,ea07051b051e1c480801000200b40bcf000000470d02002807020002000000000000000000dc3d3aff180018000000000000000000000000000000000000000000000000000000000000000000000000000000000000000000000000000000000000000000000000000000,f7d8,f7d8
GROUND,14,DOCKER,11,ea07051b051e1d480802000000b50bcc000000390d01002b07010001000000000000000000e13d5eff180017000000000000000000000000000000000000000000000000000000000000000000000000000000000000000000000000000000000000000000000000000000,e56d,e56d
GROUND,14,DOCKER,11,ea07051b051e1e470800000200b20bd40002004a0d03002507020004000000000000000000e13d5dff180018000000000000000000000000000000000000000000000000000000000000000000000000000000000000000000000000000000000000000000000000000000,4edc,4edc
GROUND,14,DOCKER,11,ea07051b051e1f430801000000b80bd50000003d0d03002c07010002000000000000000000d03d0aff180017000000000000000000000000000000000000000000000000000000000000000000000000000000000000000000000000000000000000000000000000000000,5a3b,5a3b
GROUND,14,DOCKER,11,ea07051b051e20420801000200b70bcf000100400d03002d07030002000000000000000000d03d09ff180018000000000000000000000000000000000000000000000000000000000000000000000000000000000000000000000000000000000000000000000000000000,b49b,b49b
GROUND,14,DOCKER,11,ea07051b051e213f0800000200c00bd20002004b0d02002907020002000000000000000000ce3d04ff180017000000000000000000000000000000000000000000000000000000000000000000000000000000000000000000000000000000000000000000000000000000,5603,5603
GROUND,14,DOCKER,11,ea07051b051e223e0800000000c00bd0000200420d03002b07010002000000000000000000d73d33ff180018000000000000000000000000000000000000000000000000000000000000000000000000000000000000000000000000000000000000000000000000000000,ab21,ab21
GROUND,14,DOCKER,11,ea07051b051e23440802000100b70bdb0001003a0d02002b07010001000000000000000000de3d37ff180018000000000000000000000000000000000000000000000000000000000000000000000000000000000000000000000000000000000000000000000000000000,c9f3,c9f3
GROUND,14,DOCKER,11,ea07051b051e24450800000000bb0bd20002003f0d00002607020001000000000000000000de3d5dff180019000000000000000000000000000000000000000000000000000000000000000000000000000000000000000000000000000000000000000000000000000000,bbdf,bbdf
GROUND,14,DOCKER,11,ea07051b051e253f0802000100b30bd4000100400d020027072b0001000000000000000000e03d5eff180018000000000000000000000000000000000000000000000000000000000000000000000000000000000000000000000000000000000000000000000000000000,1178,1178
GROUND,14,DOCKER,11,ea07051b051e26480802000000b50bce000200390d03002e07020002000000000000000000ce3d08ff180018000000000000000000000000000000000000000000000000000000000000000000000000000000000000000000000000000000000000000000000000000000,fc7f,fc7f
GROUND,14,DOCKER,11,ea07051b051e273f0801000200c10bca000100390d00002f07010002000000000000000000cc3d02ff180017000000000000000000000000000000000000000000000000000000000000000000000000000000000000000000000000000000000000000000000000000000,b9b9,b9b9
GROUND,14,DOCKER,11,ea07051b051e28470802000000b80bd5000100480d00002807010002000000000000000000cd3d04ff180018000000000000000000000000000000000000000000000000000000000000000000000000000000000000000000000000000000000000000000000000000000,f414,f414
GROUND,14,DOCKER,11,ea07051b051e29470801000200c00bcc0002003f0d03002907040002000000000000000000db3d54ff180017000000000000000000000000000000000000000000000000000000000000000000000000000000000000000000000000000000000000000000000000000000,9e57,9e57
GROUND,14,DOCKER,11,ea07051b051e2a3d0800000100b70bd6000200360d00002e07030001000000000000000000d63d35ff180018000000000000000000000000000000000000000000000000000000000000000000000000000000000000000000000000000000000000000000000000000000,2aca,2aca
GROUND,14,DOCKER,11,ea07051b051e2b470801000100bf0bd20000003b0d03002f07010002000000000000000000d83d36ff180017000000000000000000000000000000000000000000000000000000000000000000000000000000000000000000000000000000000000000000000000000000,bf2e,bf2e
GROUND,14,DOCKER,11,ea07051b051e2c4b0800000100b60bcb000100450d03002607010002000000000000000000b23dd2fd180017000000000000000000000000000000000000000000000000000000000000000000000000000000000000000000000000000000000000000000000000000000,c3e2,c3e2
GROUND,14,DOCKER,11,ea07051b051e2d460801000000bd0bc60001003d0d00002d07030001000000000000000000693da7fe180018000000000000000000000000000000000000000000000000000000000000000000000000000000000000000000000000000000000000000000000000000000,ab96,ab96
GROUND,14,DOCKER,11,ea07051b051e2e470800000000b20bc8000200490d040028070300010000000000000000004e3dc6fe180018000000000000000000000000000000000000000000000000000000000000000000000000000000000000000000000000000000000000000000000000000000,7f02,7f02
GROUND,14,DOCKER,11,ea07051b051e2f470801000200b30bca000000400d03002507010002000000000000000000743d01fd180018000000000000000000000000000000000000000000000000000000000000000000000000000000000000000000000000000000000000000000000000000000,77dd,77dd
GROUND,14,DOCKER,11,ea07051b051e30470801000000bf0bce0002004b0d03002807020001000000000000000000693dfdfd180017000000000000000000000000000000000000000000000000000000000000000000000000000000000000000000000000000000000000000000000000000000,eafb,eafb
GROUND,14,DOCKER,11,ea07051b051e313f0801000200b10bc9000200390d010033070200020000000000000000003a3d82fe180018000000000000000000000000000000000000000000000000000000000000000000000000000000000000000000000000000000000000000000000000000000,af8e,af8e
GROUND,14,DOCKER,11,ea07051b051e32460802000000c00bd0000200360d02002e070600020000000000000000005e3d0dfe1800170000000000000000000000000000000000000000000000000000000000000000000000000000000000000000000000000000000000000000000000000000,0065,8481
GROUND,14,DOCKER,11,ea07051b051e33440802000100b80bd20001003f0d01002c07010002000000000000000000473daffd180018000000000000000000000000000000000000000000000000000000000000000000000000000000000000000000000000000000000000000000000000000000,2be1,2be1
GROUND,14,DOCKER,11,ea07051b051e343f0802000100b20bcc000200390d01002e07010002000000000000000000933d1bfe180019000000000000000000000000000000000000000000000000000000000000000000000000000000000000000000000000000000000000000000000000000000,ed75,ed75
GROUND,14,DOCKER,11,ea07051b051e35400801000000b70bd00002003d0d01002f070300010000000000000000005e3dcffe180018000000000000000000000000000000000000000000000000000000000000000000000000000000000000000000000000000000000000000000000000000000,addf,addf
GROUND,14,DOCKER,11,ea07051b051e36460801000000b80bc60001004b0d02002c07050001000000000000000000753d70fc180018000000000000000000000000000000000000000000000000000000000000000000000000000000000000000000000000000000000000000000000000000000,a7ab,a7ab
GROUND,14,DOCKER,11,ea07051b051e37470802000200bf0bc7000000470d010028072400010000000000000000009c3d65fd180018000000000000000000000000000000000000000000000000000000000000000000000000000000000000000000000000000000000000000000000000000000,35fa,35fa
GROUND,14,DOCKER,11,ea07051b051e383d0801000300b40bc80001004a0d03002a07020002000000000000000000573d85fe180018000000000000000000000000000000000000000000000000000000000000000000000000000000000000000000000000000000000000000000000000000000,0918,0918
GROUND,14,DOCKER,11,ea07051b051e393b0800000200b70bc4000200400d03002407030002000000000000000000913df2fc180018000000000000000000000000000000000000000000000000000000000000000000000000000000000000000000000000000000000000000000000000000000,6fbd,6fbd
GROUND,14,DOCKER,11,ea07051b051e3a440802000100b60bc10001004b0d02002b07010002000000000000000000b23d13fd180018000000000000000000000000000000000000000000000000000000000000000000000000000000000000000000000000000000000000000000000000000000,41a5,41a5
GROUND,14,DOCKER,11,ea07051b051e3b3e0801000200bf0bc90012004b0d01002707020002000000000000000000623d39fd180019000000000000000000000000000000000000000000000000000000000000000000000000000000000000000000000000000000000000000000000000000000,3114,3114
GROUND,14,DOCKER,11,ea07051b051f00480801000000c40bc50001004b0d03002e07020001000000000000000000c03dd4fd180019000000000000000000000000000000000000000000000000000000000000000000000000000000000000000000000000000000000000000000000000000000,3801,3801
GROUND,14,DOCKER,11,ea07051b051f01440801000100b60bc3000100480d020024070300020000000000000000009e3d60fc180017000000000000000000000000000000000000000000000000000000000000000000000000000000000000000000000000000000000000000000000000000000,b15b,b15b
GROUND,14,DOCKER,11,ea07051b051f023f0801000100bf0bc90000003e0d01002807010002000000000000000000873db8fd180019000000000000000000000000000000000000000000000000000000000000000000000000000000000000000000000000000000000000000000000000000000,3d72,3d72
GROUND,14,DOCKER,11,ea07051b051f03450801000000b40bce0002003b0d020033072000010000000000000000007e3d11ff180017000000000000000000000000000000000000000000000000000000000000000000000000000000000000000000000000000000000000000000000000000000,a76f,a76f
GROUND,14,DOCKER,11,ea07051b051f043f0800000000c30bc1000200320d03002b07040002000000000000000000473df1fc180018000000000000000000000000000000000000000000000000000000000000000000000000000000000000000000000000000000000000000000000000000000,38b6,38b6
GROUND,14,DOCKER,11,ea07051b051f05400800000100af0bd0000100450d02002707010002000000000000000000b03d28fe180019000000000000000000000000000000000000000000000000000000000000000000000000000000000000000000000000000000000000000000000000000000,048a,048a
GROUND,14,DOCKER,11,ea07051b051f06430800000000b80bcb000200440d02002e07030002000000000000000000913d0bfe180018000000000000000000000000000000000000000000000000000000000000000000000000000000000000000000000000000000000000000000000000000000,d78a,d78a
GROUND,14,DOCKER,11,ea07051b051f074c0800000100c00bca0000003b0d02003207020001000000000000000000a03dfcfe180018000000000000000000000000000000000000000000000000000000000000000000000000000000000000000000000000000000000000000000000000000000,2150,2150
GROUND,14,DOCKER,11,ea07051b051f083c0802000000c00bce0002003a0d03002d07010002000000000000000000ad3d77fe180018000000000000000000000000000000000000000000000000000000000000000000000000000000000000000000000000000000000000000000000000000000,5cd0,5cd0
GROUND,14,DOCKER,11,ea07051b051f09430800000000bf0bcb000000470d00002807030002000000000000000000813d13fd180018000000000000000000000000000000000000000000000000000000000000000000000000000000000000000000000000000000000000000000000000000000,9080,9080
GROUND,14,DOCKER,11,ea07051b051f0a470800000000bf0bcb000000400d01002b070200020000000000000000008a3d9afe180018000000000000000000000000000000000000000000000000000000000000000000000000000000000000000000000000000000000000000000000000000000,5f70,5f70
GROUND,14,DOCKER,11,ea07051b051f0b480802000200b40bcc0000004c0d00002307020002000000000000000000593d73fe180019000000000000000000000000000000000000000000000000000000000000000000000000000000000000000000000000000000000000000000000000000000,1d85,1d85
GROUND,14,DOCKER,11,ea07051b051f0c3f0801000200c20bd00003003e0d03002f07070002000000000000000000923dd7fe180018000000000000000000000000000000000000000000000000000000000000000000000000000000000000000000000000000000000000000000000000000000,5d8d,5d8d
GROUND,14,DOCKER,11,ea07051b051f0d480802000200bf0bd4000000400d01002407020002000000000000000000403d83fe180018000000000000000000000000000000000000000000000000000000000000000000000000000000000000000000000000000000000000000000000000000000,2a52,2a52
GROUND,14,DOCKER,11,ea07051b051f0e460802000100bc0bc60002003a0d01002f07040001000000000000000000b53db9fe180019000000000000000000000000000000000000000000000000000000000000000000000000000000000000000000000000000000000000000000000000000000,a1d1,a1d1
GROUND,14,DOCKER,11,ea07051b051f0f400800000200c00bc80001003f0d03002c070300020000000000000000009f3d84fe180019000000000000000000000000000000000000000000000000000000000000000000000000000000000000000000000000000000000000000000000000000000,8b79,8b79
GROUND,14,DOCKER,11,ea07051b051f10470802000100b40bc1000000400d02002707050001000000000000000000893db0fc180019000000000000000000000000000000000000000000000000000000000000000000000000000000000000000000000000000000000000000000000000000000,f9f2,f9f2
GROUND,14,DOCKER,11,ea07051b051f11420800000100b80bcd000000490d03002a07030002000000000000000000803d16fe180018000000000000000000000000000000000000000000000000000000000000000000000000000000000000000000000000000000000000000000000000000000,4ac5,4ac5
GROUND,14,DOCKER,11,ea07051b051f12470801000000bb0bcf000100400d01002b07020002000000000000000000583dc8fe180018000000000000000000000000000000000000000000000000000000000000000000000000000000000000000000000000000000000000000000000000000000,3d0b,3d0b
GROUND,14,DOCKER,11,ea07051b051f133f0801000000b30bcf0003004a0d010026070300020000000000000000009a3df9fd180018000000000000000000000000000000000000000000000000000000000000000000000000000000000000000000000000000000000000000000000000000000,5313,5313
GROUND,14,DOCKER,11,ea07051b051f14460803000200bf0bcc000200470d040028071b0001000000000000000000913d48fd180018000000000000000000000000000000000000000000000000000000000000000000000000000000000000000000000000000000000000000000000000000000,4489,4489
GROUND,14,DOCKER,11,ea07051b051f153c0802000200b70bce000000410d01002f07020002000000000000000000a73d45ff180018000000000000000000000000000000000000000000000000000000000000000000000000000000000000000000000000000000000000000000000000000000,1ba4,1ba4
GROUND,14,DOCKER,11,ea07051b051f163f0800000200c20bce0001003f0d01003007020002000000000000000000983dcdfe180018000000000000000000000000000000000000000000000000000000000000000000000000000000000000000000000000000000000000000000000000000000,e07c,e07c
GROUND,14,DOCKER,11,ea07051b051f173f0800000100b80bcf000000440d00002807010002000000000000000000983dcdfe180018000000000000000000000000000000000000000000000000000000000000000000000000000000000000000000000000000000000000000000000000000000,6255,6255
GROUND,14,DOCKER,11,ea07051b051f183f0801000200b20bc6000200440d03002807010002000000000000000000983d60fe180018000000000000000000000000000000000000000000000000000000000000000000000000000000000000000000000000000000000000000000000000000000,6251,6251
GROUND,14,DOCKER,11,ea07051b051f19490802000200b80bcb000300370d02002707010002000000000000000000c03d56fe180019000000000000000000000000000000000000000000000000000000000000000000000000000000000000000000000000000000000000000000000000000000,edf9,edf9
GROUND,14,DOCKER,11,ea07051b051f1a400800000200bb0bca000200400d00002707010002000000000000000000c03d56fe180018000000000000000000000000000000000000000000000000000000000000000000000000000000000000000000000000000000000000000000000000000000,fc54,fc54
GROUND,14,DOCKER,11,ea07051b051f1b430800000200b80bc80002004c0d020029070300020000000000000000005a3dc9fe180018000000000000000000000000000000000000000000000000000000000000000000000000000000000000000000000000000000000000000000000000000000,4f6d,4f6d
GROUND,14,DOCKER,11,ea07051b051f1c3f0800000000c00bcb0000004b0d03002c070b00010000000000000000005a3dc9fe180019000000000000000000000000000000000000000000000000000000000000000000000000000000000000000000000000000000000000000000000000000000,899e,899e
GROUND,14,DOCKER,11,ea07051b051f1d410802000200b30bcd000200400d01002707020002000000000000000000953daefe180019000000000000000000000000000000000000000000000000000000000000000000000000000000000000000000000000000000000000000000000000000000,4f14,4f14
GROUND,14,DOCKER,11,ea07051b051f1e3d0800000300b40bc40002003a0d04002c07020002000000000000000000c23de1fe180019000000000000000000000000000000000000000000000000000000000000000000000000000000000000000000000000000000000000000000000000000000,74b3,74b3
GROUND,14,DOCKER,11,ea07051b051f1f460802000100b50bc2000100370d03002f07000002000000000000000000973d87fe180018000000000000000000000000000000000000000000000000000000000000000000000000000000000000000000000000000000000000000000000000000000,265c,265c
GROUND,14,DOCKER,11,ea07051b051f203f0800000000ba0bc60000004c0d02002707030002000000000000000000a23d9afe180019000000000000000000000000000000000000000000000000000000000000000000000000000000000000000000000000000000000000000000000000000000,a57a,a57a
GROUND,14,DOCKER,11,ea07051b051f21450802000100b80bcb0001003f0d000030071b00020000000000000000009d3dfcfe180018000000000000000000000000000000000000000000000000000000000000000000000000000000000000000000000000000000000000000000000000000000,a0b5,a0b5
GROUND,14,DOCKER,11,ea07051b051f22470802000000b20bcb0002003c0d03002b070100010000000000000000000a3d5efe18001a000000000000000000000000000000000000000000000000000000000000000000000000000000000000000000000000000000000000000000000000000000,4af6,4af6
GROUND,14,DOCKER,11,ea07051b051f23450800000100c00bc90000003d0d02002c07010002000000000000000000b13d50ff180018000000000000000000000000000000000000000000000000000000000000000000000000000000000000000000000000000000000000000000000000000000,2826,2826
GROUND,14,DOCKER,11,ea07051b051f24400800000200c30bce0002003a0d00002e07040002000000000000000000c13d1afe180018000000000000000000000000000000000000000000000000000000000000000000000000000000000000000000000000000000000000000000000000000000,8293,8293
GROUND,14,DOCKER,11,ea07051b051f253b0802000200b50bc90002003f0d00002a07020002000000000000000000993d2cfe180018000000000000000000000000000000000000000000000000000000000000000000000000000000000000000000000000000000000000000000000000000000,5898,5898
GROUND,14,DOCKER,11,ea07051b051f263e0801000000bf0bc2000100400d03002f070300020000000000000000007a3d9dfe180019000000000000000000000000000000000000000000000000000000000000000000000000000000000000000000000000000000000000000000000000000000,4301,4301
GROUND,14,DOCKER,11,ea07051b051f27450802000000c70bc7000200370d00002b07030001000000000000000000493d99fc180018000000000000000000000000000000000000000000000000000000000000000000000000000000000000000000000000000000000000000000000000000000,ceeb,ceeb
GROUND,14,DOCKER,11,ea07051b051f284a0802000200c10bd0000200350d00002f070400020000000000000000004d3d4eff180018000000000000000000000000000000000000000000000000000000000000000000000000000000000000000000000000000000000000000000000000000000,0cb8,0cb8
GROUND,14,DOCKER,11,ea07051b051f29440802000000b70bc70000003b0d02002f07030002000000000000000000893de9fb180019000000000000000000000000000000000000000000000000000000000000000000000000000000000000000000000000000000000000000000000000000000,f18c,f18c
GROUND,14,DOCKER,11,ea07051b051f2a480802000000b20bca000100450d00002807020002000000000000000000963df2fe180018000000000000000000000000000000000000000000000000000000000000000000000000000000000000000000000000000000000000000000000000000000,504a,504a
GROUND,14,DOCKER,11,ea07051b051f2b480801000100c00bcd000000470d010024071c0002000000000000000000a73dacfc180019000000000000000000000000000000000000000000000000000000000000000000000000000000000000000000000000000000000000000000000000000000,f241,f241
GROUND,14,DOCKER,11,ea07051b051f2c400800000200bf0bce0001004a0d03002807010002000000000000000000673d7bfe180019000000000000000000000000000000000000000000000000000000000000000000000000000000000000000000000000000000000000000000000000000000,99e3,99e3
GROUND,14,DOCKER,11,ea07051b051f2d400800000100c70bc7000200350d00002d07030001000000000000000000a93d49fe180019000000000000000000000000000000000000000000000000000000000000000000000000000000000000000000000000000000000000000000000000000000,d730,d730
GROUND,14,DOCKER,11,ea07051b051f2e470801000000b30bc5000000490d02002807010002000000000000000000393d72fc180019000000000000000000000000000000000000000000000000000000000000000000000000000000000000000000000000000000000000000000000000000000,b48b,b48b
GROUND,14,DOCKER,11,ea07051b051f2f3d0802000200bc0bc2000200370d01002d07120001000000000000000000963dc8fd180018000000000000000000000000000000000000000000000000000000000000000000000000000000000000000000000000000000000000000000000000000000,17f4,17f4
GROUND,14,DOCKER,11,ea07051b051f30430800000200b50bca000000480d030027070100020000000000000000002d3dc8fd180018000000000000000000000000000000000000000000000000000000000000000000000000000000000000000000000000000000000000000000000000000000,88d2,88d2
GROUND,14,DOCKER,11,ea07051b051f31480802000200b40bca000200470d02002a07060002000000000000000000b23dbefe180019000000000000000000000000000000000000000000000000000000000000000000000000000000000000000000000000000000000000000000000000000000,a7c1,a7c1
GROUND,14,DOCKER,11,ea07051b051f324e0801000000c00bc40000003b0d01002707030002000000000000000000a73d94fd180018000000000000000000000000000000000000000000000000000000000000000000000000000000000000000000000000000000000000000000000000000000,19cb,19cb
GROUND,14,DOCKER,11,ea07051b051f33470801000100bf0bcd000100470d00002707010001000000000000000000433de5fe180019000000000000000000000000000000000000000000000000000000000000000000000000000000000000000000000000000000000000000000000000000000,7573,7573
GROUND,14,DOCKER,11,ea07051b051f343e0800000200c00bc6000100370d02002d070d00010000000000000000003e3d34ff180018000000000000000000000000000000000000000000000000000000000000000000000000000000000000000000000000000000000000000000000000000000,93a8,93a8
GROUND,14,DOCKER,11,ea07051b051f35450802000100b10bd3000000500d030024070100020000000000000000005d3d4dfd180019000000000000000000000000000000000000000000000000000000000000000000000000000000000000000000000000000000000000000000000000000000,a956,a956
GROUND,14,DOCKER,11,ea07051b051f36470800000000bf0bcb0000003a0d03002b07010001000000000000000000803da0fe180018000000000000000000000000000000000000000000000000000000000000000000000000000000000000000000000000000000000000000000000000000000,4731,4731
GROUND,14,DOCKER,11,ea07051b051f373f0802000100b50bc6000200460d030025070a0001000000000000000000a63dc1fe180019000000000000000000000000000000000000000000000000000000000000000000000000000000000000000000000000000000000000000000000000000000,9c84,9c84
GROUND,14,DOCKER,11,ea07051b051f38470801000200b50bce0002004c0d01002907030002000000000000000000753d29fc18001a000000000000000000000000000000000000000000000000000000000000000000000000000000000000000000000000000000000000000000000000000000,bb24,bb24
GROUND,14,DOCKER,11,ea07051b051f39400803000000bd0bc40002003b0d02002d07030001000000000000000000893d0cff180018000000000000000000000000000000000000000000000000000000000000000000000000000000000000000000000000000000000000000000000000000000,ea25,ea25
GROUND,14,DOCKER,11,ea07051b051f3a3f0801000100b30bca000100390d03002f07030002000000000000000000ae3de7fe180019000000000000000000000000000000000000000000000000000000000000000000000000000000000000000000000000000000000000000000000000000000,cd5b,cd5b
GROUND,14,DOCKER,11,ea07051b051f3b390801000200af0bc8000000370d01002d07030001000000000000000000ab3d4efd180018000000000000000000000000000000000000000000000000000000000000000000000000000000000000000000000000000000000000000000000000000000,9101,9101
GROUND,14,DOCKER,11,ea07051b052000440802000000b40bca0000003f0d020028070200020000000000000000006f3d7efe180018000000000000000000000000000000000000000000000000000000000000000000000000000000000000000000000000000000000000000000000000000000,a0bd,a0bd
GROUND,14,DOCKER,11,ea07051b052001470801000100b40bcf000100470d03002e07010002000000000000000000a33d94fd180018000000000000000000000000000000000000000000000000000000000000000000000000000000000000000000000000000000000000000000000000000000,0dcc,0dcc
GROUND,14,DOCKER,11,ea07051b052002460801000200c20bcc000000400d00002507010002000000000000000000ab3ddbfe180019000000000000000000000000000000000000000000000000000000000000000000000000000000000000000000000000000000000000000000000000000000,c51c,c51c
GROUND,14,DOCKER,11,ea07051b052003420802000000bf0bc9000000370d02002907020002000000000000000000a93d9efd180018000000000000000000000000000000000000000000000000000000000000000000000000000000000000000000000000000000000000000000000000000000,b75f,b75f
GROUND,14,DOCKER,11,ea07051b052004470801000000c00bc9000000460d03002607010002000000000000000000893d3bff180018000000000000000000000000000000000000000000000000000000000000000000000000000000000000000000000000000000000000000000000000000000,ac64,ac64
GROUND,14,DOCKER,11,ea07051b052005440801000300bf0bcf000200440d03002807020001000000000000000000913d00ff18001a000000000000000000000000000000000000000000000000000000000000000000000000000000000000000000000000000000000000000000000000000000,976e,976e
GROUND,14,DOCKER,11,ea07051b0520063d0801000200bf0bc5000000350d02002707010001000000000000000000a63d16ff180018000000000000000000000000000000000000000000000000000000000000000000000000000000000000000000000000000000000000000000000000000000,1729,1729
GROUND,14,DOCKER,11,ea07051b052007400802000200bb0bcf000200350d02002b07020001000000000000000000a53dcafe180018000000000000000000000000000000000000000000000000000000000000000000000000000000000000000000000000000000000000000000000000000000,3c47,3c47
GROUND,14,DOCKER,11,ea07051b0520083f0800000100bb0bc2000200370d02002f070300010000000000000000001a3d82fe180019000000000000000000000000000000000000000000000000000000000000000000000000000000000000000000000000000000000000000000000000000000,48c6,48c6
GROUND,14,DOCKER,11,ea07051b052009490802000000b90bc90002003a0d01002b07030002000000000000000000a03dbcfc180019000000000000000000000000000000000000000000000000000000000000000000000000000000000000000000000000000000000000000000000000000000,aa5e,aa5e
GROUND,14,DOCKER,11,ea07051b05200a3e0802000000be0bc9000000390d02002d070300010000000000000000009d3d73fb18001a000000000000000000000000000000000000000000000000000000000000000000000000000000000000000000000000000000000000000000000000000000,f4d7,f4d7
GROUND,14,DOCKER,11,ea07051b05200b440801000100bc0bc00001003f0d00002807030002000000000000000000233dc5fe180018000000000000000000000000000000000000000000000000000000000000000000000000000000000000000000000000000000000000000000000000000000,f5e9,f5e9
GROUND,14,DOCKER,11,ea07051b05200c480801000100bf0bca000200380d000029070b00020000000000000000009b3d87fc18001a000000000000000000000000000000000000000000000000000000000000000000000000000000000000000000000000000000000000000000000000000000,86be,86be
GROUND,14,DOCKER,11,ea07051b05200d3f0800000100b50bca000200440d02002407030002000000000000000000363dccfc18001a000000000000000000000000000000000000000000000000000000000000000000000000000000000000000000000000000000000000000000000000000000,28af,28af
GROUND,14,DOCKER,11,ea07051b05200e470801000100c00bd2000000390d01002f07030002000000000000000000913dbffc180019000000000000000000000000000000000000000000000000000000000000000000000000000000000000000000000000000000000000000000000000000000,879a,879a
GROUND,14,DOCKER,11,ea07051b05200f3f0800000300b40bd1000300380d03002b07200003000000000000000000ac3de1fe180019000000000000000000000000000000000000000000000000000000000000000000000000000000000000000000000000000000000000000000000000000000,bae8,bae8
GROUND,14,DOCKER,11,ea07051b052010440802000000b30bcb000200420d020029070a00010000000000000000009e3d44fe18001a000000000000000000000000000000000000000000000000000000000000000000000000000000000000000000000000000000000000000000000000000000,4d74,4d74
GROUND,14,DOCKER,11,ea07051b052011440802000300b40bbf000000450d00002607030002000000000000000000223d4aff180019000000000000000000000000000000000000000000000000000000000000000000000000000000000000000000000000000000000000000000000000000000,6138,6138
GROUND,14,DOCKER,11,ea07051b052012400800000200b80bd70002004e0d00002707040002000000000000000000743d21ff180019000000000000000000000000000000000000000000000000000000000000000000000000000000000000000000000000000000000000000000000000000000,eba4,eba4
GROUND,14,DOCKER,11,ea07051b052013420800000200b80bc4000000400d02002607010002000000000000000000183d11fe180019000000000000000000000000000000000000000000000000000000000000000000000000000000000000000000000000000000000000000000000000000000,cc43,cc43
GROUND,14,DOCKER,11,ea07051b052014400801000100bf0bce000200380d02002b07020002000000000000000000653d9afc18001a000000000000000000000000000000000000000000000000000000000000000000000000000000000000000000000000000000000000000000000000000000,8020,8020
GROUND,14,DOCKER,11,ea07051b052015440802000200c00bcb0000003c0d02002a07010002000000000000000000573d58ff180019000000000000000000000000000000000000000000000000000000000000000000000000000000000000000000000000000000000000000000000000000000,2233,2233
GROUND,14,DOCKER,11,ea07051b0520163f0800000100b70bd0000000480d020026070200020000000000000000008c3d1aff180019000000000000000000000000000000000000000000000000000000000000000000000000000000000000000000000000000000000000000000000000000000,d093,d093
GROUND,14,DOCKER,11,ea07051b052017440801000200b70bcb000000460d02002507020001000000000000000000a53dbcfc190019000000000000000000000000000000000000000000000000000000000000000000000000000000000000000000000000000000000000000000000000000000,94ab,94ab
GROUND,14,DOCKER,11,ea07051b0520184a0801000200c20bc40002003f0d02003007040002000000000000000000373dccfe190018000000000000000000000000000000000000000000000000000000000000000000000000000000000000000000000000000000000000000000000000000000,d76e,d76e
GROUND,14,DOCKER,11,ea07051b052019420800000000bf0bc90001003b0d01002907010001000000000000000000913d6afe190019000000000000000000000000000000000000000000000000000000000000000000000000000000000000000000000000000000000000000000000000000000,eeb5,eeb5
GROUND,14,DOCKER,11,ea07051b05201a400800000100c60bcb0001004f0d02002c07040002000000000000000000983d40fe190019000000000000000000000000000000000000000000000000000000000000000000000000000000000000000000000000000000000000000000000000000000,5a59,5a59
GROUND,14,DOCKER,11,ea07051b05201b400801000100c30bd00002003b0d010030070200020000000000000000007f3deafc190019000000000000000000000000000000000000000000000000000000000000000000000000000000000000000000000000000000000000000000000000000000,592b,592b
GROUND,14,DOCKER,11,ea07051b05201c420801000200bb0bcb0001004c0d010027070200020000000000000000001a3d7aff190019000000000000000000000000000000000000000000000000000000000000000000000000000000000000000000000000000000000000000000000000000000,0f2d,0f2d
GROUND,14,DOCKER,11,ea07051b05201d400800000000c30bcc0000003b0d030029070000020000000000000000006b3d78ff190019000000000000000000000000000000000000000000000000000000000000000000000000000000000000000000000000000000000000000000000000000000,cb4a,cb4a
GROUND,14,DOCKER,11,ea07051b05201e470801000200bf0bc50002003f0d01002a07110002000000000000000000243d80fe190019000000000000000000000000000000000000000000000000000000000000000000000000000000000000000000000000000000000000000000000000000000,cc44,cc44
GROUND,14,DOCKER,11,ea07051b05201f450800000100b80bc20002003f0d020032070300020000000000000000008e3d99fe190019000000000000000000000000000000000000000000000000000000000000000000000000000000000000000000000000000000000000000000000000000000,1a3e,1a3e
GROUND,14,DOCKER,11,ea07051b052020470802000100b50bc7000000400d04002907040002000000000000000000a63dfbfd19001a000000000000000000000000000000000000000000000000000000000000000000000000000000000000000000000000000000000000000000000000000000,0790,0790
GROUND,14,DOCKER,11,ea07051b052021400801000300c00bc1000200370d00002f071e0002000000000000000000a03d90fd190019000000000000000000000000000000000000000000000000000000000000000000000000000000000000000000000000000000000000000000000000000000,b02e,b02e
GROUND,14,DOCKER,11,ea07051b0520223c0800000100bb0bc9000100400d00002607020001000000000000000000963dadfe19001a000000000000000000000000000000000000000000000000000000000000000000000000000000000000000000000000000000000000000000000000000000,eaf5,eaf5
GROUND,14,DOCKER,11,ea07051b052023400802000100bd0bce000200440d030026070200010000000000000000003f3d94fe19001a000000000000000000000000000000000000000000000000000000000000000000000000000000000000000000000000000000000000000000000000000000,7e14,7e14
GROUND,14,DOCKER,11,ea07051b0520243f0801000000b50bc10001004a0d02002a07030001000000000000000000a53d80fd190019000000000000000000000000000000000000000000000000000000000000000000000000000000000000000000000000000000000000000000000000000000,95ec,95ec
GROUND,14,DOCKER,11,ea07051b0520253f0800000200b70bbd0002003f0d05002a070300020000000000000000003f3d77ff190019000000000000000000000000000000000000000000000000000000000000000000000000000000000000000000000000000000000000000000000000000000,e16c,e16c
GROUND,14,DOCKER,11,ea07051b052026470801000000c40bce000100470d010035070100020000000000000000009f3d27fe190019000000000000000000000000000000000000000000000000000000000000000000000000000000000000000000000000000000000000000000000000000000,44ac,44ac
GROUND,14,DOCKER,11,ea07051b052027460800000200c00bc1000000470d02002907010003000000000000000000453d64fe190019000000000000000000000000000000000000000000000000000000000000000000000000000000000000000000000000000000000000000000000000000000,7d8d,7d8d
GROUND,14,DOCKER,11,ea07051b0520283f0800000100b40bcd000000390d02002d070200020000000000000000004c3d9dfe190019000000000000000000000000000000000000000000000000000000000000000000000000000000000000000000000000000000000000000000000000000000,3aea,3aea
GROUND,14,DOCKER,11,ea07051b052029430802000000b50bc60002003f0d02002c07020002000000000000000000543d2fff190019000000000000000000000000000000000000000000000000000000000000000000000000000000000000000000000000000000000000000000000000000000,0309,0309
GROUND,14,DOCKER,11,ea07051b05202a400800000000b40bc2000200440d00002407020004000000000000000000a13d76fe19001a000000000000000000000000000000000000000000000000000000000000000000000000000000000000000000000000000000000000000000000000000000,887e,887e
GROUND,14,DOCKER,11,ea07051b05202b3c0801000100af0bd2000000400d03002507000002000000000000000000a33dc4fc18001a000000000000000000000000000000000000000000000000000000000000000000000000000000000000000000000000000000000000000000000000000000,a2a2,a2a2
GROUND,14,DOCKER,11,ea07051b05202c3c0801000100b50bcd0002003b0d000030071700020000000000000000008b3d18fe180019000000000000000000000000000000000000000000000000000000000000000000000000000000000000000000000000000000000000000000000000000000,c269,c269
GROUND,14,DOCKER,11,ea07051b05202d430801000000bf0bc5000200380d03002f070200020000000000000000004d3df4fe18001a000000000000000000000000000000000000000000000000000000000000000000000000000000000000000000000000000000000000000000000000000000,3c42,3c42
GROUND,14,DOCKER,11,ea07051b05202e400801000100b50bc8000200480d02002807030002000000000000000000883d09fc18001a000000000000000000000000000000000000000000000000000000000000000000000000000000000000000000000000000000000000000000000000000000,092b,092b
GROUND,14,DOCKER,11,ea07051b05202f3f0800000200b70bcb0001004b0d02002807030002000000000000000000493df1fe180019000000000000000000000000000000000000000000000000000000000000000000000000000000000000000000000000000000000000000000000000000000,8936,8936
GROUND,14,DOCKER,11,ea07051b052030430801000200b80bc9000200450d03002807020002000000000000000000643d14ff19001a000000000000000000000000000000000000000000000000000000000000000000000000000000000000000000000000000000000000000000000000000000,0f70,0f70
GROUND,14,DOCKER,11,ea07051b0520314b0801000100b50bd1000200470d000028070200020000000000000000004e3dcbfc180019000000000000000000000000000000000000000000000000000000000000000000000000000000000000000000000000000000000000000000000000000000,a2d3,a2d3
GROUND,14,DOCKER,11,ea07051b0520323d0801000200c00bc7000200370d02002f070400020000000000000000004d3d71fe19001a000000000000000000000000000000000000000000000000000000000000000000000000000000000000000000000000000000000000000000000000000000,cd87,cd87
GROUND,14,DOCKER,11,ea07051b0520333e0800000000bc0bc1000100360d00002b070300020000000000000000009e3debfd190019000000000000000000000000000000000000000000000000000000000000000000000000000000000000000000000000000000000000000000000000000000,4cb6,4cb6
GROUND,14,DOCKER,11,ea07051b052034430801000100c50bce0002003a0d00002b071a0001000000000000000000943d31fd190019000000000000000000000000000000000000000000000000000000000000000000000000000000000000000000000000000000000000000000000000000000,49a4,49a4
GROUND,14,DOCKER,11,ea07051b052035400801000000bf0bcc000100440d02002707040002000000000000000000813dd2fc19001a000000000000000000000000000000000000000000000000000000000000000000000000000000000000000000000000000000000000000000000000000000,30c9,30c9
GROUND,14,DOCKER,11,ea07051b052036450800000000b50bc50001003b0d03002e07030002000000000000000000713d2fff19001a000000000000000000000000000000000000000000000000000000000000000000000000000000000000000000000000000000000000000000000000000000,a5f2,a5f2
GROUND,14,DOCKER,11,ea07051b0520374b0800000000bf0bd40001003a0d01002507030001000000000000000000983d42fd19001a000000000000000000000000000000000000000000000000000000000000000000000000000000000000000000000000000000000000000000000000000000,ba69,ba69
GROUND,14,DOCKER,11,ea07051b052038470800000000bf0bc30003003b0d02002d07080002000000000000000000803db7fe190019000000000000000000000000000000000000000000000000000000000000000000000000000000000000000000000000000000000000000000000000000000,ec99,ec99
GROUND,14,DOCKER,11,ea07051b052039400800000000b80bd00001003b0d03002d070200010000000000000000009e3de2fc190019000000000000000000000000000000000000000000000000000000000000000000000000000000000000000000000000000000000000000000000000000000,ef2f,ef2f
GROUND,14,DOCKER,11,ea07051b05203a400800000000b80bc40001003a0d02002b07040001000000000000000000693debfe19001a000000000000000000000000000000000000000000000000000000000000000000000000000000000000000000000000000000000000000000000000000000,ed30,ed30
GROUND,14,DOCKER,11,ea07051b05203b460800000100b80bcb000000490d00002c070100020000000000000000009a3d55fe190019000000000000000000000000000000000000000000000000000000000000000000000000000000000000000000000000000000000000000000000000000000,8d7b,8d7b
GROUND,14,DOCKER,11,ea07051b0521003f0801000200b50bc6000000390d02002f07020002000000000000000000753d03fd19001a000000000000000000000000000000000000000000000000000000000000000000000000000000000000000000000000000000000000000000000000000000,89be,89be
GROUND,14,DOCKER,11,ea07051b0521014a0802000200b80bc50000003d0d03002d070300020000000000000000007a3d32ff19001a000000000000000000000000000000000000000000000000000000000000000000000000000000000000000000000000000000000000000000000000000000,782b,782b
GROUND,14,DOCKER,11,ea07051b052102420801000100b70bca000100440d030026070800020000000000000000008c3db6fe19001a000000000000000000000000000000000000000000000000000000000000000000000000000000000000000000000000000000000000000000000000000000,7b1d,7b1d
GROUND,14,DOCKER,11,ea07051b0521034a0801000000c10bc60002003b0d02002e07020002000000000000000000793de7fe190018000000000000000000000000000000000000000000000000000000000000000000000000000000000000000000000000000000000000000000000000000000,800c,800c
GROUND,14,DOCKER,11,ea07051b052104400801000200b30bcc000000430d01002c07020001000000000000000000283d08ff190019000000000000000000000000000000000000000000000000000000000000000000000000000000000000000000000000000000000000000000000000000000,179b,179b
GROUND,14,DOCKER,11,ea07051b0521053d0801000200bf0bc70001004a0d04002607010001000000000000000000aa3d02fe190019000000000000000000000000000000000000000000000000000000000000000000000000000000000000000000000000000000000000000000000000000000,aecc,aecc
GROUND,14,DOCKER,11,ea07051b052106410801000200bf0bca000000390d02003007010002000000000000000000813d15ff190019000000000000000000000000000000000000000000000000000000000000000000000000000000000000000000000000000000000000000000000000000000,aeca,aeca
GROUND,14,DOCKER,11,ea07051b052107390800000100b40bc6000100470d03002807020002000000000000000000703d85ff19001a000000000000000000000000000000000000000000000000000000000000000000000000000000000000000000000000000000000000000000000000000000,ad74,ad74
GROUND,14,DOCKER,11,ea07051b0521084b0802000000b30bc90002003a0d00002d07010000000000000000000000833dc3fe19001a000000000000000000000000000000000000000000000000000000000000000000000000000000000000000000000000000000000000000000000000000000,70be,70be
GROUND,14,DOCKER,11,ea07051b052109430801000000b40bc10002003c0d00002b07020001000000000000000000523da6fc190019000000000000000000000000000000000000000000000000000000000000000000000000000000000000000000000000000000000000000000000000000000,2b9b,2b9b
GROUND,14,DOCKER,11,ea07051b05210a440802000100bf0bd1000000470d030028070800020000000000000000004c3d45ff19001a000000000000000000000000000000000000000000000000000000000000000000000000000000000000000000000000000000000000000000000000000000,de75,de75
GROUND,14,DOCKER,11,ea07051b05210b3e0800000000c10bd4000100400d010027070100020000000000000000005e3d2ffd19001a000000000000000000000000000000000000000000000000000000000000000000000000000000000000000000000000000000000000000000000000000000,6763,6763
GROUND,14,DOCKER,11,ea07051b05210c430800000100b40bd0000200400d03002c070100020000000000000000003b3de3fd19001a000000000000000000000000000000000000000000000000000000000000000000000000000000000000000000000000000000000000000000000000000000,20d7,20d7
GROUND,14,DOCKER,11,ea07051b05210d450801000100bb0bc30000004c0d020027071c00010000000000000000009b3ddcfe190019000000000000000000000000000000000000000000000000000000000000000000000000000000000000000000000000000000000000000000000000000000,e85d,e85d
GROUND,14,DOCKER,11,ea07051b05210e490801000000b70bce000100420d00002707010001000000000000000000703dcffc19001b000000000000000000000000000000000000000000000000000000000000000000000000000000000000000000000000000000000000000000000000000000,015a,015a
GROUND,14,DOCKER,11,ea07051b05210f3f0801000200b80bc0000200390d00002d07030002000000000000000000633daafc190019000000000000000000000000000000000000000000000000000000000000000000000000000000000000000000000000000000000000000000000000000000,f3ee,f3ee
GROUND,14,DOCKER,11,ea07051b052110490802000000c00bc70002003f0d030026070a0002000000000000000000983db7fe19001b000000000000000000000000000000000000000000000000000000000000000000000000000000000000000000000000000000000000000000000000000000,4a5d,4a5d
GROUND,14,DOCKER,11,ea07051b052111390800000100bf0bc6000000400d02002607000001000000000000000000803df6fd190019000000000000000000000000000000000000000000000000000000000000000000000000000000000000000000000000000000000000000000000000000000,cfe2,cfe2
GROUND,14,DOCKER,11,ea07051b0521123c0800000200b50bca000100400d01002507030001000000000000000000933db5fe19001a000000000000000000000000000000000000000000000000000000000000000000000000000000000000000000000000000000000000000000000000000000,159c,159c
GROUND,14,DOCKER,11,ea07051b052113400800000200bb0bd10000003f0d02002c070200010000000000000000007f3dfbfe190019000000000000000000000000000000000000000000000000000000000000000000000000000000000000000000000000000000000000000000000000000000,ca6a,ca6a
GROUND,14,DOCKER,11,ea07051b052114460802000100b70bc5000000470d00002607010002000000000000000000743d30ff190019000000000000000000000000000000000000000000000000000000000000000000000000000000000000000000000000000000000000000000000000000000,1217,1217
GROUND,14,DOCKER,11,ea07051b052115440802000000bf0bc7000100370d03002b07110002000000000000000000803d28ff19001a000000000000000000000000000000000000000000000000000000000000000000000000000000000000000000000000000000000000000000000000000000,18b1,18b1
GROUND,14,DOCKER,11,ea07051b0521163c0800000100b70bc50002004a0d000026070100020000000000000000005b3d2bfe19001a000000000000000000000000000000000000000000000000000000000000000000000000000000000000000000000000000000000000000000000000000000,b816,b816
GROUND,14,DOCKER,11,ea07051b052117440802000000c60bc8000100370d02002d07030002000000000000000000143db2fe190019000000000000000000000000000000000000000000000000000000000000000000000000000000000000000000000000000000000000000000000000000000,0f6e,0f6e
GROUND,14,DOCKER,11,ea07051b052118470802000100c10bce0001003b0d03002e07010002000000000000000000703debfe190019000000000000000000000000000000000000000000000000000000000000000000000000000000000000000000000000000000000000000000000000000000,539a,539a
GROUND,14,DOCKER,11,ea07051b0521193f0801000200b90bcb0002003f0d01003207030002000000000000000000793dc6fe190019000000000000000000000000000000000000000000000000000000000000000000000000000000000000000000000000000000000000000000000000000000,bb9d,bb9d
GROUND,14,DOCKER,11,ea07051b05211a3f0802000000b70bcb0002003f0d010030070300020000000000000000006b3da6fc19001a000000000000000000000000000000000000000000000000000000000000000000000000000000000000000000000000000000000000000000000000000000,6043,6043
GROUND,14,DOCKER,11,ea07051b05211b3f0801000200c00bc6000000370d03002b07000002000000000000000000453d3aff19001a000000000000000000000000000000000000000000000000000000000000000000000000000000000000000000000000000000000000000000000000000000,ef65,ef65
GROUND,14,DOCKER,11,ea07051b05211c430800000200c00bca000000380d02002707020002000000000000000000773d37ff19001a000000000000000000000000000000000000000000000000000000000000000000000000000000000000000000000000000000000000000000000000000000,c093,c093
GROUND,14,DOCKER,11,ea07051b05211d3d0802000200c00bc7000100480d04002807020002000000000000000000153deafe190019000000000000000000000000000000000000000000000000000000000000000000000000000000000000000000000000000000000000000000000000000000,3ede,3ede
GROUND,14,DOCKER,11,ea07051b05211e3d0801000000bf0bcc000200360d00002b070000020000000000000000006e3dfafe190019000000000000000000000000000000000000000000000000000000000000000000000000000000000000000000000000000000000000000000000000000000,2e94,2e94
GROUND,14,DOCKER,11,ea07051b05211f430801000200b50bc80000004b0d01002c07020002000000000000000000943deefc19001a000000000000000000000000000000000000000000000000000000000000000000000000000000000000000000000000000000000000000000000000000000,7c9f,7c9f
GROUND,14,DOCKER,11,ea07051b052120470802000200bf0bc7000200390d00002b070a00020000000000000000006d3d0cfe19001a000000000000000000000000000000000000000000000000000000000000000000000000000000000000000000000000000000000000000000000000000000,a9d6,a9d6
GROUND,14,DOCKER,11,ea07051b052121470802000100b90bc0000200400d02002a070200010000000000000000007c3dc2fe19001a000000000000000000000000000000000000000000000000000000000000000000000000000000000000000000000000000000000000000000000000000000,f6b2,f6b2
GROUND,14,DOCKER,11,ea07051b0521223f0800000100c40bce000200400d03002b070100020000000000000000004a3d2cfe19001a000000000000000000000000000000000000000000000000000000000000000000000000000000000000000000000000000000000000000000000000000000,df4a,df4a
GROUND,14,DOCKER,11,ea07051b052123400801000200bf0bc7000100400d02002707040001000000000000000000713dd2fe19001a000000000000000000000000000000000000000000000000000000000000000000000000000000000000000000000000000000000000000000000000000000,a143,a143
GROUND,14,DOCKER,11,ea07051b052124410801000100c00bc5000300400d02002707030003000000000000000000273de2fe19001a000000000000000000000000000000000000000000000000000000000000000000000000000000000000000000000000000000000000000000000000000000,ff1c,ff1c
GROUND,14,DOCKER,11,ea07051b0521253f0800000200c30bd3000200350d03002d07020002000000000000000000763d10ff190019000000000000000000000000000000000000000000000000000000000000000000000000000000000000000000000000000000000000000000000000000000,46da,46da
GROUND,14,DOCKER,11,ea07051b052126490800000100b40bcf000000460d00002507060002000000000000000000983d61fe19001a000000000000000000000000000000000000000000000000000000000000000000000000000000000000000000000000000000000000000000000000000000,7bbc,7bbc
GROUND,14,DOCKER,11,ea07051b052127440802000100bb0bc8000000490d020028070300020000000000000000008f3deefd19001a000000000000000000000000000000000000000000000000000000000000000000000000000000000000000000000000000000000000000000000000000000,e730,e730
GROUND,14,DOCKER,11,ea07051b0521283c0800000200b50bc50002003f0d02002d07090002000000000000000000833da2fd19001a000000000000000000000000000000000000000000000000000000000000000000000000000000000000000000000000000000000000000000000000000000,461c,461c
GROUND,14,DOCKER,11,ea07051b052129410802000000c50bcb000100400d000026072100020000000000000000004c3d22ff19001a000000000000000000000000000000000000000000000000000000000000000000000000000000000000000000000000000000000000000000000000000000,3746,3746
GROUND,14,DOCKER,11,ea07051b05212a3f0801000000c00bcd000000350d02002b07030002000000000000000000753dc6fc19001a000000000000000000000000000000000000000000000000000000000000000000000000000000000000000000000000000000000000000000000000000000,8d93,8d93
GROUND,14,DOCKER,11,ea07051b05212b4b0801000000b20bcc000000470d02003107040002000000000000000000883dd1fe19001a000000000000000000000000000000000000000000000000000000000000000000000000000000000000000000000000000000000000000000000000000000,d940,d940
GROUND,14,DOCKER,11,ea07051b05212c440802000200bf0bca0003004b0d02002c07190002000000000000000000483df7fd19001a000000000000000000000000000000000000000000000000000000000000000000000000000000000000000000000000000000000000000000000000000000,2abc,2abc
GROUND,14,DOCKER,11,ea07051b05212d400802000100bf0bc2000200390d03002b070c0002000000000000000000313dcffe19001a000000000000000000000000000000000000000000000000000000000000000000000000000000000000000000000000000000000000000000000000000000,c788,c788
GROUND,14,DOCKER,11,ea07051b05212e430802000100b60bc4000100440d010027070300030000000000000000007f3d81fe19001a000000000000000000000000000000000000000000000000000000000000000000000000000000000000000000000000000000000000000000000000000000,2a60,2a60
GROUND,14,DOCKER,11,ea07051b05212f3f0802000000bb0bcc0000003f0d02002d07010001000000000000000000893dd4fd190019000000000000000000000000000000000000000000000000000000000000000000000000000000000000000000000000000000000000000000000000000000,ade7,ade7
GROUND,14,DOCKER,11,ea07051b0521304c0802000100c00bcb000300470d02003107000001000000000000000000943dbcfd19001a000000000000000000000000000000000000000000000000000000000000000000000000000000000000000000000000000000000000000000000000000000,ab68,ab68
GROUND,14,DOCKER,11,ea07051b052131460802000100c00bce0000004b0d00002807010001000000000000000000913d0efe190019000000000000000000000000000000000000000000000000000000000000000000000000000000000000000000000000000000000000000000000000000000,7964,7964
GROUND,14,DOCKER,11,ea07051b052132480801000200b70bcd0000003f0d010028071c0002000000000000000000613d90fe190019000000000000000000000000000000000000000000000000000000000000000000000000000000000000000000000000000000000000000000000000000000,5ee4,5ee4
GROUND,14,DOCKER,11,ea07051b052133480802000200c00bc40001003b0d04003007020001000000000000000000253da9fe190019000000000000000000000000000000000000000000000000000000000000000000000000000000000000000000000000000000000000000000000000000000,6ee6,6ee6
GROUND,14,DOCKER,11,ea07051b052134430801000000c30bc1000200380d03002707020002000000000000000000903d5dfe19001a000000000000000000000000000000000000000000000000000000000000000000000000000000000000000000000000000000000000000000000000000000,04ea,04ea
GROUND,14,DOCKER,11,ea07051b052135480803000200b50bc80002004d0d04003007030002000000000000000000933d7cfd19001b000000000000000000000000000000000000000000000000000000000000000000000000000000000000000000000000000000000000000000000000000000,d0be,d0be
GROUND,14,DOCKER,11,ea07051b052136450800000100bc0bd10001004a0d01002907010002000000000000000000853d35fd19001a000000000000000000000000000000000000000000000000000000000000000000000000000000000000000000000000000000000000000000000000000000,efd1,efd1
GROUND,14,DOCKER,11,ea07051b0521374b0802000200bb0bd0000000420d01002607070002000000000000000000793d97fe190019000000000000000000000000000000000000000000000000000000000000000000000000000000000000000000000000000000000000000000000000000000,3b11,3b11
GROUND,14,DOCKER,11,ea07051b052138490800000100be0bcd000200390d00002b07020001000000000000000000623d7cfe190019000000000000000000000000000000000000000000000000000000000000000000000000000000000000000000000000000000000000000000000000000000,770c,770c
GROUND,14,DOCKER,11,ea07051b052139400800000000ba0bc9000200380d00002707010002000000000000000000f73c27ff19001a000000000000000000000000000000000000000000000000000000000000000000000000000000000000000000000000000000000000000000000000000000,2b4b,2b4b
GROUND,14,DOCKER,11,ea07051b05213a3c0801000100b50bca000000400d00002307010002000000000000000000883d6dfd19001a000000000000000000000000000000000000000000000000000000000000000000000000000000000000000000000000000000000000000000000000000000,277f,277f
GROUND,14,DOCKER,11,ea07051b05213b450802000200ba0bcc0001003f0d02002c071e0002000000000000000000913d4bfe19001a000000000000000000000000000000000000000000000000000000000000000000000000000000000000000000000000000000000000000000000000000000,cbf3,cbf3
GROUND,14,DOCKER,11,ea07051b0522003f0802000100b50bcb000000400d04002607180002000000000000000000a83d2ffe19001b000000000000000000000000000000000000000000000000000000000000000000000000000000000000000000000000000000000000000000000000000000,700e,700e
GROUND,14,DOCKER,11,ea07051b0522013d0801000200c00bcb000100480d01002d07050002000000000000000000913d3efc19001a000000000000000000000000000000000000000000000000000000000000000000000000000000000000000000000000000000000000000000000000000000,a5fc,a5fc
GROUND,14,DOCKER,11,ea07051b052202440801000100ba0bc60001003f0d04002c07020002000000000000000000973d03fe19001a000000000000000000000000000000000000000000000000000000000000000000000000000000000000000000000000000000000000000000000000000000,e898,e898
GROUND,14,DOCKER,11,ea07051b052203490801000200ba0bcf000000400d03002407030002000000000000000000943d2bff19001a000000000000000000000000000000000000000000000000000000000000000000000000000000000000000000000000000000000000000000000000000000,de73,de73
GROUND,14,DOCKER,11,ea07051b052204470802000100bf0bcd000000400d020025070200010000000000000000003a3df0fd19001b000000000000000000000000000000000000000000000000000000000000000000000000000000000000000000000000000000000000000000000000000000,342c,342c
GROUND,14,DOCKER,11,ea07051b052205470801000200bf0bd30002003b0d03002b07010001000000000000000000773dd0fc190019000000000000000000000000000000000000000000000000000000000000000000000000000000000000000000000000000000000000000000000000000000,1a0a,1a0a
GROUND,14,DOCKER,11,ea07051b052206470800000000c00bd00001003b0d03002e07010002000000000000000000543d33ff19001a000000000000000000000000000000000000000000000000000000000000000000000000000000000000000000000000000000000000000000000000000000,c941,c941
GROUND,14,DOCKER,11,ea07051b052207410802000300b50bc8000300400d030029071b00020000000000000000009c3d6ffd19001a000000000000000000000000000000000000000000000000000000000000000000000000000000000000000000000000000000000000000000000000000000,bc23,bc23
GROUND,14,DOCKER,11,ea07051b0522083d0802000100b60bcd000100390d01002e071d0002000000000000000000783d84fe19001b000000000000000000000000000000000000000000000000000000000000000000000000000000000000000000000000000000000000000000000000000000,c085,c085
GROUND,14,DOCKER,11,ea07051b052209410801000200b60bcd000200480d02002407010002000000000000000000783d84fe19001a000000000000000000000000000000000000000000000000000000000000000000000000000000000000000000000000000000000000000000000000000000,6ff7,6ff7
GROUND,14,DOCKER,11,ea07051b05220a470802000100bf0bcc000200380d02002d070100020000000000000000006c3d39fe19001a000000000000000000000000000000000000000000000000000000000000000000000000000000000000000000000000000000000000000000000000000000,5803,5803
GROUND,14,DOCKER,11,ea07051b05220b3f0801000100b60bd2000100380d03002907020002000000000000000000603d7bfc19001a000000000000000000000000000000000000000000000000000000000000000000000000000000000000000000000000000000000000000000000000000000,0ef9,0ef9
GROUND,14,DOCKER,11,ea07051b05220c450800000100b80bd00002003b0d03002c07030002000000000000000000603d7bfc19001a000000000000000000000000000000000000000000000000000000000000000000000000000000000000000000000000000000000000000000000000000000,9721,9721
GROUND,14,DOCKER,11,ea07051b05220d4b0801000200c00bd1000300370d00002b07030002000000000000000000543d47ff19001a000000000000000000000000000000000000000000000000000000000000000000000000000000000000000000000000000000000000000000000000000000,7d30,7d30
GROUND,14,DOCKER,11,ea07051b05220e3f0801000200bf0bcd0003003a0d020027071b0002000000000000000000543d47ff19001a000000000000000000000000000000000000000000000000000000000000000000000000000000000000000000000000000000000000000000000000000000,cf11,cf11
GROUND,14,DOCKER,11,ea07051b05220f480801000000bf0bce000200470d01002807020002000000000000000000723dd5fd19001a000000000000000000000000000000000000000000000000000000000000000000000000000000000000000000000000000000000000000000000000000000,78c1,78c1
GROUND,14,DOCKER,11,ea07051b052210400801000100c20bc9000000390d02002f07000001000000000000000000823d89fe190019000000000000000000000000000000000000000000000000000000000000000000000000000000000000000000000000000000000000000000000000000000,0cd4,0cd4
GROUND,14,DOCKER,11,ea07051b0522113f0800000100be0bcf000300350d03002b07020001000000000000000000823d89fe19001a000000000000000000000000000000000000000000000000000000000000000000000000000000000000000000000000000000000000000000000000000000,9df3,9df3
GROUND,14,DOCKER,11,ea07051b052212450802000100b80bca000200390d02002b07020002000000000000000000613d82fe19001a000000000000000000000000000000000000000000000000000000000000000000000000000000000000000000000000000000000000000000000000000000,d201,d201
GROUND,14,DOCKER,11,ea07051b0522133c0800000200b70bc2000200380d01002b070200010000000000000000004d3d48ff19001b000000000000000000000000000000000000000000000000000000000000000000000000000000000000000000000000000000000000000000000000000000,0744,0744
GROUND,14,DOCKER,11,ea07051b052214460802000100b50bcd000000400d02002a070300010000000000000000004d3d48ff19001a000000000000000000000000000000000000000000000000000000000000000000000000000000000000000000000000000000000000000000000000000000,b467,b467
GROUND,14,DOCKER,11,ea07051b0522153f0801000200b70bce000000400d000022070200020000000000000000006e3dddfd19001b000000000000000000000000000000000000000000000000000000000000000000000000000000000000000000000000000000000000000000000000000000,1fa4,1fa4
GROUND,14,DOCKER,11,ea07051b0522163d0800000200c00bcc0000003f0d02002c07110002000000000000000000773dbafe19001a000000000000000000000000000000000000000000000000000000000000000000000000000000000000000000000000000000000000000000000000000000,ccdb,ccdb
GROUND,14,DOCKER,11,ea07051b052217420802000200c00bce000000470d01002c070100020000000000000000007f3dfffe19001a000000000000000000000000000000000000000000000000000000000000000000000000000000000000000000000000000000000000000000000000000000,b32e,b32e
GROUND,14,DOCKER,11,ea07051b052218400802000100b40bc6000100400d01002607020002000000000000000000893df5fc19001b000000000000000000000000000000000000000000000000000000000000000000000000000000000000000000000000000000000000000000000000000000,09a2,09a2
GROUND,14,DOCKER,11,ea07051b052219450802000200b90bce000200440d000027070c0002000000000000000000843dc7fe19001a000000000000000000000000000000000000000000000000000000000000000000000000000000000000000000000000000000000000000000000000000000,653c,653c
GROUND,14,DOCKER,11,ea07051b05221a420801000200bf0bc80000003c0d02002b07030001000000000000000000833da5fd19001a000000000000000000000000000000000000000000000000000000000000000000000000000000000000000000000000000000000000000000000000000000,d34d,d34d
GROUND,14,DOCKER,11,ea07051b05221b4b0802000200b20bcc000100480d000025070500020000000000000000005a3dd2fc19001a000000000000000000000000000000000000000000000000000000000000000000000000000000000000000000000000000000000000000000000000000000,67b8,67b8
GROUND,14,DOCKER,11,ea07051b05221c400801000100b70bc8000000400d02002707020001000000000000000000853dbbfe19001a000000000000000000000000000000000000000000000000000000000000000000000000000000000000000000000000000000000000000000000000000000,036e,036e
GROUND,14,DOCKER,11,ea07051b05221d4b0800000100b50bcd000000380d02002f070000020000000000000000002b3dc6fe19001b000000000000000000000000000000000000000000000000000000000000000000000000000000000000000000000000000000000000000000000000000000,16d2,16d2
GROUND,14,DOCKER,11,ea07051b05221e460800000200b20bc90001004b0d030025070100020000000000000000001e3df5fe19001a000000000000000000000000000000000000000000000000000000000000000000000000000000000000000000000000000000000000000000000000000000,01c6,01c6
GROUND,14,DOCKER,11,ea07051b05221f3d0801000200b20bce000200410d04002507030001000000000000000000683d64ff19001a000000000000000000000000000000000000000000000000000000000000000000000000000000000000000000000000000000000000000000000000000000,16d2,16d2
GROUND,14,DOCKER,11,ea07051b052220470801000100bf0bd0000200470d030028070300020000000000000000002c3d75fe19001a000000000000000000000000000000000000000000000000000000000000000000000000000000000000000000000000000000000000000000000000000000,316d,316d
GROUND,14,DOCKER,11,ea07051b052221420801000200b80bca0002003b0d03002a07020002000000000000000000313d38fe19001b000000000000000000000000000000000000000000000000000000000000000000000000000000000000000000000000000000000000000000000000000000,aa0e,aa0e
GROUND,14,DOCKER,11,ea07051b052222420800000100b60bd0000200470d03002c070100020000000000000000003b3d0fff19001a000000000000000000000000000000000000000000000000000000000000000000000000000000000000000000000000000000000000000000000000000000,5988,5988
GROUND,14,DOCKER,11,ea07051b052223400801000000b40bcc000100480d03002807090002000000000000000000873d24ff19001a000000000000000000000000000000000000000000000000000000000000000000000000000000000000000000000000000000000000000000000000000000,6f8f,6f8f
GROUND,14,DOCKER,11,ea07051b052224470801000000c30bc6000200400d01002407040002000000000000000000723d3bff19001a000000000000000000000000000000000000000000000000000000000000000000000000000000000000000000000000000000000000000000000000000000,7413,7413
GROUND,14,DOCKER,11,ea07051b052225400800000000bb0bc4000200480d02002607040002000000000000000000723d01ff19001b000000000000000000000000000000000000000000000000000000000000000000000000000000000000000000000000000000000000000000000000000000,1979,1979
GROUND,14,DOCKER,11,ea07051b052226470801000200b70bce000200400d01002a07020002000000000000000000713db5fc19001a000000000000000000000000000000000000000000000000000000000000000000000000000000000000000000000000000000000000000000000000000000,086a,086a
GROUND,14,DOCKER,11,ea07051b052227480801000000b80bcd000100400d02002707020002000000000000000000123d8cfd19001a000000000000000000000000000000000000000000000000000000000000000000000000000000000000000000000000000000000000000000000000000000,b8b3,b8b3
GROUND,14,DOCKER,11,ea07051b052228430801000000b30bbf000200500d00002707050002000000000000000000723d45fd19001a000000000000000000000000000000000000000000000000000000000000000000000000000000000000000000000000000000000000000000000000000000,ca55,ca55
GROUND,14,DOCKER,11,ea07051b0522293c0800000200b40bcc000000440d02002807040002000000000000000000443d94fd19001a000000000000000000000000000000000000000000000000000000000000000000000000000000000000000000000000000000000000000000000000000000,0ff7,0ff7
GROUND,14,DOCKER,11,ea07051b05222a420801000100b70bc9000100390d01002907020002000000000000000000673d4bff19001a000000000000000000000000000000000000000000000000000000000000000000000000000000000000000000000000000000000000000000000000000000,02f3,02f3
GROUND,14,DOCKER,11,ea07051b05222b480802000000b10bc80001003f0d00002e07020002000000000000000000253d59fe19001a000000000000000000000000000000000000000000000000000000000000000000000000000000000000000000000000000000000000000000000000000000,cf07,cf07
GROUND,14,DOCKER,11,ea07051b05222c3d0801000100bf0bc1000100320d00002307150002000000000000000000fe3c57fe19001b000000000000000000000000000000000000000000000000000000000000000000000000000000000000000000000000000000000000000000000000000000,bfef,bfef
GROUND,14,DOCKER,11,ea07051b05222d430800000100b40bbd000200390d02002f07060002000000000000000000243db7fe19001a000000000000000000000000000000000000000000000000000000000000000000000000000000000000000000000000000000000000000000000000000000,b1ab,b1ab
GROUND,14,DOCKER,11,ea07051b05222e3f0802000100bf0bce000100400d01002b07010002000000000000000000463d0ffe19001b000000000000000000000000000000000000000000000000000000000000000000000000000000000000000000000000000000000000000000000000000000,044c,044c
GROUND,14,DOCKER,11,ea07051b05222f400801000200b50bc6000100420d000027070200040000000000000000005c3d03fd19001b000000000000000000000000000000000000000000000000000000000000000000000000000000000000000000000000000000000000000000000000000000,8389,8389
GROUND,14,DOCKER,11,ea07051b052230460801000100bb0bc6000100400d02002b07020002000000000000000000213dcbfd19001a000000000000000000000000000000000000000000000000000000000000000000000000000000000000000000000000000000000000000000000000000000,db39,db39
GROUND,14,DOCKER,11,ea07051b052231400800000200c00bd3000100480d02002a07060002000000000000000000d93c7dfd19001a000000000000000000000000000000000000000000000000000000000000000000000000000000000000000000000000000000000000000000000000000000,fbf5,fbf5
GROUND,14,DOCKER,11,ea07051b0522323f0802000000b70bc80000003b0d01002c070100010000000000000000005d3d7bfe19001a000000000000000000000000000000000000000000000000000000000000000000000000000000000000000000000000000000000000000000000000000000,d117,d117
GROUND,14,DOCKER,11,ea07051b0522333f0800000000b70bc7000000460d020026070700020000000000000000000c3dfefe19001a000000000000000000000000000000000000000000000000000000000000000000000000000000000000000000000000000000000000000000000000000000,724b,724b
GROUND,14,DOCKER,11,ea07051b0522343c0800000100c00bd0000200470d03003007030001000000000000000000583dbcfe19001a000000000000000000000000000000000000000000000000000000000000000000000000000000000000000000000000000000000000000000000000000000,6336,6336
GROUND,14,DOCKER,11,ea07051b0522353b0800000100b70bd0000100400d030030070400020000000000000000005c3da6fe19001a0000000000000000000000000000000000000000000000000000000000000000000000000000000000000000000000000000000000000000000000000000,0071,25d5
GROUND,14,DOCKER,11,ea07051b052236430801000100bb0bd0000100400d030028070200010000000000000000006d3dccfd19001b000000000000000000000000000000000000000000000000000000000000000000000000000000000000000000000000000000000000000000000000000000,ff38,ff38
GROUND,14,DOCKER,11,ea07051b052237400801000300bd0bcc0001003d0d03002a07010001000000000000000000423dfbfd19001a000000000000000000000000000000000000000000000000000000000000000000000000000000000000000000000000000000000000000000000000000000,7f4c,7f4c
GROUND,14,DOCKER,11,ea07051b0522383e0800000200b30bcc000200360d03002907010002000000000000000000193d70fc19001a000000000000000000000000000000000000000000000000000000000000000000000000000000000000000000000000000000000000000000000000000000,89f8,89f8
GROUND,14,DOCKER,11,ea07051b0522393d0800000200bf0bc2000100480d030024070300020000000000000000007b3dc3fe19001a000000000000000000000000000000000000000000000000000000000000000000000000000000000000000000000000000000000000000000000000000000,dbce,dbce
GROUND,14,DOCKER,11,ea07051b05223a400801000200bf0bc80002003c0d02002d07000002000000000000000000633d17fe19001a000000000000000000000000000000000000000000000000000000000000000000000000000000000000000000000000000000000000000000000000000000,acc7,acc7
GROUND,14,DOCKER,11,ea07051b05223b470802000100c00bbd000100390d02002b07130003000000000000000000773d90fd19001b000000000000000000000000000000000000000000000000000000000000000000000000000000000000000000000000000000000000000000000000000000,a49b,a49b
GROUND,14,DOCKER,11,ea07051b0523004e0800000200b80bd1000200400d03002b07010002000000000000000000313d1bfd19001b000000000000000000000000000000000000000000000000000000000000000000000000000000000000000000000000000000000000000000000000000000,fd93,fd93
GROUND,14,DOCKER,11,ea07051b052301460800000200b30bcd000200420d010027070100020000000000000000008b3d5ffe19001b000000000000000000000000000000000000000000000000000000000000000000000000000000000000000000000000000000000000000000000000000000,e685,e685
GROUND,14,DOCKER,11,ea07051b052302450802000200c00bca0000003f0d01002c07020002000000000000000000ee3c99fc19001a000000000000000000000000000000000000000000000000000000000000000000000000000000000000000000000000000000000000000000000000000000,1683,1683
GROUND,14,DOCKER,11,ea07051b052303470802000100b50bc8000000400d02002607010002000000000000000000733d8efd19001a000000000000000000000000000000000000000000000000000000000000000000000000000000000000000000000000000000000000000000000000000000,ed48,ed48
GROUND,14,DOCKER,11,ea07051b052304450801000000c00bc6000200440d03002607030002000000000000000000773d26fd19001a000000000000000000000000000000000000000000000000000000000000000000000000000000000000000000000000000000000000000000000000000000,109c,109c
GROUND,14,DOCKER,11,ea07051b0523053c0800000300b90bcf0002003a0d00002f07020001000000000000000000773dc6fd19001a000000000000000000000000000000000000000000000000000000000000000000000000000000000000000000000000000000000000000000000000000000,d468,d468
GROUND,14,DOCKER,11,ea07051b0523063c0802000200b70bcb0000004c0d020028071400020000000000000000000e3d00ff19001a000000000000000000000000000000000000000000000000000000000000000000000000000000000000000000000000000000000000000000000000000000,ddc6,ddc6
GROUND,14,DOCKER,11,ea07051b0523073b0802000100b20bc8000200470d020030071300010000000000000000003c3dd0fe19001a000000000000000000000000000000000000000000000000000000000000000000000000000000000000000000000000000000000000000000000000000000,db87,db87
GROUND,14,DOCKER,11,ea07051b052308430801000000bf0bcc000200400d00002b07010002000000000000000000263d1eff19001a000000000000000000000000000000000000000000000000000000000000000000000000000000000000000000000000000000000000000000000000000000,75d9,75d9
GROUND,14,DOCKER,11,ea07051b052309460801000100b70bc7000200440d03002607030001000000000000000000263d18ff19001b000000000000000000000000000000000000000000000000000000000000000000000000000000000000000000000000000000000000000000000000000000,dd05,dd05
GROUND,14,DOCKER,11,ea07051b05230a410801000100b70bc7000000410d04002707030002000000000000000000883df4fe19001b000000000000000000000000000000000000000000000000000000000000000000000000000000000000000000000000000000000000000000000000000000,e104,e104
GROUND,14,DOCKER,11,ea07051b05230b3f0800000100c00bd0000100470d020029070200020000000000000000005a3d5efe19001a000000000000000000000000000000000000000000000000000000000000000000000000000000000000000000000000000000000000000000000000000000,fdcf,fdcf
GROUND,14,DOCKER,11,ea07051b05230c3e0801000100bc0bcc000000390d02002d070100020000000000000000006e3d7ffe19001a000000000000000000000000000000000000000000000000000000000000000000000000000000000000000000000000000000000000000000000000000000,a301,a301
GROUND,14,DOCKER,11,ea07051b05230d400801000100bf0bcc000000400d020027070200020000000000000000008a3dd4fc19001a000000000000000000000000000000000000000000000000000000000000000000000000000000000000000000000000000000000000000000000000000000,cd99,cd99
GROUND,14,DOCKER,11,ea07051b05230e400801000000bf0bcb000200390d000025070200020000000000000000004e3db1fe19001a000000000000000000000000000000000000000000000000000000000000000000000000000000000000000000000000000000000000000000000000000000,0629,0629
GROUND,14,DOCKER,11,ea07051b05230f3f0800000200b70bcc0001004a0d03002a070100020000000000000000000b3dcefe19001a000000000000000000000000000000000000000000000000000000000000000000000000000000000000000000000000000000000000000000000000000000,4a94,4a94
GROUND,14,DOCKER,11,ea07051b052310470802000000b50bc30002003f0d030029070200020000000000000000003f3d07fd19001a000000000000000000000000000000000000000000000000000000000000000000000000000000000000000000000000000000000000000000000000000000,4b77,4b77
GROUND,14,DOCKER,11,ea07051b0523113f0801000100b20bcf0003003f0d02002e07020002000000000000000000033deffe19001a000000000000000000000000000000000000000000000000000000000000000000000000000000000000000000000000000000000000000000000000000000,8d05,8d05
GROUND,14,DOCKER,11,ea07051b05232c00000000000000000000000000000000000000000000000000000000000000000000000000000000000000000000000000000000000000000000000000000000000000000000000000000000000000000000000000000000000000000000000000000000,98be,98be
GROUND,14,DOCKER,11,ea07051b05232d00000000000000000000000000000000000000000000000000000000000000000000000000000000000000000000000000000000000000000000000000000000000000000000000000000000000000000000000000000000000000000000000000000000,95d4,95d4
GROUND,14,DOCKER,11,ea07051b05232e00000000000000000000000000000000000000000000000000000000000000000000000000000000000000000000000000000000000000000000000000000000000000000000000000000000000000000000000000000000000000000000000000000000,826a,826a
GROUND,14,DOCKER,11,ea07051b05232f00000000000000000000000000000000000000000000000000000000000000000000000000000000000000000000000000000000000000000000000000000000000000000000000000000000000000000000000000000000000000000000000000000000,8f00,8f00
GROUND,14,DOCKER,11,ea07051b05233000000000000000000000000000000000000000000000000000000000000000000000000000000000000000000000000000000000000000000000000000000000000000000000000000000000000000000000000000000000000000000000000000000000,10e6,10e6
GROUND,14,DOCKER,11,ea07051b05233100000000000000000000000000000000000000000000000000000000000000000000000000000000000000000000000000000000000000000000000000000000000000000000000000000000000000000000000000000000000000000000000000000000,1d8c,1d8c
GROUND,14,DOCKER,11,ea07051b05233200000000000000000000000000000000000000000000000000000000000000000000000000000000000000000000000000000000000000000000000000000000000000000000000000000000000000000000000000000000000000000000000000000000,0a32,0a32
GROUND,14,DOCKER,11,ea07051b05233300000000000000000000000000000000000000000000000000000000000000000000000000000000000000000000000000000000000000000000000000000000000000000000000000000000000000000000000000000000000000000000000000000000,0758,0758
GROUND,14,DOCKER,11,ea07051b05233400000000000000000000000000000000000000000000000000000000000000000000000000000000000000000000000000000000000000000000000000000000000000000000000000000000000000000000000000000000000000000000000000000000,254e,254e
GROUND,14,DOCKER,11,ea07051b05233500000000000000000000000000000000000000000000000000000000000000000000000000000000000000000000000000000000000000000000000000000000000000000000000000000000000000000000000000000000000000000000000000000000,2824,2824
GROUND,14,DOCKER,11,ea07051b05233600000000000000000000000000000000000000000000000000000000000000000000000000000000000000000000000000000000000000000000000000000000000000000000000000000000000000000000000000000000000000000000000000000000,3f9a,3f9a
GROUND,14,DOCKER,11,ea07051b05233700000000000000000000000000000000000000000000000000000000000000000000000000000000000000000000000000000000000000000000000000000000000000000000000000000000000000000000000000000000000000000000000000000000,32f0,32f0
GROUND,14,DOCKER,11,ea07051b05233800000000000000000000000000000000000000000000000000000000000000000000000000000000000000000000000000000000000000000000000000000000000000000000000000000000000000000000000000000000000000000000000000000000,7bb6,7bb6
GROUND,14,DOCKER,11,ea07051b05233900000000000000000000000000000000000000000000000000000000000000000000000000000000000000000000000000000000000000000000000000000000000000000000000000000000000000000000000000000000000000000000000000000000,76dc,76dc
GROUND,14,DOCKER,11,ea07051b05233a00000000000000000000000000000000000000000000000000000000000000000000000000000000000000000000000000000000000000000000000000000000000000000000000000000000000000000000000000000000000000000000000000000000,6162,6162
GROUND,14,DOCKER,11,ea07051b05233b00000000000000000000000000000000000000000000000000000000000000000000000000000000000000000000000000000000000000000000000000000000000000000000000000000000000000000000000000000000000000000000000000000000,6c08,6c08
GROUND,14,DOCKER,11,ea07051b05240000000000000000000000000000000000000000000000000000000000000000000000000000000000000000000000000000000000000000000000000000000000000000000000000000000000000000000000000000000000000000000000000000000000,1682,1682
GROUND,14,DOCKER,11,ea07051b05240100000000000000000000000000000000000000000000000000000000000000000000000000000000000000000000000000000000000000000000000000000000000000000000000000000000000000000000000000000000000000000000000000000000,1be8,1be8
GROUND,14,DOCKER,11,ea07051b05240200000000000000000000000000000000000000000000000000000000000000000000000000000000000000000000000000000000000000000000000000000000000000000000000000000000000000000000000000000000000000000000000000000000,0c56,0c56
GROUND,14,DOCKER,11,ea07051b05240300000000000000000000000000000000000000000000000000000000000000000000000000000000000000000000000000000000000000000000000000000000000000000000000000000000000000000000000000000000000000000000000000000000,013c,013c
GROUND,14,DOCKER,11,ea07051b05240400000000000000000000000000000000000000000000000000000000000000000000000000000000000000000000000000000000000000000000000000000000000000000000000000000000000000000000000000000000000000000000000000000000,232a,232a
GROUND,14,DOCKER,11,ea07051b05240500000000000000000000000000000000000000000000000000000000000000000000000000000000000000000000000000000000000000000000000000000000000000000000000000000000000000000000000000000000000000000000000000000000,2e40,2e40
GROUND,14,DOCKER,11,ea07051b05240600000000000000000000000000000000000000000000000000000000000000000000000000000000000000000000000000000000000000000000000000000000000000000000000000000000000000000000000000000000000000000000000000000000,39fe,39fe
GROUND,14,DOCKER,11,ea07051b05240700000000000000000000000000000000000000000000000000000000000000000000000000000000000000000000000000000000000000000000000000000000000000000000000000000000000000000000000000000000000000000000000000000000,3494,3494
GROUND,14,DOCKER,11,ea07051b05240800000000000000000000000000000000000000000000000000000000000000000000000000000000000000000000000000000000000000000000000000000000000000000000000000000000000000000000000000000000000000000000000000000000,7dd2,7dd2
GROUND,14,DOCKER,11,ea07051b05240900000000000000000000000000000000000000000000000000000000000000000000000000000000000000000000000000000000000000000000000000000000000000000000000000000000000000000000000000000000000000000000000000000000,70b8,70b8
GROUND,14,DOCKER,11,ea07051b05240a00000000000000000000000000000000000000000000000000000000000000000000000000000000000000000000000000000000000000000000000000000000000000000000000000000000000000000000000000000000000000000000000000000000,6706,6706
GROUND,14,DOCKER,11,ea07051b05240b00000000000000000000000000000000000000000000000000000000000000000000000000000000000000000000000000000000000000000000000000000000000000000000000000000000000000000000000000000000000000000000000000000000,6a6c,6a6c
GROUND,14,DOCKER,11,ea07051b05240c00000000000000000000000000000000000000000000000000000000000000000000000000000000000000000000000000000000000000000000000000000000000000000000000000000000000000000000000000000000000000000000000000000000,487a,487a
GROUND,14,DOCKER,11,ea07051b05240d00000000000000000000000000000000000000000000000000000000000000000000000000000000000000000000000000000000000000000000000000000000000000000000000000000000000000000000000000000000000000000000000000000000,4510,4510
GROUND,14,DOCKER,11,ea07051b05240e00000000000000000000000000000000000000000000000000000000000000000000000000000000000000000000000000000000000000000000000000000000000000000000000000000000000000000000000000000000000000000000000000000000,52ae,52ae
GROUND,14,DOCKER,11,ea07051b05240f00000000000000000000000000000000000000000000000000000000000000000000000000000000000000000000000000000000000000000000000000000000000000000000000000000000000000000000000000000000000000000000000000000000,5fc4,5fc4
GROUND,14,DOCKER,11,ea07051b05241000000000000000000000000000000000000000000000000000000000000000000000000000000000000000000000000000000000000000000000000000000000000000000000000000000000000000000000000000000000000000000000000000000000,c022,c022
GROUND,14,DOCKER,11,ea07051b05241100000000000000000000000000000000000000000000000000000000000000000000000000000000000000000000000000000000000000000000000000000000000000000000000000000000000000000000000000000000000000000000000000000000,cd48,cd48
GROUND,14,DOCKER,11,ea07051b05241200000000000000000000000000000000000000000000000000000000000000000000000000000000000000000000000000000000000000000000000000000000000000000000000000000000000000000000000000000000000000000000000000000000,daf6,daf6
GROUND,14,DOCKER,11,ea07051b05241300000000000000000000000000000000000000000000000000000000000000000000000000000000000000000000000000000000000000000000000000000000000000000000000000000000000000000000000000000000000000000000000000000000,d79c,d79c
GROUND,14,DOCKER,11,ea07051b05241400000000000000000000000000000000000000000000000000000000000000000000000000000000000000000000000000000000000000000000000000000000000000000000000000000000000000000000000000000000000000000000000000000000,f58a,f58a
GROUND,14,DOCKER,11,ea07051b05241500000000000000000000000000000000000000000000000000000000000000000000000000000000000000000000000000000000000000000000000000000000000000000000000000000000000000000000000000000000000000000000000000000000,f8e0,f8e0
GROUND,14,DOCKER,11,ea07051b05241600000000000000000000000000000000000000000000000000000000000000000000000000000000000000000000000000000000000000000000000000000000000000000000000000000000000000000000000000000000000000000000000000000000,ef5e,ef5e
GROUND,14,DOCKER,11,ea07051b05241700000000000000000000000000000000000000000000000000000000000000000000000000000000000000000000000000000000000000000000000000000000000000000000000000000000000000000000000000000000000000000000000000000000,e234,e234
GROUND,14,DOCKER,11,ea07051b05241800000000000000000000000000000000000000000000000000000000000000000000000000000000000000000000000000000000000000000000000000000000000000000000000000000000000000000000000000000000000000000000000000000000,ab72,ab72
GROUND,14,DOCKER,11,ea07051b05241900000000000000000000000000000000000000000000000000000000000000000000000000000000000000000000000000000000000000000000000000000000000000000000000000000000000000000000000000000000000000000000000000000000,a618,a618
GROUND,14,DOCKER,11,ea07051b05241a00000000000000000000000000000000000000000000000000000000000000000000000000000000000000000000000000000000000000000000000000000000000000000000000000000000000000000000000000000000000000000000000000000000,b1a6,b1a6
GROUND,14,DOCKER,11,ea07051b05241b00000000000000000000000000000000000000000000000000000000000000000000000000000000000000000000000000000000000000000000000000000000000000000000000000000000000000000000000000000000000000000000000000000000,bccc,bccc
GROUND,14,DOCKER,11,ea07051b05241c00000000000000000000000000000000000000000000000000000000000000000000000000000000000000000000000000000000000000000000000000000000000000000000000000000000000000000000000000000000000000000000000000000000,9eda,9eda
GROUND,14,DOCKER,11,ea07051b05241d00000000000000000000000000000000000000000000000000000000000000000000000000000000000000000000000000000000000000000000000000000000000000000000000000000000000000000000000000000000000000000000000000000000,93b0,93b0
GROUND,14,DOCKER,11,ea07051b05241e00000000000000000000000000000000000000000000000000000000000000000000000000000000000000000000000000000000000000000000000000000000000000000000000000000000000000000000000000000000000000000000000000000000,840e,840e
GROUND,14,DOCKER,11,ea07051b05241f00000000000000000000000000000000000000000000000000000000000000000000000000000000000000000000000000000000000000000000000000000000000000000000000000000000000000000000000000000000000000000000000000000000,8964,8964
GROUND,14,DOCKER,11,ea07051b05242000000000000000000000000000000000000000000000000000000000000000000000000000000000000000000000000000000000000000000000000000000000000000000000000000000000000000000000000000000000000000000000000000000000,b3d3,b3d3
GROUND,14,DOCKER,11,ea07051b05242100000000000000000000000000000000000000000000000000000000000000000000000000000000000000000000000000000000000000000000000000000000000000000000000000000000000000000000000000000000000000000000000000000000,beb9,beb9
GROUND,14,DOCKER,11,ea07051b05242200000000000000000000000000000000000000000000000000000000000000000000000000000000000000000000000000000000000000000000000000000000000000000000000000000000000000000000000000000000000000000000000000000000,a907,a907
GROUND,14,DOCKER,11,ea07051b05242300000000000000000000000000000000000000000000000000000000000000000000000000000000000000000000000000000000000000000000000000000000000000000000000000000000000000000000000000000000000000000000000000000000,a46d,a46d
GROUND,14,DOCKER,11,ea07051b05242400000000000000000000000000000000000000000000000000000000000000000000000000000000000000000000000000000000000000000000000000000000000000000000000000000000000000000000000000000000000000000000000000000000,867b,867b
GROUND,14,DOCKER,11,ea07051b05242500000000000000000000000000000000000000000000000000000000000000000000000000000000000000000000000000000000000000000000000000000000000000000000000000000000000000000000000000000000000000000000000000000000,8b11,8b11
GROUND,14,DOCKER,11,ea07051b05242600000000000000000000000000000000000000000000000000000000000000000000000000000000000000000000000000000000000000000000000000000000000000000000000000000000000000000000000000000000000000000000000000000000,9caf,9caf
GROUND,14,DOCKER,11,ea07051b05242700000000000000000000000000000000000000000000000000000000000000000000000000000000000000000000000000000000000000000000000000000000000000000000000000000000000000000000000000000000000000000000000000000000,91c5,91c5
GROUND,14,DOCKER,11,ea07051b05242800000000000000000000000000000000000000000000000000000000000000000000000000000000000000000000000000000000000000000000000000000000000000000000000000000000000000000000000000000000000000000000000000000000,d883,d883
GROUND,14,DOCKER,11,ea07051b05242900000000000000000000000000000000000000000000000000000000000000000000000000000000000000000000000000000000000000000000000000000000000000000000000000000000000000000000000000000000000000000000000000000000,d5e9,d5e9
GROUND,14,DOCKER,11,ea07051b05242a00000000000000000000000000000000000000000000000000000000000000000000000000000000000000000000000000000000000000000000000000000000000000000000000000000000000000000000000000000000000000000000000000000000,c257,c257
GROUND,14,DOCKER,11,ea07051b05242b00000000000000000000000000000000000000000000000000000000000000000000000000000000000000000000000000000000000000000000000000000000000000000000000000000000000000000000000000000000000000000000000000000000,cf3d,cf3d
GROUND,14,DOCKER,11,ea07051b05242c00000000000000000000000000000000000000000000000000000000000000000000000000000000000000000000000000000000000000000000000000000000000000000000000000000000000000000000000000000000000000000000000000000000,ed2b,ed2b
GROUND,14,DOCKER,11,ea07051b05242d00000000000000000000000000000000000000000000000000000000000000000000000000000000000000000000000000000000000000000000000000000000000000000000000000000000000000000000000000000000000000000000000000000000,e041,e041
GROUND,14,DOCKER,11,ea07051b05242e00000000000000000000000000000000000000000000000000000000000000000000000000000000000000000000000000000000000000000000000000000000000000000000000000000000000000000000000000000000000000000000000000000000,f7ff,f7ff
GROUND,14,DOCKER,11,ea07051b05242f00000000000000000000000000000000000000000000000000000000000000000000000000000000000000000000000000000000000000000000000000000000000000000000000000000000000000000000000000000000000000000000000000000000,fa95,fa95
GROUND,14,DOCKER,11,ea07051b05243000000000000000000000000000000000000000000000000000000000000000000000000000000000000000000000000000000000000000000000000000000000000000000000000000000000000000000000000000000000000000000000000000000000,6573,6573
GROUND,14,DOCKER,11,ea07051b05243100000000000000000000000000000000000000000000000000000000000000000000000000000000000000000000000000000000000000000000000000000000000000000000000000000000000000000000000000000000000000000000000000000000,6819,6819
GROUND,14,DOCKER,11,ea07051b05243200000000000000000000000000000000000000000000000000000000000000000000000000000000000000000000000000000000000000000000000000000000000000000000000000000000000000000000000000000000000000000000000000000000,7fa7,7fa7
GROUND,14,DOCKER,11,ea07051b05243300000000000000000000000000000000000000000000000000000000000000000000000000000000000000000000000000000000000000000000000000000000000000000000000000000000000000000000000000000000000000000000000000000000,72cd,72cd
GROUND,14,DOCKER,11,ea07051b05243400000000000000000000000000000000000000000000000000000000000000000000000000000000000000000000000000000000000000000000000000000000000000000000000000000000000000000000000000000000000000000000000000000000,50db,50db
GROUND,14,DOCKER,11,ea07051b05243500000000000000000000000000000000000000000000000000000000000000000000000000000000000000000000000000000000000000000000000000000000000000000000000000000000000000000000000000000000000000000000000000000000,5db1,5db1
GROUND,14,DOCKER,11,ea07051b05243600000000000000000000000000000000000000000000000000000000000000000000000000000000000000000000000000000000000000000000000000000000000000000000000000000000000000000000000000000000000000000000000000000000,4a0f,4a0f
GROUND,14,DOCKER,11,ea07051b05243700000000000000000000000000000000000000000000000000000000000000000000000000000000000000000000000000000000000000000000000000000000000000000000000000000000000000000000000000000000000000000000000000000000,4765,4765
GROUND,14,DOCKER,11,ea07051b05243800000000000000000000000000000000000000000000000000000000000000000000000000000000000000000000000000000000000000000000000000000000000000000000000000000000000000000000000000000000000000000000000000000000,0e23,0e23
GROUND,14,DOCKER,11,ea07051b05243900000000000000000000000000000000000000000000000000000000000000000000000000000000000000000000000000000000000000000000000000000000000000000000000000000000000000000000000000000000000000000000000000000000,0349,0349
GROUND,14,DOCKER,11,ea07051b05243a00000000000000000000000000000000000000000000000000000000000000000000000000000000000000000000000000000000000000000000000000000000000000000000000000000000000000000000000000000000000000000000000000000000,14f7,14f7
GROUND,14,DOCKER,11,ea07051b05243b00000000000000000000000000000000000000000000000000000000000000000000000000000000000000000000000000000000000000000000000000000000000000000000000000000000000000000000000000000000000000000000000000000000,199d,199d
GROUND,14,DOCKER,11,ea07051b05250000000000000000000000000000000000000000000000000000000000000000000000000000000000000000000000000000000000000000000000000000000000000000000000000000000000000000000000000000000000000000000000000000000000,dad3,dad3
GROUND,14,DOCKER,11,ea07051b05250100000000000000000000000000000000000000000000000000000000000000000000000000000000000000000000000000000000000000000000000000000000000000000000000000000000000000000000000000000000000000000000000000000000,d7b9,d7b9
GROUND,14,DOCKER,11,ea07051b05250200000000000000000000000000000000000000000000000000000000000000000000000000000000000000000000000000000000000000000000000000000000000000000000000000000000000000000000000000000000000000000000000000000000,c007,c007
GROUND,14,DOCKER,11,ea07051b05250300000000000000000000000000000000000000000000000000000000000000000000000000000000000000000000000000000000000000000000000000000000000000000000000000000000000000000000000000000000000000000000000000000000,cd6d,cd6d
GROUND,14,DOCKER,11,ea07051b052b01480802000000b00bd1000000480d02002607020002000000000000000000b23d61ff190018000000000000000000000000000000000000000000000000000000000000000000000000000000000000000000000000000000000000000000000000000000,6884,6884
GROUND,14,DOCKER,11,ea07051b052b023f0801000100b80bcd000200480d02002407030002000000000000000000b23d62ff190018000000000000000000000000000000000000000000000000000000000000000000000000000000000000000000000000000000000000000000000000000000,6fe3,6fe3
GROUND,14,DOCKER,11,ea07051b052b034d0801000200bb0bd3000200420d02002907010002000000000000000000af3d5cff190018000000000000000000000000000000000000000000000000000000000000000000000000000000000000000000000000000000000000000000000000000000,1cd4,1cd4
GROUND,14,DOCKER,11,ea07051b052b043d0800000100c00bd4000000400d02002b07000001000000000000000000af3d57ff190018000000000000000000000000000000000000000000000000000000000000000000000000000000000000000000000000000000000000000000000000000000,dcba,dcba
GROUND,14,DOCKER,11,ea07051b052b05470801000200c00bd4000000370d01002f07070002000000000000000000b03d5bff190018000000000000000000000000000000000000000000000000000000000000000000000000000000000000000000000000000000000000000000000000000000,401c,401c
GROUND,14,DOCKER,11,ea07051b052b06470801000100b30bd60001003b0d02002e07060002000000000000000000af3d08ff190018000000000000000000000000000000000000000000000000000000000000000000000000000000000000000000000000000000000000000000000000000000,cec2,cec2
GROUND,14,DOCKER,11,ea07051b052b073c0800000200bb0bd80000003d0d02002e070300020000000000000000009d3d06ff190018000000000000000000000000000000000000000000000000000000000000000000000000000000000000000000000000000000000000000000000000000000,507a,507a
GROUND,14,DOCKER,11,ea07051b052b08470800000200c00bcc0002003b0d00002d070300020000000000000000009c3d0aff190018000000000000000000000000000000000000000000000000000000000000000000000000000000000000000000000000000000000000000000000000000000,78f0,78f0
GROUND,14,DOCKER,11,ea07051b052b093f0802000000b30bd5000200490d03002607010002000000000000000000ac3d5fff190019000000000000000000000000000000000000000000000000000000000000000000000000000000000000000000000000000000000000000000000000000000,e406,e406
GROUND,14,DOCKER,11,ea07051b052b0a440801000100b50bc90001004b0d02002807030002000000000000000000ac3d5dff190019000000000000000000000000000000000000000000000000000000000000000000000000000000000000000000000000000000000000000000000000000000,455a,455a
GROUND,14,DOCKER,11,ea07051b052b0b3c0800000100c00bd1000200440d030026070200020000000000000000009b3d03ff190018000000000000000000000000000000000000000000000000000000000000000000000000000000000000000000000000000000000000000000000000000000,de27,de27
GROUND,14,DOCKER,11,ea07051b052b0c3c0800000100ca0bd1000000400d03002707030002000000000000000000993d06ff190017000000000000000000000000000000000000000000000000000000000000000000000000000000000000000000000000000000000000000000000000000000,2645,2645
GROUND,14,DOCKER,11,ea07051b052b0d400800000200b50bcd0000003f0d01002807020002000000000000000000983d08ff190019000000000000000000000000000000000000000000000000000000000000000000000000000000000000000000000000000000000000000000000000000000,d1eb,d1eb
GROUND,14,DOCKER,11,ea07051b052b0e3f0800000200b30bd9000000420d03002707030002000000000000000000a13d35ff190019000000000000000000000000000000000000000000000000000000000000000000000000000000000000000000000000000000000000000000000000000000,e881,e881
GROUND,14,DOCKER,11,ea07051b052b0f400802000000b80bd50002003c0d01002d07080002000000000000000000a13d3aff190019000000000000000000000000000000000000000000000000000000000000000000000000000000000000000000000000000000000000000000000000000000,1fea,1fea
GROUND,14,DOCKER,11,ea07051b052b103d0801000100b40bd70000003b0d02002e07200002000000000000000000a83d5dff190019000000000000000000000000000000000000000000000000000000000000000000000000000000000000000000000000000000000000000000000000000000,7d5f,7d5f
GROUND,14,DOCKER,11,ea07051b052b11480801000000b40bd4000200480d01002a07190001000000000000000000a83d5bff190019000000000000000000000000000000000000000000000000000000000000000000000000000000000000000000000000000000000000000000000000000000,4af1,4af1
GROUND,14,DOCKER,11,ea07051b052b12480801000100b70bd7000100440d03002707010002000000000000000000973d0cff190018000000000000000000000000000000000000000000000000000000000000000000000000000000000000000000000000000000000000000000000000000000,ded3,ded3
GROUND,14,DOCKER,11,ea07051b052b13430801000200b70bd5000100400d00002707010000000000000000000000963d08ff190019000000000000000000000000000000000000000000000000000000000000000000000000000000000000000000000000000000000000000000000000000000,bc22,bc22
GROUND,14,DOCKER,11,ea07051b052b143d0801000000c00bd4000100370d03002d07020002000000000000000000963d04ff190018000000000000000000000000000000000000000000000000000000000000000000000000000000000000000000000000000000000000000000000000000000,80c4,80c4
GROUND,14,DOCKER,11,ea07051b052b15400801000000b80bcd000100470d00002a070200020000000000000000009d3d33ff190018000000000000000000000000000000000000000000000000000000000000000000000000000000000000000000000000000000000000000000000000000000,8907,8907
GROUND,14,DOCKER,11,ea07051b052b16440802000200b40bd20002003d0d02002c07010002000000000000000000a33d38ff190018000000000000000000000000000000000000000000000000000000000000000000000000000000000000000000000000000000000000000000000000000000,d7bf,d7bf
GROUND,14,DOCKER,11,ea07051b052b17400802000000b40bca0000003d0d02002c07080002000000000000000000a73d5bff190018000000000000000000000000000000000000000000000000000000000000000000000000000000000000000000000000000000000000000000000000000000,a7c8,a7c8
GROUND,14,DOCKER,11,ea07051b052b18440802000000b60bcd000000480d01002807020001000000000000000000a53d5eff190018000000000000000000000000000000000000000000000000000000000000000000000000000000000000000000000000000000000000000000000000000000,59d4,59d4
GROUND,14,DOCKER,11,ea07051b052b19400802000200b30bd5000200390d02002a07010001000000000000000000933d0bff190019000000000000000000000000000000000000000000000000000000000000000000000000000000000000000000000000000000000000000000000000000000,e3dc,e3dc
GROUND,14,DOCKER,11,ea07051b052b1a470801000200c20bcf0000003b0d00002b071e0002000000000000000000933d00ff190018000000000000000000000000000000000000000000000000000000000000000000000000000000000000000000000000000000000000000000000000000000,7014,7014
GROUND,14,DOCKER,11,ea07051b052b1b3f0801000000c00bd1000100380d03002d07040002000000000000000000913d03ff190018000000000000000000000000000000000000000000000000000000000000000000000000000000000000000000000000000000000000000000000000000000,c3c4,c3c4
GROUND,14,DOCKER,11,ea07051b052b1c470802000200b50bd1000000470d00003007020002000000000000000000a03d56ff190019000000000000000000000000000000000000000000000000000000000000000000000000000000000000000000000000000000000000000000000000000000,a5ee,a5ee
GROUND,14,DOCKER,11,ea07051b052b1d440800000000bf0bd0000200480d000025070100010000000000000000009c3d35ff190019000000000000000000000000000000000000000000000000000000000000000000000000000000000000000000000000000000000000000000000000000000,47a5,47a5
GROUND,14,DOCKER,11,ea07051b052b1e430802000000bb0bd4000200370d03002d070300010000000000000000009c3d36ff190019000000000000000000000000000000000000000000000000000000000000000000000000000000000000000000000000000000000000000000000000000000,efff,efff
GROUND,14,DOCKER,11,ea07051b052b1f480801000100bf0bd7000000400d00002b07060001000000000000000000a53d63ff190019000000000000000000000000000000000000000000000000000000000000000000000000000000000000000000000000000000000000000000000000000000,48d7,48d7
GROUND,14,DOCKER,11,ea07051b052b20430801000000b50bcd000000460d02002707020002000000000000000000a43d62ff190019000000000000000000000000000000000000000000000000000000000000000000000000000000000000000000000000000000000000000000000000000000,bbec,bbec
GROUND,14,DOCKER,11,ea07051b052b21400800000100b70bc9000100500d01002807020003000000000000000000a43d60ff190018000000000000000000000000000000000000000000000000000000000000000000000000000000000000000000000000000000000000000000000000000000,11bc,11bc
GROUND,14,DOCKER,11,ea07051b052b22460801000000bf0bd0000000370d02002d07010002000000000000000000a53d61ff190018000000000000000000000000000000000000000000000000000000000000000000000000000000000000000000000000000000000000000000000000000000,5b1c,5b1c
GROUND,14,DOCKER,11,ea07051b052b23400801000200b30bc80002003b0d01002e07020002000000000000000000a53d65ff190019000000000000000000000000000000000000000000000000000000000000000000000000000000000000000000000000000000000000000000000000000000,8abe,8abe
GROUND,14,DOCKER,11,ea07051b052b243f0800000200bf0bd9000200440d00002707020001000000000000000000a53d63ff190019000000000000000000000000000000000000000000000000000000000000000000000000000000000000000000000000000000000000000000000000000000,344c,344c
GROUND,14,DOCKER,11,ea07051b052b253d0800000000b20bde000200390d00002b07030002000000000000000000a43d62ff190019000000000000000000000000000000000000000000000000000000000000000000000000000000000000000000000000000000000000000000000000000000,5c21,5c21
GROUND,14,DOCKER,11,ea07051b052b26400800000200c00bc30002003b0d02002f07030002000000000000000000a43d62ff190018000000000000000000000000000000000000000000000000000000000000000000000000000000000000000000000000000000000000000000000000000000,06fb,06fb
GROUND,14,DOCKER,11,ea07051b052b274a0801000000c00bcd000200490d02002807030002000000000000000000a43d63ff19001a000000000000000000000000000000000000000000000000000000000000000000000000000000000000000000000000000000000000000000000000000000,83c7,83c7
GROUND,14,DOCKER,11,ea07051b052b283f0801000000ba0bc4000200390d01002f07180002000000000000000000a43d63ff190018000000000000000000000000000000000000000000000000000000000000000000000000000000000000000000000000000000000000000000000000000000,8a87,8a87
GROUND,14,DOCKER,11,ea07051b052b29470802000100be0bcb000100380d00002907010002000000000000000000a33d64ff190019000000000000000000000000000000000000000000000000000000000000000000000000000000000000000000000000000000000000000000000000000000,293d,293d
GROUND,14,DOCKER,11,ea07051b052b2a3f0800000100b20bc60001003b0d01002d070c0001000000000000000000a43d61ff190019000000000000000000000000000000000000000000000000000000000000000000000000000000000000000000000000000000000000000000000000000000,9c18,9c18
GROUND,14,DOCKER,11,ea07051b052b2b4b0802000100b80bc60000003f0d02002e07030002000000000000000000a33d5eff190019000000000000000000000000000000000000000000000000000000000000000000000000000000000000000000000000000000000000000000000000000000,2336,2336
GROUND,14,DOCKER,11,ea07051b052b2c400800000200c00bc4000000370d01002e07030002000000000000000000a53d63ff190019000000000000000000000000000000000000000000000000000000000000000000000000000000000000000000000000000000000000000000000000000000,8f44,8f44
GROUND,14,DOCKER,11,ea07051b052b2d480801000000c00bbe0000003a0d01002d07030002000000000000000000a43d62ff190019000000000000000000000000000000000000000000000000000000000000000000000000000000000000000000000000000000000000000000000000000000,4179,4179
GROUND,14,DOCKER,11,ea07051b052b2e440801000200c70bc4000100470d02002807020001000000000000000000a33d62ff19001a000000000000000000000000000000000000000000000000000000000000000000000000000000000000000000000000000000000000000000000000000000,dafc,dafc
GROUND,14,DOCKER,11,ea07051b052b2f400802000100ba0bd30000003f0d00002f07030002000000000000000000a43d62ff190018000000000000000000000000000000000000000000000000000000000000000000000000000000000000000000000000000000000000000000000000000000,9471,9471
GROUND,14,DOCKER,11,ea07051b052b30440801000000b50bc20001004a0d00002807030001000000000000000000a33d5fff190019000000000000000000000000000000000000000000000000000000000000000000000000000000000000000000000000000000000000000000000000000000,6fbd,6fbd
GROUND,14,DOCKER,11,ea07051b052b313b0802000000bb0bc90001003d0d01002e07010001000000000000000000a33d63ff190019000000000000000000000000000000000000000000000000000000000000000000000000000000000000000000000000000000000000000000000000000000,a36f,a36f
GROUND,14,DOCKER,11,ea07051b052b32440801000000c20bcc000200370d03002b07010002000000000000000000a33d63ff190019000000000000000000000000000000000000000000000000000000000000000000000000000000000000000000000000000000000000000000000000000000,335b,335b
GROUND,14,DOCKER,11,ea07051b052b33400800000200b80bce000200470d01003007030002000000000000000000a23d61ff190019000000000000000000000000000000000000000000000000000000000000000000000000000000000000000000000000000000000000000000000000000000,b733,b733
GROUND,14,DOCKER,11,ea07051b052b34410801000000b40bcb000200460d01002607000002000000000000000000a03d5eff19001a000000000000000000000000000000000000000000000000000000000000000000000000000000000000000000000000000000000000000000000000000000,4fc3,4fc3
GROUND,14,DOCKER,11,ea07051b052b354a0802000000c20bcc000200420d02002d07030002000000000000000000a23d65ff19001a000000000000000000000000000000000000000000000000000000000000000000000000000000000000000000000000000000000000000000000000000000,24c1,24c1
GROUND,14,DOCKER,11,ea07051b052b364c0800000200b10bc40001003f0d04002e07030001000000000000000000a33d63ff190019000000000000000000000000000000000000000000000000000000000000000000000000000000000000000000000000000000000000000000000000000000,0e04,0e04
GROUND,14,DOCKER,11,ea07051b052b37480800000000c30bce000200400d03002e07020002000000000000000000a13d62ff190019000000000000000000000000000000000000000000000000000000000000000000000000000000000000000000000000000000000000000000000000000000,29e9,29e9
GROUND,14,DOCKER,11,ea07051b052b38400802000100c40bc10000003f0d03002307090002000000000000000000a13d64ff190019000000000000000000000000000000000000000000000000000000000000000000000000000000000000000000000000000000000000000000000000000000,3a0c,3a0c
GROUND,14,DOCKER,11,ea07051b052b39400800000200b80bb80001003f0d00002c07110002000000000000000000a33d60ff190019000000000000000000000000000000000000000000000000000000000000000000000000000000000000000000000000000000000000000000000000000000,1933,1933
GROUND,14,DOCKER,11,ea07051b052b3a400801000100b60bc70002003b0d01002a07200002000000000000000000a13d61ff190019000000000000000000000000000000000000000000000000000000000000000000000000000000000000000000000000000000000000000000000000000000,ace3,ace3
GROUND,14,DOCKER,11,ea07051b052b3b3f0801000000bb0bcb000200420d02002707160001000000000000000000a33d63ff190019000000000000000000000000000000000000000000000000000000000000000000000000000000000000000000000000000000000000000000000000000000,764d,764d
GROUND,14,DOCKER,11,ea07051b052c00490802000000b90bc9000200470d00002807060002000000000000000000a03d64ff19001a000000000000000000000000000000000000000000000000000000000000000000000000000000000000000000000000000000000000000000000000000000,2060,2060
GROUND,14,DOCKER,11,ea07051b052c013f0800000100bf0bc1000100390d03002c07020002000000000000000000a33d61ff19001a000000000000000000000000000000000000000000000000000000000000000000000000000000000000000000000000000000000000000000000000000000,14ee,14ee
GROUND,14,DOCKER,11,ea07051b052c023d0800000100b90bce0001003d0d02002f07020001000000000000000000a23d60ff190019000000000000000000000000000000000000000000000000000000000000000000000000000000000000000000000000000000000000000000000000000000,2959,2959
GROUND,14,DOCKER,11,ea07051b052c03400802000200b40bc8000000470d00002c07060002000000000000000000a13d60ff190019000000000000000000000000000000000000000000000000000000000000000000000000000000000000000000000000000000000000000000000000000000,40b6,40b6
GROUND,14,DOCKER,11,ea07051b052c04470802000100c00bc90002003b0d01002d07040002000000000000000000a13d61ff190019000000000000000000000000000000000000000000000000000000000000000000000000000000000000000000000000000000000000000000000000000000,6e35,6e35
GROUND,14,DOCKER,11,ea07051b052c05400801000100c90bd1000200380d00002b07020000000000000000000000a13d62ff190019000000000000000000000000000000000000000000000000000000000000000000000000000000000000000000000000000000000000000000000000000000,4366,4366
GROUND,14,DOCKER,11,ea07051b052c06400801000200bf0bc80000003a0d02002b07030001000000000000000000a03d64ff19001a000000000000000000000000000000000000000000000000000000000000000000000000000000000000000000000000000000000000000000000000000000,7699,7699
GROUND,14,DOCKER,11,ea07051b052c074c0802000200b50bc4000100400d03002807030002000000000000000000a13d62ff19001a000000000000000000000000000000000000000000000000000000000000000000000000000000000000000000000000000000000000000000000000000000,9f95,9f95
GROUND,14,DOCKER,11,ea07051b052c084b0800000100c50bcd0001003c0d02002f07020002000000000000000000a13d61ff190019000000000000000000000000000000000000000000000000000000000000000000000000000000000000000000000000000000000000000000000000000000,b894,b894
GROUND,14,DOCKER,11,ea07051b052c093f0801000100b30bc3000100410d01002507030002000000000000000000a03d65ff19001a000000000000000000000000000000000000000000000000000000000000000000000000000000000000000000000000000000000000000000000000000000,fa9a,fa9a
GROUND,14,DOCKER,11,ea07051b052c0a470802000100bb0bc5000300470d010028079e0002000000000000000000a23d62ff19001a000000000000000000000000000000000000000000000000000000000000000000000000000000000000000000000000000000000000000000000000000000,0f93,0f93
GROUND,14,DOCKER,11,ea07051b052c0b480802000200b70bcc0002003a0d00002707000002000000000000000000a03d62ff190019000000000000000000000000000000000000000000000000000000000000000000000000000000000000000000000000000000000000000000000000000000,e3cc,e3cc
GROUND,14,DOCKER,11,ea07051b052c0c400800000200b30bc20000004a0d000024071c0002000000000000000000a13d64ff19001a000000000000000000000000000000000000000000000000000000000000000000000000000000000000000000000000000000000000000000000000000000,c2a1,c2a1
GROUND,14,DOCKER,11,ea07051b052c0d440800000100b20bc90002004a0d00002a07010002000000000000000000a03d62ff19001a000000000000000000000000000000000000000000000000000000000000000000000000000000000000000000000000000000000000000000000000000000,2a93,2a93
GROUND,14,DOCKER,11,ea07051b052c0e400802000100b20bc7000200390d02002c07000001000000000000000000a03d5fff19001a000000000000000000000000000000000000000000000000000000000000000000000000000000000000000000000000000000000000000000000000000000,5328,5328
GROUND,14,DOCKER,11,ea07051b052c0f450800000000b40bba0001003b0d03002d07020002000000000000000000a13d65ff190019000000000000000000000000000000000000000000000000000000000000000000000000000000000000000000000000000000000000000000000000000000,2869,2869
GROUND,14,DOCKER,11,ea07051b052c10440801000000b50bd1000200450d00002507020002000000000000000000a13d65ff19001a000000000000000000000000000000000000000000000000000000000000000000000000000000000000000000000000000000000000000000000000000000,c461,c461
GROUND,14,DOCKER,11,ea07051b052c11470801000000bb0bcb000200400d00002f07010003000000000000000000a03d5fff19001a000000000000000000000000000000000000000000000000000000000000000000000000000000000000000000000000000000000000000000000000000000,1138,1138
GROUND,14,DOCKER,11,ea07051b052c123d0802000200bc0bc40002003a0d00002f070300020000000000000000009e3d63ff190019000000000000000000000000000000000000000000000000000000000000000000000000000000000000000000000000000000000000000000000000000000,c23b,c23b
GROUND,14,DOCKER,11,ea07051b052c13480801000300c20bc5000200380d03002c070300020000000000000000009e3d63ff19001a000000000000000000000000000000000000000000000000000000000000000000000000000000000000000000000000000000000000000000000000000000,1262,1262
GROUND,14,DOCKER,11,ea07051b052c14400801000200bc0bcc000200400d020027075b0001000000000000000000a13d61ff190019000000000000000000000000000000000000000000000000000000000000000000000000000000000000000000000000000000000000000000000000000000,44d8,44d8
GROUND,14,DOCKER,11,ea07051b052c15450801000200be0bc4000200400d00002707040001000000000000000000a13d61ff19001a000000000000000000000000000000000000000000000000000000000000000000000000000000000000000000000000000000000000000000000000000000,bc7f,bc7f
GROUND,14,DOCKER,11,ea07051b052c16460802000100b40bcc0001004b0d03002c070100020000000000000000009e3d64ff19001a000000000000000000000000000000000000000000000000000000000000000000000000000000000000000000000000000000000000000000000000000000,48a8,48a8
GROUND,14,DOCKER,11,ea07051b052c17450802000000b70bca000200440d020025070100020000000000000000009f3d62ff190019000000000000000000000000000000000000000000000000000000000000000000000000000000000000000000000000000000000000000000000000000000,5233,5233
GROUND,14,DOCKER,11,ea07051b052c18490802000100bb0bc8000000480d020028071900020000000000000000009f3d62ff190019000000000000000000000000000000000000000000000000000000000000000000000000000000000000000000000000000000000000000000000000000000,a5b0,a5b0
GROUND,14,DOCKER,11,ea07051b052c19400802000200c00bcf000200400d030025070100020000000000000000009e3d60ff19001a000000000000000000000000000000000000000000000000000000000000000000000000000000000000000000000000000000000000000000000000000000,03ec,03ec
GROUND,14,DOCKER,11,ea07051b052c1a490800000200b30bc9000000470d00002607010002000000000000000000a03d64ff19001a0000000000000000000000000000000000000000000000000000000000000000000000000000000000000000000000000000000000000000000000000000,00e9,cc89
GROUND,14,DOCKER,11,ea07051b052c1b480801000200b60bcd0002003f0d010028070c0001000000000000000000a03d63ff190019000000000000000000000000000000000000000000000000000000000000000000000000000000000000000000000000000000000000000000000000000000,5514,5514
GROUND,14,DOCKER,11,ea07051b052c1c440802000200c00bcd000200470d020027070900020000000000000000009e3d60ff19001a000000000000000000000000000000000000000000000000000000000000000000000000000000000000000000000000000000000000000000000000000000,2a9a,2a9a
GROUND,14,DOCKER,11,ea07051b052c1d3f0801000000bf0bcb000200390d000027070100010000000000000000009e3d64ff190019000000000000000000000000000000000000000000000000000000000000000000000000000000000000000000000000000000000000000000000000000000,8e85,8e85
GROUND,14,DOCKER,11,ea07051b052c1e400800000000bb0bd1000200480d030028070600020000000000000000009f3d62ff19001a000000000000000000000000000000000000000000000000000000000000000000000000000000000000000000000000000000000000000000000000000000,9fd3,9fd3
GROUND,14,DOCKER,11,ea07051b052c1f3f0801000200c10bc10001003f0d02002d07130002000000000000000000a03d5fff190019000000000000000000000000000000000000000000000000000000000000000000000000000000000000000000000000000000000000000000000000000000,b753,b753
GROUND,14,DOCKER,11,ea07051b052c204c0801000200c00bc5000100400d010029070300010000000000000000009f3d62ff19001a000000000000000000000000000000000000000000000000000000000000000000000000000000000000000000000000000000000000000000000000000000,f6c4,f6c4
GROUND,14,DOCKER,11,ea07051b052c213c0800000200b70bca000300440d010027070100010000000000000000009f3d64ff19001a000000000000000000000000000000000000000000000000000000000000000000000000000000000000000000000000000000000000000000000000000000,6528,6528
GROUND,14,DOCKER,11,ea07051b052c22470802000000c00bca0002003f0d020031071900020000000000000000009f3d61ff190019000000000000000000000000000000000000000000000000000000000000000000000000000000000000000000000000000000000000000000000000000000,81c9,81c9
GROUND,14,DOCKER,11,ea07051b052c23440801000200b70bcb0002003d0d02002f070100010000000000000000009e3d60ff19001a000000000000000000000000000000000000000000000000000000000000000000000000000000000000000000000000000000000000000000000000000000,5f00,5f00
GROUND,14,DOCKER,11,ea07051b052c24480802000100b50bc40001003f0d00002a070500010000000000000000009e3d62ff19001a000000000000000000000000000000000000000000000000000000000000000000000000000000000000000000000000000000000000000000000000000000,1da0,1da0
GROUND,14,DOCKER,11,ea07051b052c25410802000200b30bc8000000470d000029070300020000000000000000009d3d5fff19001a000000000000000000000000000000000000000000000000000000000000000000000000000000000000000000000000000000000000000000000000000000,2f2b,2f2b
GROUND,14,DOCKER,11,ea07051b052c26400802000100b40bd20002003b0d01002d070400020000000000000000009e3d64ff19001a000000000000000000000000000000000000000000000000000000000000000000000000000000000000000000000000000000000000000000000000000000,a486,a486
GROUND,14,DOCKER,11,ea07051b052c27400802000000bf0bcb000000400d010027070200020000000000000000009e3d63ff19001a000000000000000000000000000000000000000000000000000000000000000000000000000000000000000000000000000000000000000000000000000000,93ca,93ca
GROUND,14,DOCKER,11,ea07051b052c28440802000000c30bca000200440d000027070000010000000000000000009d3d61ff19001a000000000000000000000000000000000000000000000000000000000000000000000000000000000000000000000000000000000000000000000000000000,e5bc,e5bc
GROUND,14,DOCKER,11,ea07051b052c293b0802000100c70bc6000100390d01002d070200010000000000000000009e3d61ff19001b000000000000000000000000000000000000000000000000000000000000000000000000000000000000000000000000000000000000000000000000000000,7aa6,7aa6
GROUND,14,DOCKER,11,ea07051b052c2a3f0802000200bb0bc60001003f0d03002a070200010000000000000000009c3d64ff19001a000000000000000000000000000000000000000000000000000000000000000000000000000000000000000000000000000000000000000000000000000000,8dae,8dae
GROUND,14,DOCKER,11,ea07051b052c2b4c0800000200b80bc20001003f0d000030071000020000000000000000009e3d63ff19001a000000000000000000000000000000000000000000000000000000000000000000000000000000000000000000000000000000000000000000000000000000,2f94,2f94
GROUND,14,DOCKER,11,ea07051b052c2c480801000000c00bca000000390d00002d070000020000000000000000009d3d62ff19001a000000000000000000000000000000000000000000000000000000000000000000000000000000000000000000000000000000000000000000000000000000,8790,8790
GROUND,14,DOCKER,11,ea07051b052c2d3f0800000000b70bcc000100390d00002e070600020000000000000000009c3d60ff19001a000000000000000000000000000000000000000000000000000000000000000000000000000000000000000000000000000000000000000000000000000000,241f,241f
GROUND,14,DOCKER,11,ea07051b052c2e480800000100b60bca000000380d020027070000010000000000000000009c3d5eff19001a000000000000000000000000000000000000000000000000000000000000000000000000000000000000000000000000000000000000000000000000000000,16f5,16f5
GROUND,14,DOCKER,11,ea07051b052c2f3d0801000000b60bc4000200470d02002c070100020000000000000000009c3d62ff19001a000000000000000000000000000000000000000000000000000000000000000000000000000000000000000000000000000000000000000000000000000000,24c3,24c3
GROUND,14,DOCKER,11,ea07051b052c30400803000200c00bca0001003a0d01002d070200010000000000000000009d3d65ff19001a000000000000000000000000000000000000000000000000000000000000000000000000000000000000000000000000000000000000000000000000000000,44a0,44a0
GROUND,14,DOCKER,11,ea07051b052c313f0801000200b40bc9000100470d020026070200010000000000000000009d3d64ff19001a000000000000000000000000000000000000000000000000000000000000000000000000000000000000000000000000000000000000000000000000000000,acfd,acfd
GROUND,14,DOCKER,11,ea07051b052c323f0800000000b70bc9000200480d030025070100020000000000000000009c3d5fff19001b000000000000000000000000000000000000000000000000000000000000000000000000000000000000000000000000000000000000000000000000000000,1d8f,1d8f
GROUND,14,DOCKER,11,ea07051b052c333f0800000200bf0bc4000000400d010026070200010000000000000000009c3d62ff19001a000000000000000000000000000000000000000000000000000000000000000000000000000000000000000000000000000000000000000000000000000000,5b9b,5b9b
GROUND,14,DOCKER,11,ea07051b052c343f0801000100c40bce0001003d0d02002e070100010000000000000000009d3d62ff19001a000000000000000000000000000000000000000000000000000000000000000000000000000000000000000000000000000000000000000000000000000000,3ad9,3ad9
GROUND,14,DOCKER,11,ea07051b052c353a0800000100c20bc2000000400d03002d070300010000000000000000009d3d62ff19001b000000000000000000000000000000000000000000000000000000000000000000000000000000000000000000000000000000000000000000000000000000,3c83,3c83
GROUND,14,DOCKER,11,ea07051b052c36480800000000c10bc30002003c0d00002e071900010000000000000000009d3d64ff19001a000000000000000000000000000000000000000000000000000000000000000000000000000000000000000000000000000000000000000000000000000000,9f6d,9f6d
GROUND,14,DOCKER,11,ea07051b052c37400802000000b30bc0000100440d00002a070100010000000000000000009b3d64ff190019000000000000000000000000000000000000000000000000000000000000000000000000000000000000000000000000000000000000000000000000000000,c78e,c78e
GROUND,14,DOCKER,11,ea07051b052c383e0800000100c00bce0002003f0d000026070900010000000000000000009d3d61ff19001a000000000000000000000000000000000000000000000000000000000000000000000000000000000000000000000000000000000000000000000000000000,496e,496e
GROUND,14,DOCKER,11,ea07051b052c393d0800000100b00bca000000430d01002c070100020000000000000000009d3d63ff19001a000000000000000000000000000000000000000000000000000000000000000000000000000000000000000000000000000000000000000000000000000000,53d7,53d7
GROUND,14,DOCKER,11,ea07051b052c3a440802000000bc0bc6000200400d01002c070300020000000000000000009c3d63ff19001a000000000000000000000000000000000000000000000000000000000000000000000000000000000000000000000000000000000000000000000000000000,c8e9,c8e9
GROUND,14,DOCKER,11,ea07051b052c3b440801000000bf0bc20001003d0d010028070200020000000000000000009d3d5eff19001a000000000000000000000000000000000000000000000000000000000000000000000000000000000000000000000000000000000000000000000000000000,4d9c,4d9c
GROUND,14,DOCKER,11,ea07051b052d003c0800000100bf0bbf000200440d020027070200010000000000000000009c3d60ff19001a000000000000000000000000000000000000000000000000000000000000000000000000000000000000000000000000000000000000000000000000000000,354f,354f
GROUND,14,DOCKER,11,ea07051b052d01450801000000bf0bcc000000400d030027070800020000000000000000009c3d61ff19001b000000000000000000000000000000000000000000000000000000000000000000000000000000000000000000000000000000000000000000000000000000,ee76,ee76
GROUND,14,DOCKER,11,ea07051b052d02460800000100c30bc8000100420d01002d071100020000000000000000009d3d62ff19001a000000000000000000000000000000000000000000000000000000000000000000000000000000000000000000000000000000000000000000000000000000,cc02,cc02
GROUND,14,DOCKER,11,ea07051b052d03430800000000c00bc8000000450d020026070100020000000000000000009c3d64ff19001a000000000000000000000000000000000000000000000000000000000000000000000000000000000000000000000000000000000000000000000000000000,649e,649e
GROUND,14,DOCKER,11,ea07051b052d04440801000200c30bc7000200370d02002f070300010000000000000000009c3d65ff19001a000000000000000000000000000000000000000000000000000000000000000000000000000000000000000000000000000000000000000000000000000000,ed62,ed62
GROUND,14,DOCKER,11,ea07051b052d053f0801000200b70bcd0002004e0d030028070200020000000000000000009c3d62ff19001b000000000000000000000000000000000000000000000000000000000000000000000000000000000000000000000000000000000000000000000000000000,db42,db42
GROUND,14,DOCKER,11,ea07051b052d06470802000000b90bd1000100400d00002f070100040000000000000000009c3d5eff19001a000000000000000000000000000000000000000000000000000000000000000000000000000000000000000000000000000000000000000000000000000000,492f,492f
GROUND,14,DOCKER,11,ea07051b052d073f0801000000bf0bc9000000400d010027070100020000000000000000009a3d62ff19001a000000000000000000000000000000000000000000000000000000000000000000000000000000000000000000000000000000000000000000000000000000,bcf4,bcf4
GROUND,14,DOCKER,11,ea07051b052d08420801000200bf0bcb000200480d030029070200020000000000000000009c3d62ff19001a000000000000000000000000000000000000000000000000000000000000000000000000000000000000000000000000000000000000000000000000000000,bb65,bb65
GROUND,14,DOCKER,11,ea07051b052d09440800000200b50bc50000003f0d00002c070100020000000000000000009c3d62ff19001b000000000000000000000000000000000000000000000000000000000000000000000000000000000000000000000000000000000000000000000000000000,0086,0086
GROUND,14,DOCKER,11,ea07051b052d0a400800000100b40bcc0000003f0d000030070200010000000000000000009c3d64ff19001b000000000000000000000000000000000000000000000000000000000000000000000000000000000000000000000000000000000000000000000000000000,e218,e218
GROUND,14,DOCKER,11,ea07051b052d0b3f0801000200bc0bbe000000380d02002f070100020000000000000000009b3d61ff19001a000000000000000000000000000000000000000000000000000000000000000000000000000000000000000000000000000000000000000000000000000000,711c,711c
GROUND,14,DOCKER,11,ea07051b052d0c3f0800000000bf0bcf000100390d000027070200010000000000000000009b3d61ff19001a000000000000000000000000000000000000000000000000000000000000000000000000000000000000000000000000000000000000000000000000000000,9f87,9f87
GROUND,14,DOCKER,11,ea07051b052d0d400801000200bb0bc80001003a0d00002c070200020000000000000000009a3d62ff19001a000000000000000000000000000000000000000000000000000000000000000000000000000000000000000000000000000000000000000000000000000000,e496,e496
GROUND,14,DOCKER,11,ea07051b052d0e440801000000bf0bcd000000400d020029070300020000000000000000009b3d64ff19001a000000000000000000000000000000000000000000000000000000000000000000000000000000000000000000000000000000000000000000000000000000,e6f1,e6f1
GROUND,14,DOCKER,11,ea07051b052d0f400801000000c10bca0000003a0d02002d070200010000000000000000009b3d60ff19001b000000000000000000000000000000000000000000000000000000000000000000000000000000000000000000000000000000000000000000000000000000,c633,c633
GROUND,14,DOCKER,11,ea07051b052d103d0800000200b50bc2000200470d00002b070400020000000000000000009a3d5fff19001b000000000000000000000000000000000000000000000000000000000000000000000000000000000000000000000000000000000000000000000000000000,e05c,e05c
GROUND,14,DOCKER,11,ea07051b052d113f0801000200b80bce000200490d000027070200020000000000000000009b3d64ff19001b000000000000000000000000000000000000000000000000000000000000000000000000000000000000000000000000000000000000000000000000000000,1b21,1b21
GROUND,14,DOCKER,11,ea07051b052d12460802000100b30bc20001003f0d010029070100020000000000000000009c3d62ff19001a000000000000000000000000000000000000000000000000000000000000000000000000000000000000000000000000000000000000000000000000000000,3b53,3b53
GROUND,14,DOCKER,11,ea07051b052d13400802000200b80bc50000003f0d01002c070500020000000000000000009a3d64ff19001a000000000000000000000000000000000000000000000000000000000000000000000000000000000000000000000000000000000000000000000000000000,3ecb,3ecb
GROUND,14,DOCKER,11,ea07051b052d14470801000200bf0bc50000003a0d02002d070100020000000000000000009b3d63ff19001b000000000000000000000000000000000000000000000000000000000000000000000000000000000000000000000000000000000000000000000000000000,84b4,84b4
GROUND,14,DOCKER,11,ea07051b052d15450802000100c00bc90001003b0d00002f070300020000000000000000009a3d5dff19001a000000000000000000000000000000000000000000000000000000000000000000000000000000000000000000000000000000000000000000000000000000,9b17,9b17
GROUND,14,DOCKER,11,ea07051b052d16490802000100bb0bc20000004c0d020029070300020000000000000000009a3d61ff19001b000000000000000000000000000000000000000000000000000000000000000000000000000000000000000000000000000000000000000000000000000000,9718,9718
GROUND,14,DOCKER,11,ea07051b052d173d0800000000b80bc60000003b0d02002f070200020000000000000000009b3d63ff19001a000000000000000000000000000000000000000000000000000000000000000000000000000000000000000000000000000000000000000000000000000000,5cf4,5cf4
GROUND,14,DOCKER,11,ea07051b052d183d0801000200bb0bcd0001003c0d03002d070200010000000000000000009a3d63ff19001b000000000000000000000000000000000000000000000000000000000000000000000000000000000000000000000000000000000000000000000000000000,c369,c369
GROUND,14,DOCKER,11,ea07051b052d193d0801000000c30bc80002003a0d03002d070000020000000000000000009a3d62ff19001a000000000000000000000000000000000000000000000000000000000000000000000000000000000000000000000000000000000000000000000000000000,569d,569d
GROUND,14,DOCKER,11,ea07051b052d1a470801000100b50bc80001003f0d00002c070100020000000000000000009a3d63ff19001a000000000000000000000000000000000000000000000000000000000000000000000000000000000000000000000000000000000000000000000000000000,a805,a805
GROUND,14,DOCKER,11,ea07051b052d1b470800000000b70bca0001004b0d020027070100010000000000000000009c3d60ff19001a000000000000000000000000000000000000000000000000000000000000000000000000000000000000000000000000000000000000000000000000000000,03eb,03eb
GROUND,14,DOCKER,11,ea07051b052d1c440800000100bd0bc0000200400d000025070300020000000000000000009a3d62ff19001b000000000000000000000000000000000000000000000000000000000000000000000000000000000000000000000000000000000000000000000000000000,a041,a041
GROUND,14,DOCKER,11,ea07051b052d1d3f0801000100b30bc80002003f0d03002c07040002000000000000000000993d65ff19001a000000000000000000000000000000000000000000000000000000000000000000000000000000000000000000000000000000000000000000000000000000,f849,f849
GROUND,14,DOCKER,11,ea07051b052d1e420801000000b80bd3000000470d02003007010002000000000000000000983d62ff19001a000000000000000000000000000000000000000000000000000000000000000000000000000000000000000000000000000000000000000000000000000000,b2b6,b2b6
GROUND,14,DOCKER,11,ea07051b052d1f400800000100b80bd0000000440d020025070400020000000000000000009a3d61ff19001b000000000000000000000000000000000000000000000000000000000000000000000000000000000000000000000000000000000000000000000000000000,43a1,43a1
GROUND,14,DOCKER,11,ea07051b052d203d0800000200b70bc3000100490d010025070200010000000000000000009a3d60ff19001a000000000000000000000000000000000000000000000000000000000000000000000000000000000000000000000000000000000000000000000000000000,9df5,9df5
GROUND,14,DOCKER,11,ea07051b052d213f0801000200bb0bc1000200470d000028070200010000000000000000009a3d63ff19001a000000000000000000000000000000000000000000000000000000000000000000000000000000000000000000000000000000000000000000000000000000,ce76,ce76
GROUND,14,DOCKER,11,ea07051b052d22400800000000c00bc90002004c0d02002707100002000000000000000000983d62ff19001b000000000000000000000000000000000000000000000000000000000000000000000000000000000000000000000000000000000000000000000000000000,1d0b,1d0b
GROUND,14,DOCKER,11,ea07051b052d23420800000200b70bba000100500d030028070200010000000000000000009a3d63ff19001a000000000000000000000000000000000000000000000000000000000000000000000000000000000000000000000000000000000000000000000000000000,efb6,efb6
GROUND,14,DOCKER,11,ea07051b052d24400800000100b30bc00001004f0d03002807030002000000000000000000973d63ff19001b000000000000000000000000000000000000000000000000000000000000000000000000000000000000000000000000000000000000000000000000000000,0f71,0f71
GROUND,14,DOCKER,11,ea07051b052d253d0800000100c60bcd000200380d010029070100020000000000000000009a3d62ff19001b000000000000000000000000000000000000000000000000000000000000000000000000000000000000000000000000000000000000000000000000000000,cac0,cac0
GROUND,14,DOCKER,11,ea07051b052d26480801000100b70bcd0000003d0d020030070500010000000000000000009a3d5eff19001a000000000000000000000000000000000000000000000000000000000000000000000000000000000000000000000000000000000000000000000000000000,3eba,3eba
GROUND,14,DOCKER,11,ea07051b052d27400801000200bb0bc8000200350d03002107030001000000000000000000983d62ff19001b000000000000000000000000000000000000000000000000000000000000000000000000000000000000000000000000000000000000000000000000000000,e93c,e93c
GROUND,14,DOCKER,11,ea07051b052d28410802000100b50bcf0000003f0d03002c07020002000000000000000000983d61ff19001a000000000000000000000000000000000000000000000000000000000000000000000000000000000000000000000000000000000000000000000000000000,9ee5,9ee5
GROUND,14,DOCKER,11,ea07051b052d293e0800000000c00bce0001003f0d02003007030002000000000000000000993d5fff19001c000000000000000000000000000000000000000000000000000000000000000000000000000000000000000000000000000000000000000000000000000000,e9e5,e9e5
GROUND,14,DOCKER,11,ea07051b052d2a460801000100c00bc90002003b0d02002f07040002000000000000000000983d64ff19001a0000000000000000000000000000000000000000000000000000000000000000000000000000000000000000000000000000000000000000000000000000,00f5,2d55
GROUND,14,DOCKER,11,ea07051b052d2b430800000100bf0bcd000200400d02002707000002000000000000000000973d60ff19001a000000000000000000000000000000000000000000000000000000000000000000000000000000000000000000000000000000000000000000000000000000,38c9,38c9
GROUND,14,DOCKER,11,ea07051b052d2c450800000200b80bcc000100470d02003407030001000000000000000000993d61ff19001b000000000000000000000000000000000000000000000000000000000000000000000000000000000000000000000000000000000000000000000000000000,6b39,6b39
GROUND,14,DOCKER,11,ea07051b052d2d400802000000c00bd30001003b0d000029070c0002000000000000000000993d64ff19001b000000000000000000000000000000000000000000000000000000000000000000000000000000000000000000000000000000000000000000000000000000,db97,db97
GROUND,14,DOCKER,11,ea07051b052d2e450801000000b70bc5000200420d00002407020002000000000000000000993d63ff19001a000000000000000000000000000000000000000000000000000000000000000000000000000000000000000000000000000000000000000000000000000000,2dec,2dec
GROUND,14,DOCKER,11,ea07051b052d2f450802000200b20bc20002003f0d03002d070c0002000000000000000000993d5fff19001b000000000000000000000000000000000000000000000000000000000000000000000000000000000000000000000000000000000000000000000000000000,ad20,ad20
GROUND,14,DOCKER,11,ea07051b052d303d0800000200b40bc1000100390d00002a07030002000000000000000000983d62ff19001a000000000000000000000000000000000000000000000000000000000000000000000000000000000000000000000000000000000000000000000000000000,adb5,adb5
GROUND,14,DOCKER,11,ea07051b052d314a0802000000b50bbe000200480d03002807020002000000000000000000993d63ff19001a000000000000000000000000000000000000000000000000000000000000000000000000000000000000000000000000000000000000000000000000000000,8b0d,8b0d
GROUND,14,DOCKER,11,ea07051b052d32480801000200c00bcb0000003c0d02002d07020002000000000000000000993d61ff19001a000000000000000000000000000000000000000000000000000000000000000000000000000000000000000000000000000000000000000000000000000000,b66d,b66d
GROUND,14,DOCKER,11,ea07051b052d33470802000000ba0bc90002003b0d02002c07020002000000000000000000983d64ff19001a000000000000000000000000000000000000000000000000000000000000000000000000000000000000000000000000000000000000000000000000000000,2242,2242
GROUND,14,DOCKER,11,ea07051b052d343d0801000200c60bcc0002003d0d00002c07010001000000000000000000993d64ff19001a000000000000000000000000000000000000000000000000000000000000000000000000000000000000000000000000000000000000000000000000000000,f7a1,f7a1
GROUND,14,DOCKER,11,ea07051b052d35400801000200b80bbd000200480d010027070100010000000000000000009b3d61ff19001c000000000000000000000000000000000000000000000000000000000000000000000000000000000000000000000000000000000000000000000000000000,2966,2966
GROUND,14,DOCKER,11,ea07051b052d363d0800000200c00be1000200390d00002b07020001000000000000000000973d5fff19001b000000000000000000000000000000000000000000000000000000000000000000000000000000000000000000000000000000000000000000000000000000,2ed9,2ed9
GROUND,14,DOCKER,11,ea07051b052d37400800000200b70bce0002003b0d02002b07030002000000000000000000973d62ff19001b000000000000000000000000000000000000000000000000000000000000000000000000000000000000000000000000000000000000000000000000000000,2ef7,2ef7
GROUND,14,DOCKER,11,ea07051b052d38440801000100b50bc90000004c0d01002507020002000000000000000000973d63ff19001b000000000000000000000000000000000000000000000000000000000000000000000000000000000000000000000000000000000000000000000000000000,2b25,2b25
GROUND,14,DOCKER,11,ea07051b052d393b0800000100c00bca0000003b0d00002e07030001000000000000000000983d61ff19001a000000000000000000000000000000000000000000000000000000000000000000000000000000000000000000000000000000000000000000000000000000,d345,d345
GROUND,14,DOCKER,11,ea07051b052d3a490802000200b30bcc000200460d03002807020002000000000000000000983d64ff19001a000000000000000000000000000000000000000000000000000000000000000000000000000000000000000000000000000000000000000000000000000000,8e71,8e71
GROUND,14,DOCKER,11,ea07051b052d3b400803000000c00bcb000200490d02002807040002000000000000000000973d62ff19001a000000000000000000000000000000000000000000000000000000000000000000000000000000000000000000000000000000000000000000000000000000,bfe0,bfe0
GROUND,14,DOCKER,11,ea07051b052e00400801000100bf0bc9000200400d03002907010001000000000000000000973d5fff19001b000000000000000000000000000000000000000000000000000000000000000000000000000000000000000000000000000000000000000000000000000000,14e6,14e6
GROUND,14,DOCKER,11,ea07051b052e01430800000200b10bc4000200470d03002607020002000000000000000000963d61ff19001c000000000000000000000000000000000000000000000000000000000000000000000000000000000000000000000000000000000000000000000000000000,6b95,6b95
GROUND,14,DOCKER,11,ea07051b052e02400801000100b20bcc0002003f0d03002807020001000000000000000000983d63ff19001a000000000000000000000000000000000000000000000000000000000000000000000000000000000000000000000000000000000000000000000000000000,f605,f605
GROUND,14,DOCKER,11,ea07051b052e03440802000200b70bc80001004c0d03002707030001000000000000000000983d61ff19001b000000000000000000000000000000000000000000000000000000000000000000000000000000000000000000000000000000000000000000000000000000,2801,2801
GROUND,14,DOCKER,11,ea07051b052e04470802000200bf0bcb000200410d03002a07030002000000000000000000953d62ff19001a000000000000000000000000000000000000000000000000000000000000000000000000000000000000000000000000000000000000000000000000000000,6f7f,6f7f
GROUND,14,DOCKER,11,ea07051b052e05450800000000bb0bca000100400d00002507030001000000000000000000953d63ff19001b000000000000000000000000000000000000000000000000000000000000000000000000000000000000000000000000000000000000000000000000000000,340d,340d
GROUND,14,DOCKER,11,ea07051b052e063e0801000000b60bce0002004a0d02002707080002000000000000000000973d5fff19001a000000000000000000000000000000000000000000000000000000000000000000000000000000000000000000000000000000000000000000000000000000,a96f,a96f
GROUND,14,DOCKER,11,ea07051b052e073f0800000200b70bcb000000400d02002307040004000000000000000000983d65ff19001a000000000000000000000000000000000000000000000000000000000000000000000000000000000000000000000000000000000000000000000000000000,aeb1,aeb1
GROUND,14,DOCKER,11,ea07051b052e084a0802000000bb0bcf000100480d00002707060002000000000000000000973d61ff19001b000000000000000000000000000000000000000000000000000000000000000000000000000000000000000000000000000000000000000000000000000000,1f1f,1f1f
GROUND,14,DOCKER,11,ea07051b052e09480801000000b80bc90002004b0d02002807090002000000000000000000973d5fff19001b000000000000000000000000000000000000000000000000000000000000000000000000000000000000000000000000000000000000000000000000000000,aab1,aab1
GROUND,14,DOCKER,11,ea07051b052e0a400802000100bf0bce0002004c0d000028070b0002000000000000000000973d64ff19001b000000000000000000000000000000000000000000000000000000000000000000000000000000000000000000000000000000000000000000000000000000,f2df,f2df
GROUND,14,DOCKER,11,ea07051b052e0b400801000000b40bc1000200440d00002707040002000000000000000000963d63ff19001a000000000000000000000000000000000000000000000000000000000000000000000000000000000000000000000000000000000000000000000000000000,a717,a717
GROUND,14,DOCKER,11,ea07051b052e0c480802000100ba0bcd000300470d01002807020002000000000000000000953d60ff19001a000000000000000000000000000000000000000000000000000000000000000000000000000000000000000000000000000000000000000000000000000000,752b,752b
GROUND,14,DOCKER,11,ea07051b052e0d470801000000bf0bc9000200470d00002807060002000000000000000000953d62ff19001b000000000000000000000000000000000000000000000000000000000000000000000000000000000000000000000000000000000000000000000000000000,94ff,94ff
GROUND,14,DOCKER,11,ea07051b052e0e400800000100b70bc50002004a0d01002507030002000000000000000000953d60ff19001c000000000000000000000000000000000000000000000000000000000000000000000000000000000000000000000000000000000000000000000000000000,1848,1848
GROUND,14,DOCKER,11,ea07051b052e0f440802000000c00bd1000200370d01002f07020002000000000000000000963d5fff19001a000000000000000000000000000000000000000000000000000000000000000000000000000000000000000000000000000000000000000000000000000000,38bb,38bb
GROUND,14,DOCKER,11,ea07051b052e10440800000000b90bc7000000400d02002b07080002000000000000000000973d62ff19001a000000000000000000000000000000000000000000000000000000000000000000000000000000000000000000000000000000000000000000000000000000,668c,668c
GROUND,14,DOCKER,11,ea07051b052e113f0800000200bf0bc2000200420d02002607030002000000000000000000973d65ff19001b0000000000000000000000000000000000000000000000000000000000000000000000000000000000000000000000000000000000000000000000000000,00b9,59fb
GROUND,14,DOCKER,11,ea07051b052e12420802000100b30bc90001003f0d00002c07020002000000000000000000953d62ff19001b000000000000000000000000000000000000000000000000000000000000000000000000000000000000000000000000000000000000000000000000000000,2e68,2e68
GROUND,14,DOCKER,11,ea07051b052e13400801000200b10bc90002003f0d02002a07010002000000000000000000963d61ff19001b000000000000000000000000000000000000000000000000000000000000000000000000000000000000000000000000000000000000000000000000000000,422a,422a
GROUND,14,DOCKER,11,ea07051b052e14400802000000b40bcc000200490d03002607190002000000000000000000973d64ff19001c000000000000000000000000000000000000000000000000000000000000000000000000000000000000000000000000000000000000000000000000000000,4262,4262
GROUND,14,DOCKER,11,ea07051b052e15410801000200b20bc60002004c0d03002807030002000000000000000000943d63ff19001b000000000000000000000000000000000000000000000000000000000000000000000000000000000000000000000000000000000000000000000000000000,10a7,10a7
GROUND,14,DOCKER,11,ea07051b052e16400801000200c00bca000100390d00002e07020002000000000000000000963d61ff19001a000000000000000000000000000000000000000000000000000000000000000000000000000000000000000000000000000000000000000000000000000000,169b,169b
GROUND,14,DOCKER,11,ea07051b052e173f0801000000b10bcf000100390d03003007010002000000000000000000943d61ff19001a000000000000000000000000000000000000000000000000000000000000000000000000000000000000000000000000000000000000000000000000000000,e8eb,e8eb
GROUND,14,DOCKER,11,ea07051b052e183d0801000200c60bc8000000400d03002b07030002000000000000000000953d62ff19001c000000000000000000000000000000000000000000000000000000000000000000000000000000000000000000000000000000000000000000000000000000,4e49,4e49
GROUND,14,DOCKER,11,ea07051b052e194b0801000100bf0bc8000200480d02002907020002000000000000000000953d62ff19001a000000000000000000000000000000000000000000000000000000000000000000000000000000000000000000000000000000000000000000000000000000,bd73,bd73
GROUND,14,DOCKER,11,ea07051b052e1a400801000000bf0bcd000100400d01002707040002000000000000000000943d63ff19001b000000000000000000000000000000000000000000000000000000000000000000000000000000000000000000000000000000000000000000000000000000,0243,0243
GROUND,14,DOCKER,11,ea07051b052e1b4a0800000200c50bc50000004c0d02002607030001000000000000000000943d63ff19001b000000000000000000000000000000000000000000000000000000000000000000000000000000000000000000000000000000000000000000000000000000,93e7,93e7
GROUND,14,DOCKER,11,ea07051b052e1c400802000200b30bc1000000470d03002807020002000000000000000000953d5fff19001b000000000000000000000000000000000000000000000000000000000000000000000000000000000000000000000000000000000000000000000000000000,d971,d971
GROUND,14,DOCKER,11,ea07051b052e1d480800000200c20bc4000100390d00002e07020002000000000000000000943d61ff19001c000000000000000000000000000000000000000000000000000000000000000000000000000000000000000000000000000000000000000000000000000000,b835,b835
GROUND,14,DOCKER,11,ea07051b052e1e430802000000c00bc2000000450d03002507030002000000000000000000943d62ff19001c000000000000000000000000000000000000000000000000000000000000000000000000000000000000000000000000000000000000000000000000000000,8615,8615
GROUND,14,DOCKER,11,ea07051b052e1f480802000000b80bca0002003f0d03003307010001000000000000000000953d60ff19001b000000000000000000000000000000000000000000000000000000000000000000000000000000000000000000000000000000000000000000000000000000,05db,05db
GROUND,14,DOCKER,11,ea07051b052e20470802000100b70bc50000004b0d01002807020002000000000000000000943d63ff19001b000000000000000000000000000000000000000000000000000000000000000000000000000000000000000000000000000000000000000000000000000000,d2a3,d2a3
GROUND,14,DOCKER,11,ea07051b052e21420801000200c00bc40001003d0d01002b07030001000000000000000000953d64ff19001a000000000000000000000000000000000000000000000000000000000000000000000000000000000000000000000000000000000000000000000000000000,388a,388a
GROUND,14,DOCKER,11,ea07051b052e22470801000100b20bc6000100380d01002f07020002000000000000000000963d62ff19001b000000000000000000000000000000000000000000000000000000000000000000000000000000000000000000000000000000000000000000000000000000,5650,5650
GROUND,14,DOCKER,11,ea07051b052e23400801000000c40bc70001003a0d02002b07030001000000000000000000953d5fff19001a000000000000000000000000000000000000000000000000000000000000000000000000000000000000000000000000000000000000000000000000000000,dee4,dee4
GROUND,14,DOCKER,11,ea07051b052e24470802000100b20bc30002003d0d02003007040001000000000000000000953d5eff19001b000000000000000000000000000000000000000000000000000000000000000000000000000000000000000000000000000000000000000000000000000000,009e,009e
GROUND,14,DOCKER,11,ea07051b052e25490800000200c00bcb000000480d01002707010001000000000000000000953d63ff19001a000000000000000000000000000000000000000000000000000000000000000000000000000000000000000000000000000000000000000000000000000000,16f0,16f0
GROUND,14,DOCKER,11,ea07051b052e26480802000100b80bc20002004b0d02002c07020002000000000000000000933d62ff19001a000000000000000000000000000000000000000000000000000000000000000000000000000000000000000000000000000000000000000000000000000000,4865,4865
GROUND,14,DOCKER,11,ea07051b052e273f0801000100c00bc90002003f0d01002f070a0002000000000000000000933d64ff19001a000000000000000000000000000000000000000000000000000000000000000000000000000000000000000000000000000000000000000000000000000000,16a0,16a0
GROUND,14,DOCKER,11,ea07051b052e28450801000200c00bc00002003f0d03003107030001000000000000000000933d63ff19001a000000000000000000000000000000000000000000000000000000000000000000000000000000000000000000000000000000000000000000000000000000,18bd,18bd
GROUND,14,DOCKER,11,ea07051b052e29400800000000b80bcc0001003f0d00002c07020002000000000000000000953d61ff19001b000000000000000000000000000000000000000000000000000000000000000000000000000000000000000000000000000000000000000000000000000000,cf69,cf69
GROUND,14,DOCKER,11,ea07051b052e2a490802000200c20bc30002003b0d03002a07040002000000000000000000943d64ff19001b000000000000000000000000000000000000000000000000000000000000000000000000000000000000000000000000000000000000000000000000000000,73be,73be
GROUND,14,DOCKER,11,ea07051b052e2b440802000100c00bc20002003b0d03002d07040001000000000000000000933d64ff19001b000000000000000000000000000000000000000000000000000000000000000000000000000000000000000000000000000000000000000000000000000000,8cc9,8cc9
GROUND,14,DOCKER,11,ea07051b052e2c460801000000bf0bcc0000003f0d02002a07180001000000000000000000933d61ff19001a000000000000000000000000000000000000000000000000000000000000000000000000000000000000000000000000000000000000000000000000000000,c7c7,c7c7
GROUND,14,DOCKER,11,ea07051b052e2d430802000000c40bc1000000370d00002f07020002000000000000000000943d60ff19001a000000000000000000000000000000000000000000000000000000000000000000000000000000000000000000000000000000000000000000000000000000,8355,8355
GROUND,14,DOCKER,11,ea07051b052e2e400801000000b70bce000000480d02002407030001000000000000000000923d63ff19001a000000000000000000000000000000000000000000000000000000000000000000000000000000000000000000000000000000000000000000000000000000,3655,3655
GROUND,14,DOCKER,11,ea07051b052e2f3e0802000000b70bcd0002004c0d02002807000001000000000000000000943d62ff19001b000000000000000000000000000000000000000000000000000000000000000000000000000000000000000000000000000000000000000000000000000000,5bbd,5bbd
GROUND,14,DOCKER,11,ea07051b052e30410801000100c20bca0002003f0d02002907160001000000000000000000943d65ff19001a000000000000000000000000000000000000000000000000000000000000000000000000000000000000000000000000000000000000000000000000000000,853c,853c
GROUND,14,DOCKER,11,ea07051b052e31430802000000bf0bcb000200400d02002707010002000000000000000000953d63ff19001b000000000000000000000000000000000000000000000000000000000000000000000000000000000000000000000000000000000000000000000000000000,76e8,76e8
GROUND,14,DOCKER,11,ea07051b052e32450802000000ba0bc4000200420d00002907050002000000000000000000953d61ff19001b000000000000000000000000000000000000000000000000000000000000000000000000000000000000000000000000000000000000000000000000000000,6189,6189
GROUND,14,DOCKER,11,ea07051b052e33400800000100c00bc20002003f0d03002c07040001000000000000000000943d61ff19001b000000000000000000000000000000000000000000000000000000000000000000000000000000000000000000000000000000000000000000000000000000,6249,6249
GROUND,14,DOCKER,11,ea07051b052e34430801000000c20bd2000200390d02002b07020002000000000000000000943d63ff19001b000000000000000000000000000000000000000000000000000000000000000000000000000000000000000000000000000000000000000000000000000000,af18,af18
GROUND,14,DOCKER,11,ea07051b052e353b0800000200bf0bc5000000390d00002c07090001000000000000000000933d61ff19001b000000000000000000000000000000000000000000000000000000000000000000000000000000000000000000000000000000000000000000000000000000,878c,878c
GROUND,14,DOCKER,11,ea07051b052e36400801000000b70bd0000200490d00002807020002000000000000000000933d60ff19001c000000000000000000000000000000000000000000000000000000000000000000000000000000000000000000000000000000000000000000000000000000,64e4,64e4
GROUND,14,DOCKER,11,ea07051b052e37400801000000b50bca000100480d00002d07020001000000000000000000933d62ff19001b000000000000000000000000000000000000000000000000000000000000000000000000000000000000000000000000000000000000000000000000000000,ad2d,ad2d
GROUND,14,DOCKER,11,ea07051b052e383d0801000100b40bcd000200470d01003007010002000000000000000000933d60ff19001b000000000000000000000000000000000000000000000000000000000000000000000000000000000000000000000000000000000000000000000000000000,5f47,5f47
GROUND,14,DOCKER,11,ea07051b052e39400802000200b30bc60000004b0d02002c07010002000000000000000000933d60ff19001b000000000000000000000000000000000000000000000000000000000000000000000000000000000000000000000000000000000000000000000000000000,9bdb,9bdb
GROUND,14,DOCKER,11,ea07051b052e3a3f0802000100c00bc7000200400d02002707000002000000000000000000923d61ff19001c000000000000000000000000000000000000000000000000000000000000000000000000000000000000000000000000000000000000000000000000000000,9296,9296
GROUND,14,DOCKER,11,ea07051b052e3b400800000200c00bc8000100400d03002d07030002000000000000000000933d64ff19001c000000000000000000000000000000000000000000000000000000000000000000000000000000000000000000000000000000000000000000000000000000,1895,1895
GROUND,14,DOCKER,11,ea07051b052f00420801000200b30bc90000004a0d01002607010002000000000000000000953d61ff19001b000000000000000000000000000000000000000000000000000000000000000000000000000000000000000000000000000000000000000000000000000000,3f92,3f92
GROUND,14,DOCKER,11,ea07051b052f013f0801000200b70bbf000200470d01002807020001000000000000000000943d61ff19001c000000000000000000000000000000000000000000000000000000000000000000000000000000000000000000000000000000000000000000000000000000,915a,915a
GROUND,14,DOCKER,11,ea07051b052f02470802000200bf0bc80002003f0d00002807080002000000000000000000933d61ff19001b000000000000000000000000000000000000000000000000000000000000000000000000000000000000000000000000000000000000000000000000000000,3deb,3deb
GROUND,14,DOCKER,11,ea07051b052f033f0801000100c40bcf0002003a0d00002b07010002000000000000000000933d63ff19001b000000000000000000000000000000000000000000000000000000000000000000000000000000000000000000000000000000000000000000000000000000,119a,119a
GROUND,14,DOCKER,11,ea07051b052f04480802000000b40bc90002003f0d02002c07000003000000000000000000933d65ff19001a000000000000000000000000000000000000000000000000000000000000000000000000000000000000000000000000000000000000000000000000000000,d833,d833
GROUND,14,DOCKER,11,ea07051b052f05400802000300b50bc6000200480d02002607000001000000000000000000923d65ff19001c000000000000000000000000000000000000000000000000000000000000000000000000000000000000000000000000000000000000000000000000000000,2909,2909
GROUND,14,DOCKER,11,ea07051b052f06460802000000c00bce0001003f0d01002c07040002000000000000000000933d61ff19001a000000000000000000000000000000000000000000000000000000000000000000000000000000000000000000000000000000000000000000000000000000,244e,244e
GROUND,14,DOCKER,11,ea07051b052f073d0800000000bf0bc7000000400d02002707020001000000000000000000923d61ff19001b000000000000000000000000000000000000000000000000000000000000000000000000000000000000000000000000000000000000000000000000000000,a572,a572
GROUND,14,DOCKER,11,ea07051b052f08470801000000ba0bd00001003f0d03002a07030001000000000000000000923d64ff19001a000000000000000000000000000000000000000000000000000000000000000000000000000000000000000000000000000000000000000000000000000000,8269,8269
GROUND,14,DOCKER,11,ea07051b052f09400801000000b70bd0000100380d03002b07040001000000000000000000923d63ff19001a000000000000000000000000000000000000000000000000000000000000000000000000000000000000000000000000000000000000000000000000000000,d672,d672
GROUND,14,DOCKER,11,ea07051b052f0a420801000200bf0bcf000000390d00002f07180001000000000000000000923d61ff19001a000000000000000000000000000000000000000000000000000000000000000000000000000000000000000000000000000000000000000000000000000000,5524,5524
GROUND,14,DOCKER,11,ea07051b052f0b400800000100bf0bc7000200350d01002b07010002000000000000000000923d63ff19001b000000000000000000000000000000000000000000000000000000000000000000000000000000000000000000000000000000000000000000000000000000,bb9c,bb9c
GROUND,14,DOCKER,11,ea07051b052f0c420802000000bf0bc10002003e0d00002a07040002000000000000000000903d61ff19001c000000000000000000000000000000000000000000000000000000000000000000000000000000000000000000000000000000000000000000000000000000,1be4,1be4
GROUND,14,DOCKER,11,ea07051b052f0d470801000200b70bcd000000410d02002707010001000000000000000000913d62ff19001c000000000000000000000000000000000000000000000000000000000000000000000000000000000000000000000000000000000000000000000000000000,c840,c840
GROUND,14,DOCKER,11,ea07051b052f0e470802000000c00bc20001003f0d00003407030002000000000000000000923d64ff19001b000000000000000000000000000000000000000000000000000000000000000000000000000000000000000000000000000000000000000000000000000000,3a1d,3a1d
GROUND,14,DOCKER,11,ea07051b052f0f430801000100bf0bc6000200400d03002707020001000000000000000000923d5fff19001b000000000000000000000000000000000000000000000000000000000000000000000000000000000000000000000000000000000000000000000000000000,a5cb,a5cb
GROUND,14,DOCKER,11,ea07051b052f103f0802000200b50bd6000200440d01002b07010001000000000000000000913d5eff19001b000000000000000000000000000000000000000000000000000000000000000000000000000000000000000000000000000000000000000000000000000000,4492,4492
GROUND,14,DOCKER,11,ea07051b052f11430801000000bd0bc1000000490d01002807020001000000000000000000923d61ff19001b000000000000000000000000000000000000000000000000000000000000000000000000000000000000000000000000000000000000000000000000000000,7e52,7e52
GROUND,14,DOCKER,11,ea07051b052f12400801000000c00bca0002003f0d00003107040001000000000000000000933d63ff19001c000000000000000000000000000000000000000000000000000000000000000000000000000000000000000000000000000000000000000000000000000000,b955,b955
GROUND,14,DOCKER,11,ea07051b052f13400801000000b70bce0001003d0d03002d07020001000000000000000000923d63ff19001b000000000000000000000000000000000000000000000000000000000000000000000000000000000000000000000000000000000000000000000000000000,9444,9444
GROUND,14,DOCKER,11,ea07051b052f14400802000200c20bc7000100440d00002707090002000000000000000000903d64ff19001a000000000000000000000000000000000000000000000000000000000000000000000000000000000000000000000000000000000000000000000000000000,96d9,96d9
GROUND,14,DOCKER,11,ea07051b052f153d0800000000b60bbe000000470d01002607030002000000000000000000923d62ff19001a000000000000000000000000000000000000000000000000000000000000000000000000000000000000000000000000000000000000000000000000000000,47c7,47c7
GROUND,14,DOCKER,11,ea07051b052f16490802000100b30bc20000004a0d000028070c0001000000000000000000923d5eff19001b000000000000000000000000000000000000000000000000000000000000000000000000000000000000000000000000000000000000000000000000000000,3edc,3edc
GROUND,14,DOCKER,11,ea07051b052f17420801000000b50bc6000100370d03003107050002000000000000000000923d61ff19001c000000000000000000000000000000000000000000000000000000000000000000000000000000000000000000000000000000000000000000000000000000,04e4,04e4
GROUND,14,DOCKER,11,ea07051b052f18480800000100bf0bc90001003c0d02002507020001000000000000000000913d64ff19001a000000000000000000000000000000000000000000000000000000000000000000000000000000000000000000000000000000000000000000000000000000,9ef4,9ef4
GROUND,14,DOCKER,11,ea07051b052f19440800000200b80bca000200470d01002807020002000000000000000000903d63ff19001a000000000000000000000000000000000000000000000000000000000000000000000000000000000000000000000000000000000000000000000000000000,a345,a345
GROUND,14,DOCKER,11,ea07051b052f1a470802000000c00bca0002003f0d01002f07020002000000000000000000903d63ff19001a000000000000000000000000000000000000000000000000000000000000000000000000000000000000000000000000000000000000000000000000000000,1673,1673
GROUND,14,DOCKER,11,ea07051b052f1b3f0802000000b30bd0000200500d02002607020002000000000000000000903d65ff19001b000000000000000000000000000000000000000000000000000000000000000000000000000000000000000000000000000000000000000000000000000000,1747,1747
GROUND,14,DOCKER,11,ea07051b052f1c3d0800000200bf0bd7000100480d03002707020002000000000000000000903d62ff19001b000000000000000000000000000000000000000000000000000000000000000000000000000000000000000000000000000000000000000000000000000000,ca3f,ca3f
GROUND,14,DOCKER,11,ea07051b052f1d3d0801000200b70bc90003004c0d00002807020001000000000000000000903d62ff19001b000000000000000000000000000000000000000000000000000000000000000000000000000000000000000000000000000000000000000000000000000000,b210,b210
GROUND,14,DOCKER,11,ea07051b052f1e3f0800000100b40bc5000100480d02002907030002000000000000000000913d65ff19001b000000000000000000000000000000000000000000000000000000000000000000000000000000000000000000000000000000000000000000000000000000,ab45,ab45
GROUND,14,DOCKER,11,ea07051b052f1f450801000000b50bca0002003b0d00002e07010002000000000000000000903d64ff19001a000000000000000000000000000000000000000000000000000000000000000000000000000000000000000000000000000000000000000000000000000000,538d,538d
GROUND,14,DOCKER,11,ea07051b052f20470802000200c00bcb000000470d01002c07020002000000000000000000903d64ff19001b000000000000000000000000000000000000000000000000000000000000000000000000000000000000000000000000000000000000000000000000000000,4535,4535
GROUND,14,DOCKER,11,ea07051b052f21470801000000c50bc9000000400d02002d07150001000000000000000000913d63ff19001c000000000000000000000000000000000000000000000000000000000000000000000000000000000000000000000000000000000000000000000000000000,7f42,7f42
GROUND,14,DOCKER,11,ea07051b052f22420801000200bf0bcb0002004a0d000029071b0002000000000000000000913d63ff19001c000000000000000000000000000000000000000000000000000000000000000000000000000000000000000000000000000000000000000000000000000000,265b,265b
GROUND,14,DOCKER,11,ea07051b052f23410802000200c00bc7000000400d03002b07020001000000000000000000913d63ff19001b000000000000000000000000000000000000000000000000000000000000000000000000000000000000000000000000000000000000000000000000000000,d712,d712
GROUND,14,DOCKER,11,ea07051b052f243d0800000100ca0bce0001003f0d03002f07020002000000000000000000903d63ff19001a000000000000000000000000000000000000000000000000000000000000000000000000000000000000000000000000000000000000000000000000000000,3577,3577
GROUND,14,DOCKER,11,ea07051b052f253f0800000200b90bc8000300350d02002d07020002000000000000000000903d63ff19001a000000000000000000000000000000000000000000000000000000000000000000000000000000000000000000000000000000000000000000000000000000,0d97,0d97
GROUND,14,DOCKER,11,ea07051b052f26400802000000b70bc7000100470d020029071b00010000000000000000008f3d61ff19001b000000000000000000000000000000000000000000000000000000000000000000000000000000000000000000000000000000000000000000000000000000,edd1,edd1
GROUND,14,DOCKER,11,ea07051b052f27420800000100c40bc30002003b0d02002b071a0002000000000000000000903d64ff19001b000000000000000000000000000000000000000000000000000000000000000000000000000000000000000000000000000000000000000000000000000000,5470,5470
GROUND,14,DOCKER,11,ea07051b052f28430801000100b80bc0000000360d02002b07020002000000000000000000903d64ff19001b000000000000000000000000000000000000000000000000000000000000000000000000000000000000000000000000000000000000000000000000000000,7e9e,7e9e
GROUND,14,DOCKER,11,ea07051b052f29400802000100c30bcd000100370d01002d070200020000000000000000008f3d63ff19001a000000000000000000000000000000000000000000000000000000000000000000000000000000000000000000000000000000000000000000000000000000,b2af,b2af
GROUND,14,DOCKER,11,ea07051b052f2a400802000200ba0bc30002003a0d02002d07030002000000000000000000923d60ff19001c000000000000000000000000000000000000000000000000000000000000000000000000000000000000000000000000000000000000000000000000000000,e92f,e92f
GROUND,14,DOCKER,11,ea07051b052f2b3f0801000000b70bca0000003f0d00002507010002000000000000000000903d61ff19001a000000000000000000000000000000000000000000000000000000000000000000000000000000000000000000000000000000000000000000000000000000,b5c7,b5c7
GROUND,14,DOCKER,11,ea07051b052f2c410800000000c00bcd000000450d01002807000002000000000000000000903d61ff19001b000000000000000000000000000000000000000000000000000000000000000000000000000000000000000000000000000000000000000000000000000000,d3b0,d3b0
GROUND,14,DOCKER,11,ea07051b052f2d400800000100b70bc7000300480d02002707020002000000000000000000903d63ff19001a000000000000000000000000000000000000000000000000000000000000000000000000000000000000000000000000000000000000000000000000000000,6319,6319
GROUND,14,DOCKER,11,ea07051b052f2e3d0800000200b70bc7000000490d020027070200020000000000000000008e3d63ff19001c000000000000000000000000000000000000000000000000000000000000000000000000000000000000000000000000000000000000000000000000000000,6bb6,6bb6
GROUND,14,DOCKER,11,ea07051b052f2f470802000000ba0bc5000100440d000024070100020000000000000000008f3d62ff19001b000000000000000000000000000000000000000000000000000000000000000000000000000000000000000000000000000000000000000000000000000000,d771,d771
GROUND,14,DOCKER,11,ea07051b052f30440802000100b40bc50001003f0d03002a07020002000000000000000000903d60ff19001b000000000000000000000000000000000000000000000000000000000000000000000000000000000000000000000000000000000000000000000000000000,5603,5603
GROUND,14,DOCKER,11,ea07051b052f31440801000000c00bc50002003b0d00002d07470002000000000000000000903d5fff19001b000000000000000000000000000000000000000000000000000000000000000000000000000000000000000000000000000000000000000000000000000000,f195,f195
GROUND,14,DOCKER,11,ea07051b052f323f0800000200bf0bcf000000400d00002507070001000000000000000000903d61ff19001b000000000000000000000000000000000000000000000000000000000000000000000000000000000000000000000000000000000000000000000000000000,b106,b106
GROUND,14,DOCKER,11,ea07051b052f333c0801000100b60bc8000400480d02002907080002000000000000000000903d62ff19001b000000000000000000000000000000000000000000000000000000000000000000000000000000000000000000000000000000000000000000000000000000,2df9,2df9
GROUND,14,DOCKER,11,ea07051b052f34440801000000bf0bc40003003b0d02002d070500020000000000000000008e3d5eff19001a000000000000000000000000000000000000000000000000000000000000000000000000000000000000000000000000000000000000000000000000000000,635e,635e
GROUND,14,DOCKER,11,ea07051b052f35470800000000c90bca0000003d0d00002f070300010000000000000000008f3d64ff19001b000000000000000000000000000000000000000000000000000000000000000000000000000000000000000000000000000000000000000000000000000000,c7db,c7db
GROUND,14,DOCKER,11,ea07051b052f36470802000100b60bcd000200380d010027070a00020000000000000000008f3d62ff19001b000000000000000000000000000000000000000000000000000000000000000000000000000000000000000000000000000000000000000000000000000000,3503,3503
GROUND,14,DOCKER,11,ea07051b052f373b0800000100c60bc50000002f0d020022070f00020000000000000000008f3d61ff19001b000000000000000000000000000000000000000000000000000000000000000000000000000000000000000000000000000000000000000000000000000000,df7c,df7c
GROUND,14,DOCKER,11,ea07051b052f38460800000000bc0bd20002003e0d000030070300020000000000000000008e3d64ff19001b000000000000000000000000000000000000000000000000000000000000000000000000000000000000000000000000000000000000000000000000000000,ed07,ed07
GROUND,14,DOCKER,11,ea07051b052f394a0802000000c50bbd000100470d02002a07030002000000000000000000903d63ff19001b000000000000000000000000000000000000000000000000000000000000000000000000000000000000000000000000000000000000000000000000000000,ce5b,ce5b
GROUND,14,DOCKER,11,ea07051b052f3a490801000200b70bcd0000004b0d01002a070300020000000000000000008e3d61ff19001b000000000000000000000000000000000000000000000000000000000000000000000000000000000000000000000000000000000000000000000000000000,7eff,7eff
GROUND,14,DOCKER,11,ea07051b052f3b490801000100bf0bc9000200390d02002d070800010000000000000000008e3d62ff19001a000000000000000000000000000000000000000000000000000000000000000000000000000000000000000000000000000000000000000000000000000000,4096,4096
GROUND,14,DOCKER,11,ea07051b0530003d0800000100c00bc20002003d0d01002c070400020000000000000000008e3d64ff19001b000000000000000000000000000000000000000000000000000000000000000000000000000000000000000000000000000000000000000000000000000000,04f3,04f3
GROUND,14,DOCKER,11,ea07051b053001450802000000b60bcd000200460d030025070a00020000000000000000008e3d60ff19001c000000000000000000000000000000000000000000000000000000000000000000000000000000000000000000000000000000000000000000000000000000,6f1f,6f1f
GROUND,14,DOCKER,11,ea07051b053002420801000200b50bd20000004b0d01002c070300020000000000000000008d3d5fff19001b000000000000000000000000000000000000000000000000000000000000000000000000000000000000000000000000000000000000000000000000000000,caac,caac
GROUND,14,DOCKER,11,ea07051b0530033c0801000200bf0bc4000100480d000025070800020000000000000000008f3d64ff19001c000000000000000000000000000000000000000000000000000000000000000000000000000000000000000000000000000000000000000000000000000000,224b,224b
GROUND,14,DOCKER,11,ea07051b053004470801000000b30bd30000003d0d00002a071200020000000000000000008f3d62ff19001b000000000000000000000000000000000000000000000000000000000000000000000000000000000000000000000000000000000000000000000000000000,8d47,8d47
GROUND,14,DOCKER,11,ea07051b053005480802000000c50bcb0000003f0d020030070300010000000000000000008f3d61ff19001b000000000000000000000000000000000000000000000000000000000000000000000000000000000000000000000000000000000000000000000000000000,7996,7996
GROUND,14,DOCKER,11,ea07051b053006480801000000b40bcb000000490d00002e070200020000000000000000008e3d62ff19001c000000000000000000000000000000000000000000000000000000000000000000000000000000000000000000000000000000000000000000000000000000,a3b7,a3b7
GROUND,14,DOCKER,11,ea07051b053007390800000100bb0bbf000000440d030027070200020000000000000000008f3d64ff19001b000000000000000000000000000000000000000000000000000000000000000000000000000000000000000000000000000000000000000000000000000000,a851,a851
GROUND,14,DOCKER,11,ea07051b053008420800000100bf0bd20001003f0d020029070300000000000000000000008e3d62ff19001a000000000000000000000000000000000000000000000000000000000000000000000000000000000000000000000000000000000000000000000000000000,a43c,a43c
GROUND,14,DOCKER,11,ea07051b0530093e0801000100c00bca0000003f0d04002c070600010000000000000000008d3d61ff19001a000000000000000000000000000000000000000000000000000000000000000000000000000000000000000000000000000000000000000000000000000000,9afb,9afb
GROUND,14,DOCKER,11,ea07051b05300a3b0800000300b80bcd0000003f0d00002c070200020000000000000000008e3d62ff19001a000000000000000000000000000000000000000000000000000000000000000000000000000000000000000000000000000000000000000000000000000000,a297,a297
GROUND,14,DOCKER,11,ea07051b05300b460801000000bb0bd3000000400d03002a070100010000000000000000008f3d63ff19001a000000000000000000000000000000000000000000000000000000000000000000000000000000000000000000000000000000000000000000000000000000,6e9c,6e9c
GROUND,14,DOCKER,11,ea07051b05300c400802000100bb0bcc0002003b0d030031070200020000000000000000008e3d65ff19001b000000000000000000000000000000000000000000000000000000000000000000000000000000000000000000000000000000000000000000000000000000,eac9,eac9
GROUND,14,DOCKER,11,ea07051b05300d450802000100bf0bce0002003f0d03002c070300010000000000000000008e3d63ff19001b000000000000000000000000000000000000000000000000000000000000000000000000000000000000000000000000000000000000000000000000000000,1975,1975
GROUND,14,DOCKER,11,ea07051b05300e400801000000bf0bc7000200380d000027070200020000000000000000008c3d5fff19001b000000000000000000000000000000000000000000000000000000000000000000000000000000000000000000000000000000000000000000000000000000,cc19,cc19
GROUND,14,DOCKER,11,ea07051b05300f450802000000c50bce000200470d000028070400010000000000000000008d3d5fff19001b000000000000000000000000000000000000000000000000000000000000000000000000000000000000000000000000000000000000000000000000000000,a668,a668
GROUND,14,DOCKER,11,ea07051b053010490801000000c20bc20003003f0d020030070100020000000000000000008e3d61ff19001b000000000000000000000000000000000000000000000000000000000000000000000000000000000000000000000000000000000000000000000000000000,eb5f,eb5f
GROUND,14,DOCKER,11,ea07051b053011480801000000bf0bd6000000400d020029070400020000000000000000008e3d62ff19001c000000000000000000000000000000000000000000000000000000000000000000000000000000000000000000000000000000000000000000000000000000,9b65,9b65
GROUND,14,DOCKER,11,ea07051b053012370802000200b70bc6000200440d000025070200010000000000000000008e3d64ff19001b000000000000000000000000000000000000000000000000000000000000000000000000000000000000000000000000000000000000000000000000000000,61e2,61e2
GROUND,14,DOCKER,11,ea07051b053013460800000100b70bca0000003d0d02002d070500010000000000000000008d3d64ff19001b000000000000000000000000000000000000000000000000000000000000000000000000000000000000000000000000000000000000000000000000000000,44dd,44dd
GROUND,14,DOCKER,11,ea07051b0530143d0801000100c00bc00001003d0d01002f070f00020000000000000000008d3d61ff19001c000000000000000000000000000000000000000000000000000000000000000000000000000000000000000000000000000000000000000000000000000000,1801,1801
GROUND,14,DOCKER,11,ea07051b053015490800000000c00bc9000100470d020030070300020000000000000000008d3d60ff19001c000000000000000000000000000000000000000000000000000000000000000000000000000000000000000000000000000000000000000000000000000000,486e,486e
GROUND,14,DOCKER,11,ea07051b0530163f0801000100c20bd3000000400d000029070300010000000000000000008d3d60ff19001c000000000000000000000000000000000000000000000000000000000000000000000000000000000000000000000000000000000000000000000000000000,8e6a,8e6a
GROUND,14,DOCKER,11,ea07051b0530173e0800000100c30bc4000200400d00002b070300020000000000000000008c3d5fff19001a000000000000000000000000000000000000000000000000000000000000000000000000000000000000000000000000000000000000000000000000000000,c9c1,c9c1
GROUND,14,DOCKER,11,ea07051b0530183e0800000000b40bce000200480d040028070300020000000000000000008c3d62ff19001c000000000000000000000000000000000000000000000000000000000000000000000000000000000000000000000000000000000000000000000000000000,9994,9994
GROUND,14,DOCKER,11,ea07051b053019440801000100bf0bc60002003a0d00002e070400020000000000000000008d3d63ff19001a000000000000000000000000000000000000000000000000000000000000000000000000000000000000000000000000000000000000000000000000000000,6bf6,6bf6
GROUND,14,DOCKER,11,ea07051b05301a410802000200bf0bc7000000470d03002e071b00020000000000000000008d3d62ff19001b000000000000000000000000000000000000000000000000000000000000000000000000000000000000000000000000000000000000000000000000000000,2fd3,2fd3
GROUND,14,DOCKER,11,ea07051b05301b400800000200c30bc6000200390d000027070200010000000000000000008c3d60ff19001b000000000000000000000000000000000000000000000000000000000000000000000000000000000000000000000000000000000000000000000000000000,8c78,8c78
GROUND,14,DOCKER,11,ea07051b05301c3b0800000100bb0bc2000000480d010025070700010000000000000000008d3d62ff19001c000000000000000000000000000000000000000000000000000000000000000000000000000000000000000000000000000000000000000000000000000000,4476,4476
GROUND,14,DOCKER,11,ea07051b05301d400801000100bf0bc9000000470d030029070100010000000000000000008d3d64ff19001b000000000000000000000000000000000000000000000000000000000000000000000000000000000000000000000000000000000000000000000000000000,b9d4,b9d4
GROUND,14,DOCKER,11,ea07051b05301e400802000200b90bc50001004a0d020026070300010000000000000000008e3d61ff19001c000000000000000000000000000000000000000000000000000000000000000000000000000000000000000000000000000000000000000000000000000000,ddbb,ddbb
GROUND,14,DOCKER,11,ea07051b05301f4a0802000100bd0bc70001003a0d000022070300010000000000000000008b3d5fff19001c000000000000000000000000000000000000000000000000000000000000000000000000000000000000000000000000000000000000000000000000000000,4044,4044
GROUND,14,DOCKER,11,ea07051b053020480800000000b80bcd0002004b0d00002c070000010000000000000000008c3d63ff19001c000000000000000000000000000000000000000000000000000000000000000000000000000000000000000000000000000000000000000000000000000000,84fa,84fa
GROUND,14,DOCKER,11,ea07051b053021400800000200c20bc9000200360d01002d070200010000000000000000008b3d62ff19001b000000000000000000000000000000000000000000000000000000000000000000000000000000000000000000000000000000000000000000000000000000,2690,2690
GROUND,14,DOCKER,11,ea07051b0530223f0800000100c00bc10002003f0d01002e070300020000000000000000008d3d62ff19001c000000000000000000000000000000000000000000000000000000000000000000000000000000000000000000000000000000000000000000000000000000,ea20,ea20
GROUND,14,DOCKER,11,ea07051b053023470801000000c00bcd0002003f0d01002f070100020000000000000000008d3d63ff19001b000000000000000000000000000000000000000000000000000000000000000000000000000000000000000000000000000000000000000000000000000000,ceff,ceff
GROUND,14,DOCKER,11,ea07051b053024480802000000b20bc8000200390d00002e070200020000000000000000008d3d5fff19001b000000000000000000000000000000000000000000000000000000000000000000000000000000000000000000000000000000000000000000000000000000,6522,6522
GROUND,14,DOCKER,11,ea07051b061004490800000100c20bb90002003f0d00002c070200020000000000000000009d3d6cff180015000000000000000000000000000000000000000000000000000000000000000000000000000000000000000000000000000000000000000000000000000000,f353,f353
GROUND,14,DOCKER,11,ea07051b061005450801000100bd0bb50002003b0d02002d070300020000000000000000009e3d6bff180014000000000000000000000000000000000000000000000000000000000000000000000000000000000000000000000000000000000000000000000000000000,26ff,26ff
GROUND,14,DOCKER,11,ea07051b061006450801000000c10bb90001004b0d02002c070100020000000000000000009c3d67ff180015000000000000000000000000000000000000000000000000000000000000000000000000000000000000000000000000000000000000000000000000000000,bd66,bd66
GROUND,14,DOCKER,11,ea07051b0610073f0802000000b70bb00003003f0d030029070500020000000000000000009d3d63ff180015000000000000000000000000000000000000000000000000000000000000000000000000000000000000000000000000000000000000000000000000000000,dbbb,dbbb
GROUND,14,DOCKER,11,ea07051b061008470801000100b70bb6000200440d020027071b00020000000000000000009b3d69ff180016000000000000000000000000000000000000000000000000000000000000000000000000000000000000000000000000000000000000000000000000000000,ef52,ef52
GROUND,14,DOCKER,11,ea07051b061009400801000200b10bbc000200490d020024070000020000000000000000009a3d69ff180016000000000000000000000000000000000000000000000000000000000000000000000000000000000000000000000000000000000000000000000000000000,1c38,1c38
GROUND,14,DOCKER,11,ea07051b06100a420802000000c10bb30002004c0d020028070100010000000000000000009a3d68ff180015000000000000000000000000000000000000000000000000000000000000000000000000000000000000000000000000000000000000000000000000000000,4bec,4bec
GROUND,14,DOCKER,11,ea07051b06100b420801000200b80bb8000100470d03003007030001000000000000000000993d6aff180015000000000000000000000000000000000000000000000000000000000000000000000000000000000000000000000000000000000000000000000000000000,17ec,17ec
GROUND,14,DOCKER,11,ea07051b06100c4b0801000000c00bbc000000470d03002807010002000000000000000000983d6bff180016000000000000000000000000000000000000000000000000000000000000000000000000000000000000000000000000000000000000000000000000000000,77bb,77bb
GROUND,14,DOCKER,11,ea07051b06100d470802000000c00bb30000004f0d02002807020002000000000000000000983d67ff180015000000000000000000000000000000000000000000000000000000000000000000000000000000000000000000000000000000000000000000000000000000,9db8,9db8
GROUND,14,DOCKER,11,ea07051b06100e4b0802000200b50bbf000100390d00002707010001000000000000000000983d65ff180015000000000000000000000000000000000000000000000000000000000000000000000000000000000000000000000000000000000000000000000000000000,c5da,c5da
GROUND,14,DOCKER,11,ea07051b06100f420802000000b80bb5000300480d02002507220001000000000000000000983d66ff180015000000000000000000000000000000000000000000000000000000000000000000000000000000000000000000000000000000000000000000000000000000,f5e2,f5e2
GROUND,14,DOCKER,11,ea07051b061010440801000200b40bb60000003f0d02002807030002000000000000000000963d69ff180016000000000000000000000000000000000000000000000000000000000000000000000000000000000000000000000000000000000000000000000000000000,8a45,8a45
GROUND,14,DOCKER,11,ea07051b061011440802000000b40bc40000003b0d02002c07020001000000000000000000973d68ff180016000000000000000000000000000000000000000000000000000000000000000000000000000000000000000000000000000000000000000000000000000000,ac4f,ac4f
GROUND,14,DOCKER,11,ea07051b0610123f0800000200b30bb2000100460d03002407030001000000000000000000953d6bff180016000000000000000000000000000000000000000000000000000000000000000000000000000000000000000000000000000000000000000000000000000000,3219,3219
GROUND,14,DOCKER,11,ea07051b061013480802000300b00bb4000200480d02002407030002000000000000000000953d68ff180016000000000000000000000000000000000000000000000000000000000000000000000000000000000000000000000000000000000000000000000000000000,6155,6155
GROUND,14,DOCKER,11,ea07051b061014420802000200bf0bbb0001003b0d03002e07020002000000000000000000943d68ff180015000000000000000000000000000000000000000000000000000000000000000000000000000000000000000000000000000000000000000000000000000000,45bb,45bb
GROUND,14,DOCKER,11,ea07051b0610153f0801000200bb0bbc000100420d01002907010001000000000000000000953d6bff180016000000000000000000000000000000000000000000000000000000000000000000000000000000000000000000000000000000000000000000000000000000,f044,f044
GROUND,14,DOCKER,11,ea07051b0610163d0801000200c00bae0001003f0d03002c07030001000000000000000000953d69ff180015000000000000000000000000000000000000000000000000000000000000000000000000000000000000000000000000000000000000000000000000000000,e4f6,e4f6
GROUND,14,DOCKER,11,ea07051b061017440800000000bf0bb1000100400d03002707030001000000000000000000943d67ff180016000000000000000000000000000000000000000000000000000000000000000000000000000000000000000000000000000000000000000000000000000000,f5f9,f5f9
GROUND,14,DOCKER,11,ea07051b0610183b0800000000c00bae000200400d01002307040002000000000000000000953d66ff180016000000000000000000000000000000000000000000000000000000000000000000000000000000000000000000000000000000000000000000000000000000,e510,e510
GROUND,14,DOCKER,11,ea07051b061019470802000000c00bac0000003a0d02002a07030001000000000000000000953d6eff180015000000000000000000000000000000000000000000000000000000000000000000000000000000000000000000000000000000000000000000000000000000,293e,293e
GROUND,14,DOCKER,11,ea07051b06101a400801000100bb0bb2000200400d01002b07010002000000000000000000943d6dff180016000000000000000000000000000000000000000000000000000000000000000000000000000000000000000000000000000000000000000000000000000000,fde4,fde4
GROUND,14,DOCKER,11,ea07051b06101b3f0800000100bd0ba60001003f0d01002c07030001000000000000000000953d6eff180015000000000000000000000000000000000000000000000000000000000000000000000000000000000000000000000000000000000000000000000000000000,2ffe,2ffe
GROUND,14,DOCKER,11,ea07051b06101c490802000200c00bb3000200380d02002d07010002000000000000000000943d6fff180015000000000000000000000000000000000000000000000000000000000000000000000000000000000000000000000000000000000000000000000000000000,78f7,78f7
GROUND,14,DOCKER,11,ea07051b06101d3e0801000200b50bb6000100440d00002507020002000000000000000000943d6bff180017000000000000000000000000000000000000000000000000000000000000000000000000000000000000000000000000000000000000000000000000000000,b9a1,b9a1
GROUND,14,DOCKER,11,ea07051b06101e480802000000c00ba50000003f0d02002b07010001000000000000000000943d6aff180016000000000000000000000000000000000000000000000000000000000000000000000000000000000000000000000000000000000000000000000000000000,7476,7476
GROUND,14,DOCKER,11,ea07051b06101f410802000000bb0ba5000000370d02003007680002000000000000000000933d6fff180015000000000000000000000000000000000000000000000000000000000000000000000000000000000000000000000000000000000000000000000000000000,8031,8031
GROUND,14,DOCKER,11,ea07051b061020400802000100c20bb3000300340d00002a07080002000000000000000000933d6cff180016000000000000000000000000000000000000000000000000000000000000000000000000000000000000000000000000000000000000000000000000000000,5a44,5a44
GROUND,14,DOCKER,11,ea07051b0610213d0800000200b70bb20000004b0d01002c07230002000000000000000000933d6dff180016000000000000000000000000000000000000000000000000000000000000000000000000000000000000000000000000000000000000000000000000000000,bf1b,bf1b
GROUND,14,DOCKER,11,ea07051b061022490801000100b80bab0002003f0d00002c07030001000000000000000000933d6fff180015000000000000000000000000000000000000000000000000000000000000000000000000000000000000000000000000000000000000000000000000000000,48bf,48bf
GROUND,14,DOCKER,11,ea07051b061023480800000100bf0bad0001004d0d02002807020001000000000000000000943d6eff180016000000000000000000000000000000000000000000000000000000000000000000000000000000000000000000000000000000000000000000000000000000,ae04,ae04
GROUND,14,DOCKER,11,ea07051b0610243c0802000000b70bb10002003a0d00002807040002000000000000000000923d6aff180016000000000000000000000000000000000000000000000000000000000000000000000000000000000000000000000000000000000000000000000000000000,656b,656b
GROUND,14,DOCKER,11,ea07051b0610254b0801000200b90ba90002004b0d00002607040002000000000000000000923d6aff180016000000000000000000000000000000000000000000000000000000000000000000000000000000000000000000000000000000000000000000000000000000,92d4,92d4
GROUND,14,DOCKER,11,ea07051b061026430800000200b50bb2000200400d02002b070a0001000000000000000000923d6fff180016000000000000000000000000000000000000000000000000000000000000000000000000000000000000000000000000000000000000000000000000000000,5841,5841
GROUND,14,DOCKER,11,ea07051b061027440801000200b80ba30000003a0d02002a07040002000000000000000000913d6cff180016000000000000000000000000000000000000000000000000000000000000000000000000000000000000000000000000000000000000000000000000000000,0acb,0acb
GROUND,14,DOCKER,11,ea07051b061028400801000200b60bb3000200450d010028070100020000000000000000008f3d6eff180017000000000000000000000000000000000000000000000000000000000000000000000000000000000000000000000000000000000000000000000000000000,af8c,af8c
GROUND,14,DOCKER,11,ea07051b061029420801000100b10ba5000000490d03003007130002000000000000000000903d6cff180016000000000000000000000000000000000000000000000000000000000000000000000000000000000000000000000000000000000000000000000000000000,b1db,b1db
GROUND,14,DOCKER,11,ea07051b06102a470802000000b70bb0000200390d01002b07080002000000000000000000903d6eff180017000000000000000000000000000000000000000000000000000000000000000000000000000000000000000000000000000000000000000000000000000000,7036,7036
GROUND,14,DOCKER,11,ea07051b06102b3e0800000100c30bb30002003b0d00002b070200020000000000000000008f3d6fff180017000000000000000000000000000000000000000000000000000000000000000000000000000000000000000000000000000000000000000000000000000000,e461,e461
GROUND,14,DOCKER,11,ea07051b06102c400801000000b80bab0002004e0d02002807130002000000000000000000903d6fff180016000000000000000000000000000000000000000000000000000000000000000000000000000000000000000000000000000000000000000000000000000000,ee36,ee36
GROUND,14,DOCKER,11,ea07051b06102d400802000000c40bc2000000390d00002f070100010000000000000000008f3d6dff180016000000000000000000000000000000000000000000000000000000000000000000000000000000000000000000000000000000000000000000000000000000,b7a8,b7a8
GROUND,14,DOCKER,11,ea07051b06102e420801000100c20bac0000003b0d030027070200020000000000000000008f3d6aff180016000000000000000000000000000000000000000000000000000000000000000000000000000000000000000000000000000000000000000000000000000000,1725,1725
GROUND,14,DOCKER,11,ea07051b06102f440802000000c30baf000200400d00002f07040002000000000000000000903d6fff180017000000000000000000000000000000000000000000000000000000000000000000000000000000000000000000000000000000000000000000000000000000,1a25,1a25
GROUND,14,DOCKER,11,ea07051b061030400801000100b20baf0002003f0d000031071e00020000000000000000008f3d6eff1800160000000000000000000000000000000000000000000000000000000000000000000000000000000000000000000000000000000000000000000000000000,0071,25d5
GROUND,14,DOCKER,11,ea07051b0610313d0801000000c00ba90000003a0d020027070600020000000000000000008f3d6eff180017000000000000000000000000000000000000000000000000000000000000000000000000000000000000000000000000000000000000000000000000000000,0125,0125
GROUND,14,DOCKER,11,ea07051b0610323f0801000200b70ba00000004a0d020026070300020000000000000000008f3d6eff180017000000000000000000000000000000000000000000000000000000000000000000000000000000000000000000000000000000000000000000000000000000,a776,a776
GROUND,14,DOCKER,11,ea07051b061033400802000200c10bb30002003f0d00003107010001000000000000000000903d6bff180016000000000000000000000000000000000000000000000000000000000000000000000000000000000000000000000000000000000000000000000000000000,bc4f,bc4f
GROUND,14,DOCKER,11,ea07051b061034400801000200bb0ba80000003e0d02002c070200020000000000000000008f3d6dff180017000000000000000000000000000000000000000000000000000000000000000000000000000000000000000000000000000000000000000000000000000000,d413,d413
GROUND,14,DOCKER,11,ea07051b0610353f0801000200b80bb20002003b0d02002a070200020000000000000000008f3d6fff180017000000000000000000000000000000000000000000000000000000000000000000000000000000000000000000000000000000000000000000000000000000,c17a,c17a
GROUND,14,DOCKER,11,ea07051b061036490802000000c40b9d0002003b0d01002f070200010000000000000000008e3d6dff180016000000000000000000000000000000000000000000000000000000000000000000000000000000000000000000000000000000000000000000000000000000,c2b2,c2b2
GROUND,14,DOCKER,11,ea07051b061037400800000200b70bb0000200330d00001f070100020000000000000000008f3d6aff180017000000000000000000000000000000000000000000000000000000000000000000000000000000000000000000000000000000000000000000000000000000,a4ae,a4ae
GROUND,14,DOCKER,11,ea07051b061038430801000200bf0bb10002003d0d00002c070400010000000000000000008e3d6fff180017000000000000000000000000000000000000000000000000000000000000000000000000000000000000000000000000000000000000000000000000000000,9169,9169
GROUND,14,DOCKER,11,ea07051b061039460802000100b70bab000000400d020025070100020000000000000000008e3d6eff180017000000000000000000000000000000000000000000000000000000000000000000000000000000000000000000000000000000000000000000000000000000,e216,e216
GROUND,14,DOCKER,11,ea07051b06103a440802000100b70bb0000100480d020028070100010000000000000000008d3d6dff180017000000000000000000000000000000000000000000000000000000000000000000000000000000000000000000000000000000000000000000000000000000,95ce,95ce
GROUND,14,DOCKER,11,ea07051b06103b3d0802000000bf0bb40002003f0d000026070100020000000000000000008e3d6eff180016000000000000000000000000000000000000000000000000000000000000000000000000000000000000000000000000000000000000000000000000000000,a769,a769
GROUND,14,DOCKER,11,ea07051b061100480800000200b70bb3000200480d000027070200010000000000000000008e3d6bff180016000000000000000000000000000000000000000000000000000000000000000000000000000000000000000000000000000000000000000000000000000000,faef,faef
GROUND,14,DOCKER,11,ea07051b061101440801000200b30bb1000100490d030026070000010000000000000000008e3d6cff180017000000000000000000000000000000000000000000000000000000000000000000000000000000000000000000000000000000000000000000000000000000,55a6,55a6
GROUND,14,DOCKER,11,ea07051b061102470802000100cb0bac000000380d03002b071a00010000000000000000008e3d70ff180017000000000000000000000000000000000000000000000000000000000000000000000000000000000000000000000000000000000000000000000000000000,f7b9,f7b9
GROUND,14,DOCKER,11,ea07051b061103450802000000c50bb1000000440d000027070200020000000000000000008e3d6eff180017000000000000000000000000000000000000000000000000000000000000000000000000000000000000000000000000000000000000000000000000000000,f3ef,f3ef
GROUND,14,DOCKER,11,ea07051b061104420802000200bf0bb40001003a0d000029070200020000000000000000008f3d6cff180017000000000000000000000000000000000000000000000000000000000000000000000000000000000000000000000000000000000000000000000000000000,ad90,ad90
GROUND,14,DOCKER,11,ea07051b061105490802000200ba0bb40001003f0d00002e070200020000000000000000008d3d6dff180016000000000000000000000000000000000000000000000000000000000000000000000000000000000000000000000000000000000000000000000000000000,4725,4725
GROUND,14,DOCKER,11,ea07051b061106400800000100b70bae0002003f0d030030070000020000000000000000008c3d6dff180017000000000000000000000000000000000000000000000000000000000000000000000000000000000000000000000000000000000000000000000000000000,78bc,78bc
GROUND,14,DOCKER,11,ea07051b061107480800000100ca0bb5000200460d020024070300020000000000000000008c3d6dff180016000000000000000000000000000000000000000000000000000000000000000000000000000000000000000000000000000000000000000000000000000000,c192,c192
GROUND,14,DOCKER,11,ea07051b061108470802000000b50baf000200400d000025070300020000000000000000008c3d6dff180017000000000000000000000000000000000000000000000000000000000000000000000000000000000000000000000000000000000000000000000000000000,4617,4617
GROUND,14,DOCKER,11,ea07051b061109430800000100c40bb5000000390d02002e071200020000000000000000008c3d6fff180017000000000000000000000000000000000000000000000000000000000000000000000000000000000000000000000000000000000000000000000000000000,cdb1,cdb1
GROUND,14,DOCKER,11,ea07051b06110a460801000100c00bb6000200400d000027070100010000000000000000008c3d6fff180017000000000000000000000000000000000000000000000000000000000000000000000000000000000000000000000000000000000000000000000000000000,aa67,aa67
GROUND,14,DOCKER,11,ea07051b06110b470801000100c00bb40002003f0d03002c070a00010000000000000000008d3d6cff180016000000000000000000000000000000000000000000000000000000000000000000000000000000000000000000000000000000000000000000000000000000,e71c,e71c
GROUND,14,DOCKER,11,ea07051b06110c400802000000b70bab000000470d030026070300010000000000000000008d3d6cff180018000000000000000000000000000000000000000000000000000000000000000000000000000000000000000000000000000000000000000000000000000000,e914,e914
GROUND,14,DOCKER,11,ea07051b06110d400801000100bf0bb40002004b0d010030071e00010000000000000000008d3d6fff180017000000000000000000000000000000000000000000000000000000000000000000000000000000000000000000000000000000000000000000000000000000,71b7,71b7
GROUND,14,DOCKER,11,ea07051b06110e3f0801000200bb0baa000000420d020026070600020000000000000000008c3d6dff180017000000000000000000000000000000000000000000000000000000000000000000000000000000000000000000000000000000000000000000000000000000,ae8f,ae8f
GROUND,14,DOCKER,11,ea07051b06110f480801000200c00bad0000004b0d030030070400020000000000000000008c3d6dff180017000000000000000000000000000000000000000000000000000000000000000000000000000000000000000000000000000000000000000000000000000000,588d,588d
GROUND,14,DOCKER,11,ea07051b061110420801000100b50bae000200440d020026070200020000000000000000008c3d6fff180017000000000000000000000000000000000000000000000000000000000000000000000000000000000000000000000000000000000000000000000000000000,f591,f591
GROUND,14,DOCKER,11,ea07051b061111440801000100c50ba10000003b0d02002e071900020000000000000000008c3d6dff180017000000000000000000000000000000000000000000000000000000000000000000000000000000000000000000000000000000000000000000000000000000,33d0,33d0
GROUND,14,DOCKER,11,ea07051b0611123e0800000200b70bab000200400d020027070100020000000000000000008b3d6bff180016000000000000000000000000000000000000000000000000000000000000000000000000000000000000000000000000000000000000000000000000000000,0aaf,0aaf
GROUND,14,DOCKER,11,ea07051b061113470800000100bf0bae0000004c0d020025070200020000000000000000008c3d70ff180018000000000000000000000000000000000000000000000000000000000000000000000000000000000000000000000000000000000000000000000000000000,0da9,0da9
GROUND,14,DOCKER,11,ea07051b0611143f0800000200b30bae000200400d01002b070300020000000000000000008c3d6eff180017000000000000000000000000000000000000000000000000000000000000000000000000000000000000000000000000000000000000000000000000000000,61d8,61d8
GROUND,14,DOCKER,11,ea07051b061115430801000000b60ba9000000450d020024070400020000000000000000008b3d6aff180018000000000000000000000000000000000000000000000000000000000000000000000000000000000000000000000000000000000000000000000000000000,5bc2,5bc2
GROUND,14,DOCKER,11,ea07051b061116480802000200c50ba9000000470d01002a070300020000000000000000008b3d6dff180017000000000000000000000000000000000000000000000000000000000000000000000000000000000000000000000000000000000000000000000000000000,b90c,b90c
GROUND,14,DOCKER,11,ea07051b061117420802000000c20ba80000003f0d03002e070500010000000000000000008b3d6dff180016000000000000000000000000000000000000000000000000000000000000000000000000000000000000000000000000000000000000000000000000000000,ca66,ca66
GROUND,14,DOCKER,11,ea07051b061118430801000200c20baf000000470d020024071c00020000000000000000008b3d6cff180017000000000000000000000000000000000000000000000000000000000000000000000000000000000000000000000000000000000000000000000000000000,8f66,8f66
GROUND,14,DOCKER,11,ea07051b061119450800000100b80b9f0002004a0d010029070300020000000000000000008a3d6fff180017000000000000000000000000000000000000000000000000000000000000000000000000000000000000000000000000000000000000000000000000000000,6be2,6be2
GROUND,14,DOCKER,11,ea07051b06111a400800000100cc0bb00002003d0d00002f070200010000000000000000008b3d6eff180016000000000000000000000000000000000000000000000000000000000000000000000000000000000000000000000000000000000000000000000000000000,c100,c100
GROUND,14,DOCKER,11,ea07051b06111b400802000000ba0ba40000003f0d02002d070100020000000000000000008a3d6dff180017000000000000000000000000000000000000000000000000000000000000000000000000000000000000000000000000000000000000000000000000000000,5013,5013
GROUND,14,DOCKER,11,ea07051b06111c420802000100b50bab000100440d020024070300020000000000000000008b3d6cff180018000000000000000000000000000000000000000000000000000000000000000000000000000000000000000000000000000000000000000000000000000000,5dcd,5dcd
GROUND,14,DOCKER,11,ea07051b06111d490800000100bf0bb50002003b0d00002f070200010000000000000000008a3d6fff180016000000000000000000000000000000000000000000000000000000000000000000000000000000000000000000000000000000000000000000000000000000,d1ba,d1ba
GROUND,14,DOCKER,11,ea07051b06111e400801000000bc0bba000200440d000027070200010000000000000000008a3d6eff180017000000000000000000000000000000000000000000000000000000000000000000000000000000000000000000000000000000000000000000000000000000,a9b3,a9b3
GROUND,14,DOCKER,11,ea07051b06111f3f0802000100b80ba4000200400d000024070300010000000000000000008a3d6bff180017000000000000000000000000000000000000000000000000000000000000000000000000000000000000000000000000000000000000000000000000000000,b527,b527
GROUND,14,DOCKER,11,ea07051b061120450801000200b80ba60000004b0d03002807030002000000000000000000893d6fff180018000000000000000000000000000000000000000000000000000000000000000000000000000000000000000000000000000000000000000000000000000000,c77f,c77f
GROUND,14,DOCKER,11,ea07051b061121490801000200bf0ba80000003f0d02002a070d0001000000000000000000893d6eff180018000000000000000000000000000000000000000000000000000000000000000000000000000000000000000000000000000000000000000000000000000000,b6c3,b6c3
GROUND,14,DOCKER,11,ea07051b061122480801000100c30bad000200460d03002807010002000000000000000000893d6bff180018000000000000000000000000000000000000000000000000000000000000000000000000000000000000000000000000000000000000000000000000000000,060b,060b
GROUND,14,DOCKER,11,ea07051b0611233f0802000100c30bb60003003c0d00002d070300020000000000000000008b3d6eff180018000000000000000000000000000000000000000000000000000000000000000000000000000000000000000000000000000000000000000000000000000000,fb7c,fb7c
GROUND,14,DOCKER,11,ea07051b061124400800000100b30bb4000100400d01002607040002000000000000000000893d6fff180017000000000000000000000000000000000000000000000000000000000000000000000000000000000000000000000000000000000000000000000000000000,7adf,7adf
GROUND,14,DOCKER,11,ea07051b061125490800000200c00ba60002003f0d01002e07080002000000000000000000893d6eff180017000000000000000000000000000000000000000000000000000000000000000000000000000000000000000000000000000000000000000000000000000000,b963,b963
GROUND,14,DOCKER,11,ea07051b061126400802000100c00ba6000000480d02002707020002000000000000000000893d6dff180018000000000000000000000000000000000000000000000000000000000000000000000000000000000000000000000000000000000000000000000000000000,25eb,25eb
GROUND,14,DOCKER,11,ea07051b0611273f0800000100b60bab000100390d010029070500020000000000000000008b3d6fff180016000000000000000000000000000000000000000000000000000000000000000000000000000000000000000000000000000000000000000000000000000000,def5,def5
GROUND,14,DOCKER,11,ea07051b061128480802000200bf0bb0000100400d03002707080002000000000000000000893d6bff180017000000000000000000000000000000000000000000000000000000000000000000000000000000000000000000000000000000000000000000000000000000,746f,746f
GROUND,14,DOCKER,11,ea07051b061129490801000200b80b9e0000003f0d02002a07030002000000000000000000883d6dff180018000000000000000000000000000000000000000000000000000000000000000000000000000000000000000000000000000000000000000000000000000000,2f84,2f84
GROUND,14,DOCKER,11,ea07051b06112a440801000100b60baa000100480d03002e070100020000000000000000008a3d71ff180018000000000000000000000000000000000000000000000000000000000000000000000000000000000000000000000000000000000000000000000000000000,e25f,e25f
GROUND,14,DOCKER,11,ea07051b06112b430800000200c00bab000200470d01002d070100020000000000000000008a3d6dff180017000000000000000000000000000000000000000000000000000000000000000000000000000000000000000000000000000000000000000000000000000000,5806,5806
GROUND,14,DOCKER,11,ea07051b06112c470800000200b80bae0002003b0d02002c07030001000000000000000000883d6cff180017000000000000000000000000000000000000000000000000000000000000000000000000000000000000000000000000000000000000000000000000000000,3104,3104
GROUND,14,DOCKER,11,ea07051b06112d3e0801000000b30bb40002003c0d01002d07000002000000000000000000883d6fff180018000000000000000000000000000000000000000000000000000000000000000000000000000000000000000000000000000000000000000000000000000000,f2d6,f2d6
GROUND,14,DOCKER,11,ea07051b06112e400801000100c00bb00002003b0d00002d070300010000000000000000008a3d6eff180016000000000000000000000000000000000000000000000000000000000000000000000000000000000000000000000000000000000000000000000000000000,aee0,aee0
GROUND,14,DOCKER,11,ea07051b06112f400801000200bf0bab000000440d03002907010002000000000000000000883d6eff180017000000000000000000000000000000000000000000000000000000000000000000000000000000000000000000000000000000000000000000000000000000,dab3,dab3
GROUND,14,DOCKER,11,ea07051b061130440800000200c00bb3000200450d00002807030002000000000000000000883d6eff180018000000000000000000000000000000000000000000000000000000000000000000000000000000000000000000000000000000000000000000000000000000,80d0,80d0
GROUND,14,DOCKER,11,ea07051b061131440800000200bf0baa000200400d00002607030002000000000000000000893d6cff180016000000000000000000000000000000000000000000000000000000000000000000000000000000000000000000000000000000000000000000000000000000,a304,a304
GROUND,14,DOCKER,11,ea07051b061132420801000100c00bb1000000380d02002d07020001000000000000000000863d6dff180017000000000000000000000000000000000000000000000000000000000000000000000000000000000000000000000000000000000000000000000000000000,594a,594a
GROUND,14,DOCKER,11,ea07051b061133410801000100b70bb20001004d0d03002907020002000000000000000000873d6fff180018000000000000000000000000000000000000000000000000000000000000000000000000000000000000000000000000000000000000000000000000000000,39fa,39fa
GROUND,14,DOCKER,11,ea07051b061134440802000200b60ba9000100440d02002f07020002000000000000000000883d6fff180017000000000000000000000000000000000000000000000000000000000000000000000000000000000000000000000000000000000000000000000000000000,25d7,25d7
GROUND,14,DOCKER,11,ea07051b061135400801000100c00bb10002003d0d01003107040002000000000000000000873d6bff180016000000000000000000000000000000000000000000000000000000000000000000000000000000000000000000000000000000000000000000000000000000,6e96,6e96
GROUND,14,DOCKER,11,ea07051b0611363f0800000200b70bad000200400d00002507080001000000000000000000873d6cff180018000000000000000000000000000000000000000000000000000000000000000000000000000000000000000000000000000000000000000000000000000000,e563,e563
GROUND,14,DOCKER,11,ea07051b061137440800000200bf0ba5000300450d00002807030002000000000000000000883d6eff180017000000000000000000000000000000000000000000000000000000000000000000000000000000000000000000000000000000000000000000000000000000,8b47,8b47
GROUND,14,DOCKER,11,ea07051b061138450801000100c30bb3000100380d00002f07020002000000000000000000853d6eff180017000000000000000000000000000000000000000000000000000000000000000000000000000000000000000000000000000000000000000000000000000000,aa3a,aa3a
GROUND,14,DOCKER,11,ea07051b061139490801000200c50ba60000003f0d02002c07030002000000000000000000883d6eff180018000000000000000000000000000000000000000000000000000000000000000000000000000000000000000000000000000000000000000000000000000000,c994,c994
GROUND,14,DOCKER,11,ea07051b06113a480800000100bf0bac000200380d02002d07010001000000000000000000863d70ff180018000000000000000000000000000000000000000000000000000000000000000000000000000000000000000000000000000000000000000000000000000000,5d8b,5d8b
GROUND,14,DOCKER,11,ea07051b06113b430800000100bf0ba9000200490d010024070c0001000000000000000000893d6eff180017000000000000000000000000000000000000000000000000000000000000000000000000000000000000000000000000000000000000000000000000000000,4c85,4c85
GROUND,14,DOCKER,11,ea07051b061200410801000200ba0bad0002003b0d02002c07020002000000000000000000873d69ff180018000000000000000000000000000000000000000000000000000000000000000000000000000000000000000000000000000000000000000000000000000000,8004,8004
GROUND,14,DOCKER,11,ea07051b0612013f0801000000b50ba9000200400d00002b07080001000000000000000000873d6dff180017000000000000000000000000000000000000000000000000000000000000000000000000000000000000000000000000000000000000000000000000000000,fd4c,fd4c
GROUND,14,DOCKER,11,ea07051b061202380801000000bf0ba80001003f0d02002d07010001000000000000000000883d6cff180018000000000000000000000000000000000000000000000000000000000000000000000000000000000000000000000000000000000000000000000000000000,4335,4335
GROUND,14,DOCKER,11,ea07051b061203400801000200b40bb20002003b0d00002a07020001000000000000000000883d6eff180017000000000000000000000000000000000000000000000000000000000000000000000000000000000000000000000000000000000000000000000000000000,5937,5937
GROUND,14,DOCKER,11,ea07051b061204470800000100b80bb00002003f0d00002a07010002000000000000000000863d6fff180018000000000000000000000000000000000000000000000000000000000000000000000000000000000000000000000000000000000000000000000000000000,5413,5413
GROUND,14,DOCKER,11,ea07051b061205480802000000c40ba4000200450d00002807020001000000000000000000873d6eff180017000000000000000000000000000000000000000000000000000000000000000000000000000000000000000000000000000000000000000000000000000000,d6b6,d6b6
GROUND,14,DOCKER,11,ea07051b061206440801000100b80bae000000390d02002b070e0002000000000000000000873d6dff180019000000000000000000000000000000000000000000000000000000000000000000000000000000000000000000000000000000000000000000000000000000,48b4,48b4
GROUND,14,DOCKER,11,ea07051b061207470802000000c30ba60000003c0d02002d070f0002000000000000000000873d6dff180017000000000000000000000000000000000000000000000000000000000000000000000000000000000000000000000000000000000000000000000000000000,d726,d726
GROUND,14,DOCKER,11,ea07051b061208400802000100b40bb50002003f0d00002c07020002000000000000000000883d6fff180018000000000000000000000000000000000000000000000000000000000000000000000000000000000000000000000000000000000000000000000000000000,e402,e402
GROUND,14,DOCKER,11,ea07051b0612093c0800000000b60bab000000390d03002d07030002000000000000000000863d6cff180017000000000000000000000000000000000000000000000000000000000000000000000000000000000000000000000000000000000000000000000000000000,18d2,18d2
GROUND,14,DOCKER,11,ea07051b06120a400801000000c40bb0000200390d02002e07000004000000000000000000873d6bff180018000000000000000000000000000000000000000000000000000000000000000000000000000000000000000000000000000000000000000000000000000000,0e45,0e45
GROUND,14,DOCKER,11,ea07051b06120b490801000200b70ba4000200400d01002407020002000000000000000000863d6bff180018000000000000000000000000000000000000000000000000000000000000000000000000000000000000000000000000000000000000000000000000000000,d16a,d16a
GROUND,14,DOCKER,11,ea07051b06120c3b0800000200c60ba90000003b0d000032070a0001000000000000000000863d6dff180017000000000000000000000000000000000000000000000000000000000000000000000000000000000000000000000000000000000000000000000000000000,22ef,22ef
GROUND,14,DOCKER,11,ea07051b06120d440802000000c00ba2000000400d03002d07020002000000000000000000883d6fff180017000000000000000000000000000000000000000000000000000000000000000000000000000000000000000000000000000000000000000000000000000000,9dc8,9dc8
GROUND,14,DOCKER,11,ea07051b06120e450800000100b50ba90000003b0d00002a070c0001000000000000000000863d6eff180017000000000000000000000000000000000000000000000000000000000000000000000000000000000000000000000000000000000000000000000000000000,74f7,74f7
GROUND,14,DOCKER,11,ea07051b06120f480801000200b90ba9000000400d02002307030001000000000000000000853d6bff180018000000000000000000000000000000000000000000000000000000000000000000000000000000000000000000000000000000000000000000000000000000,75fa,75fa
GROUND,14,DOCKER,11,ea07051b0612103d0801000100b50bac0002003f0d00002e07190002000000000000000000863d6eff180017000000000000000000000000000000000000000000000000000000000000000000000000000000000000000000000000000000000000000000000000000000,31a1,31a1
GROUND,14,DOCKER,11,ea07051b0612113f0801000100c20bb4000100390d03002f070b0002000000000000000000853d6fff180017000000000000000000000000000000000000000000000000000000000000000000000000000000000000000000000000000000000000000000000000000000,92f8,92f8
GROUND,14,DOCKER,11,ea07051b061212450801000000c20bb0000200390d00002f07060002000000000000000000863d6cff180019000000000000000000000000000000000000000000000000000000000000000000000000000000000000000000000000000000000000000000000000000000,11ae,11ae
GROUND,14,DOCKER,11,ea07051b061213480800000100b20ba8000100480d03002407010002000000000000000000873d6eff180018000000000000000000000000000000000000000000000000000000000000000000000000000000000000000000000000000000000000000000000000000000,c5f1,c5f1
GROUND,14,DOCKER,11,ea07051b0612144b0802000100bf0bba000000400d04002607030002000000000000000000853d6fff180019000000000000000000000000000000000000000000000000000000000000000000000000000000000000000000000000000000000000000000000000000000,6d43,6d43
GROUND,14,DOCKER,11,ea07051b061215440802000000b30baa0000003f0d03002807030001000000000000000000863d6dff180017000000000000000000000000000000000000000000000000000000000000000000000000000000000000000000000000000000000000000000000000000000,e24d,e24d
GROUND,14,DOCKER,11,ea07051b061216400801000100c00bb70002003d0d03003307120002000000000000000000853d6eff180018000000000000000000000000000000000000000000000000000000000000000000000000000000000000000000000000000000000000000000000000000000,4cc5,4cc5
GROUND,14,DOCKER,11,ea07051b061217470802000000c40bb3000200500d03002807000002000000000000000000863d6fff180018000000000000000000000000000000000000000000000000000000000000000000000000000000000000000000000000000000000000000000000000000000,2d4e,2d4e
GROUND,14,DOCKER,11,ea07051b061218400800000200c50bb90003003b0d00002e07020001000000000000000000863d6bff180016000000000000000000000000000000000000000000000000000000000000000000000000000000000000000000000000000000000000000000000000000000,e3eb,e3eb
GROUND,14,DOCKER,11,ea07051b0612193c0801000000b50ba4000000440d03002607200002000000000000000000833d6cff180018000000000000000000000000000000000000000000000000000000000000000000000000000000000000000000000000000000000000000000000000000000,b178,b178
GROUND,14,DOCKER,11,ea07051b06121a400802000000c00bad000200400d01002d07010001000000000000000000853d6fff180018000000000000000000000000000000000000000000000000000000000000000000000000000000000000000000000000000000000000000000000000000000,7b55,7b55
GROUND,14,DOCKER,11,ea07051b06121b3c0800000200bb0bb3000200370d00002e07020002000000000000000000853d6cff180018000000000000000000000000000000000000000000000000000000000000000000000000000000000000000000000000000000000000000000000000000000,243e,243e
GROUND,14,DOCKER,11,ea07051b06121c470800000200b40bb40002003f0d00002c07020001000000000000000000833d6bff180018000000000000000000000000000000000000000000000000000000000000000000000000000000000000000000000000000000000000000000000000000000,355f,355f
GROUND,14,DOCKER,11,ea07051b06121d400801000000b00bb4000200440d00002607030002000000000000000000843d6eff180018000000000000000000000000000000000000000000000000000000000000000000000000000000000000000000000000000000000000000000000000000000,f591,f591
GROUND,14,DOCKER,11,ea07051b06121e3f0800000200bb0bb70002003b0d00002d07010001000000000000000000833d6eff180018000000000000000000000000000000000000000000000000000000000000000000000000000000000000000000000000000000000000000000000000000000,0d8e,0d8e
GROUND,14,DOCKER,11,ea07051b06121f3f0801000200c70ba6000000400d02002b07040002000000000000000000843d6dff180019000000000000000000000000000000000000000000000000000000000000000000000000000000000000000000000000000000000000000000000000000000,8122,8122
GROUND,14,DOCKER,11,ea07051b061220400801000100b40bb50002004a0d00002a070f0002000000000000000000833d70ff180019000000000000000000000000000000000000000000000000000000000000000000000000000000000000000000000000000000000000000000000000000000,ef10,ef10
GROUND,14,DOCKER,11,ea07051b061221440802000000c90bb50002003b0d000033070a0001000000000000000000833d6cff180017000000000000000000000000000000000000000000000000000000000000000000000000000000000000000000000000000000000000000000000000000000,148b,148b
GROUND,14,DOCKER,11,ea07051b061222400801000200b80bb1000100490d02002707010002000000000000000000843d6cff180017000000000000000000000000000000000000000000000000000000000000000000000000000000000000000000000000000000000000000000000000000000,8169,8169
GROUND,14,DOCKER,11,ea07051b0612233e0800000200c60bad000100350d00002907020002000000000000000000853d6eff180018000000000000000000000000000000000000000000000000000000000000000000000000000000000000000000000000000000000000000000000000000000,e3fd,e3fd
GROUND,14,DOCKER,11,ea07051b0612243e0800000100bf0ba6000000360d02002707030002000000000000000000843d6eff180017000000000000000000000000000000000000000000000000000000000000000000000000000000000000000000000000000000000000000000000000000000,dffd,dffd
GROUND,14,DOCKER,11,ea07051b061225440800000200bb0ba5000200370d02002c07040002000000000000000000843d6dff180018000000000000000000000000000000000000000000000000000000000000000000000000000000000000000000000000000000000000000000000000000000,4c06,4c06
GROUND,14,DOCKER,11,ea07051b0612263f0800000100b80bb20000004b0d01002807020001000000000000000000823d6dff180018000000000000000000000000000000000000000000000000000000000000000000000000000000000000000000000000000000000000000000000000000000,56b2,56b2
GROUND,14,DOCKER,11,ea07051b0612273e0802000100c40bab0000003b0d02002c07040002000000000000000000843d6fff180018000000000000000000000000000000000000000000000000000000000000000000000000000000000000000000000000000000000000000000000000000000,418b,418b
GROUND,14,DOCKER,11,ea07051b061228490800000100c30bac000000390d02002707040002000000000000000000823d6dff180017000000000000000000000000000000000000000000000000000000000000000000000000000000000000000000000000000000000000000000000000000000,1bee,1bee
GROUND,14,DOCKER,11,ea07051b0612293d0800000100c00ba50001004a0d010025070d0001000000000000000000853d6bff180019000000000000000000000000000000000000000000000000000000000000000000000000000000000000000000000000000000000000000000000000000000,63f0,63f0
GROUND,14,DOCKER,11,ea07051b06122a400802000000b90bad0000004e0d03002807030001000000000000000000833d70ff18001a000000000000000000000000000000000000000000000000000000000000000000000000000000000000000000000000000000000000000000000000000000,4399,4399
GROUND,14,DOCKER,11,ea07051b06122b400802000000c40bb4000200400d02002d07010001000000000000000000833d6dff180019000000000000000000000000000000000000000000000000000000000000000000000000000000000000000000000000000000000000000000000000000000,2c0f,2c0f
GROUND,14,DOCKER,11,ea07051b06122c480800000200b80bb5000100400d02002d07010002000000000000000000813d6eff180018000000000000000000000000000000000000000000000000000000000000000000000000000000000000000000000000000000000000000000000000000000,1b16,1b16
GROUND,14,DOCKER,11,ea07051b06122d460802000200b40bac0002004d0d03002c071e0002000000000000000000823d6fff180019000000000000000000000000000000000000000000000000000000000000000000000000000000000000000000000000000000000000000000000000000000,ed2a,ed2a
GROUND,14,DOCKER,11,ea07051b06122e440801000000c20ba5000100380d01002b070c0002000000000000000000823d6bff180017000000000000000000000000000000000000000000000000000000000000000000000000000000000000000000000000000000000000000000000000000000,0537,0537
GROUND,14,DOCKER,11,ea07051b06122f490802000000b20ba6000300350d01002b07030002000000000000000000833d6aff180018000000000000000000000000000000000000000000000000000000000000000000000000000000000000000000000000000000000000000000000000000000,e25f,e25f
GROUND,14,DOCKER,11,ea07051b061230470801000200c70bac0000003a0d03002b07010002000000000000000000833d6dff180019000000000000000000000000000000000000000000000000000000000000000000000000000000000000000000000000000000000000000000000000000000,59bb,59bb
GROUND,14,DOCKER,11,ea07051b061231470802000100c50ba70000003b0d02002b07020001000000000000000000823d6eff180017000000000000000000000000000000000000000000000000000000000000000000000000000000000000000000000000000000000000000000000000000000,2c0a,2c0a
GROUND,14,DOCKER,11,ea07051b0612323e0800000100bd0bb2000000380d01002d071a0001000000000000000000813d6cff180018000000000000000000000000000000000000000000000000000000000000000000000000000000000000000000000000000000000000000000000000000000,0c51,0c51
GROUND,14,DOCKER,11,ea07051b0612333e0800000100bf0bb00001003f0d02002d07020001000000000000000000833d6eff180018000000000000000000000000000000000000000000000000000000000000000000000000000000000000000000000000000000000000000000000000000000,8aec,8aec
GROUND,14,DOCKER,11,ea07051b061234460802000000c70ba7000100450d02002907020001000000000000000000823d6fff180018000000000000000000000000000000000000000000000000000000000000000000000000000000000000000000000000000000000000000000000000000000,afd6,afd6
GROUND,14,DOCKER,11,ea07051b061235400800000200b50bac000000380d02002b07010002000000000000000000813d6dff180017000000000000000000000000000000000000000000000000000000000000000000000000000000000000000000000000000000000000000000000000000000,891c,891c
GROUND,14,DOCKER,11,ea07051b061236450801000100c50bac0002003d0d03002e07010001000000000000000000803d6dff180018000000000000000000000000000000000000000000000000000000000000000000000000000000000000000000000000000000000000000000000000000000,9b96,9b96
GROUND,14,DOCKER,11,ea07051b0612373f0802000000bf0baa000000470d02002607040001000000000000000000813d6dff180018000000000000000000000000000000000000000000000000000000000000000000000000000000000000000000000000000000000000000000000000000000,61e6,61e6
GROUND,14,DOCKER,11,ea07051b0612384a0802000100c00bb10000003f0d04002c07030002000000000000000000813d6dff1800180000000000000000000000000000000000000000000000000000000000000000000000000000000000000000000000000000000000000000000000000000,0060,acd4
GROUND,14,DOCKER,11,ea07051b061239400801000100b80bb4000200460d02002707040001000000000000000000823d6cff180019000000000000000000000000000000000000000000000000000000000000000000000000000000000000000000000000000000000000000000000000000000,9733,9733
GROUND,14,DOCKER,11,ea07051b06123a400802000000b90bab0000003b0d03002807020002000000000000000000803d6fff180018000000000000000000000000000000000000000000000000000000000000000000000000000000000000000000000000000000000000000000000000000000,2373,2373
GROUND,14,DOCKER,11,ea07051b06123b490802000000bf0bbc000000370d03002b07020003000000000000000000813d6eff180018000000000000000000000000000000000000000000000000000000000000000000000000000000000000000000000000000000000000000000000000000000,27ac,27ac
GROUND,14,DOCKER,11,ea07051b061300400800000200bf0ba7000000440d02002507020002000000000000000000813d6bff180018000000000000000000000000000000000000000000000000000000000000000000000000000000000000000000000000000000000000000000000000000000,0af3,0af3
GROUND,14,DOCKER,11,ea07051b061301400802000100bb0ba70000004a0d01002907200001000000000000000000823d6eff180019000000000000000000000000000000000000000000000000000000000000000000000000000000000000000000000000000000000000000000000000000000,f1bd,f1bd
GROUND,14,DOCKER,11,ea07051b061302440802000100c00bb40002004c0d00002807020002000000000000000000823d6dff180019000000000000000000000000000000000000000000000000000000000000000000000000000000000000000000000000000000000000000000000000000000,4748,4748
GROUND,14,DOCKER,11,ea07051b061303480801000000c40bac0000003c0d03002a07020002000000000000000000813d6bff180017000000000000000000000000000000000000000000000000000000000000000000000000000000000000000000000000000000000000000000000000000000,5287,5287
GROUND,14,DOCKER,11,ea07051b061304440801000200c60bad0001004c0d02002607020002000000000000000000813d6fff180019000000000000000000000000000000000000000000000000000000000000000000000000000000000000000000000000000000000000000000000000000000,e308,e308
GROUND,14,DOCKER,11,ea07051b061305450800000100bf0bb40002003f0d00002a07010002000000000000000000823d6eff180018000000000000000000000000000000000000000000000000000000000000000000000000000000000000000000000000000000000000000000000000000000,d58d,d58d
GROUND,14,DOCKER,11,ea07051b061306410800000100b80ba70000003b0d03002d07020001000000000000000000803d6cff180019000000000000000000000000000000000000000000000000000000000000000000000000000000000000000000000000000000000000000000000000000000,cc7e,cc7e
GROUND,14,DOCKER,11,ea07051b061307470800000200c00ba6000200390d02002d07020002000000000000000000813d6bff180018000000000000000000000000000000000000000000000000000000000000000000000000000000000000000000000000000000000000000000000000000000,d6e5,d6e5
GROUND,14,DOCKER,11,ea07051b061308440800000200bf0bae000000400d020027070800010000000000000000007f3d68ff180018000000000000000000000000000000000000000000000000000000000000000000000000000000000000000000000000000000000000000000000000000000,bfe2,bfe2
GROUND,14,DOCKER,11,ea07051b061309470802000000bf0bb40002003d0d01002a070100020000000000000000007f3d6dff180018000000000000000000000000000000000000000000000000000000000000000000000000000000000000000000000000000000000000000000000000000000,a6d3,a6d3
GROUND,14,DOCKER,11,ea07051b06130a400800000200bf0bb0000200490d02002607010002000000000000000000803d6fff180018000000000000000000000000000000000000000000000000000000000000000000000000000000000000000000000000000000000000000000000000000000,71c9,71c9
GROUND,14,DOCKER,11,ea07051b06130b460801000200bf0bac0000003a0d03002b07200001000000000000000000803d6fff180018000000000000000000000000000000000000000000000000000000000000000000000000000000000000000000000000000000000000000000000000000000,51bb,51bb
GROUND,14,DOCKER,11,ea07051b06130c3d0800000200bf0b9e0000003f0d030028070300020000000000000000007f3d6dff180018000000000000000000000000000000000000000000000000000000000000000000000000000000000000000000000000000000000000000000000000000000,abe0,abe0
GROUND,14,DOCKER,11,ea07051b06130d400800000200bf0bae000100480d00002707030002000000000000000000823d6dff180018000000000000000000000000000000000000000000000000000000000000000000000000000000000000000000000000000000000000000000000000000000,8f7e,8f7e
GROUND,14,DOCKER,11,ea07051b06130e3e0801000100ba0ba80001003f0d02002a07020003000000000000000000813d6eff180018000000000000000000000000000000000000000000000000000000000000000000000000000000000000000000000000000000000000000000000000000000,7f5b,7f5b
GROUND,14,DOCKER,11,ea07051b06130f430801000000b50bad000100450d03002c07010002000000000000000000803d6dff180018000000000000000000000000000000000000000000000000000000000000000000000000000000000000000000000000000000000000000000000000000000,fe2c,fe2c
GROUND,14,DOCKER,11,ea07051b0613103d0801000200c80bad000100440d02002607020002000000000000000000813d6dff180019000000000000000000000000000000000000000000000000000000000000000000000000000000000000000000000000000000000000000000000000000000,5f0a,5f0a
GROUND,14,DOCKER,11,ea07051b0613113f0801000000bb0bb3000200390d00002e070200020000000000000000007e3d6cff180018000000000000000000000000000000000000000000000000000000000000000000000000000000000000000000000000000000000000000000000000000000,8148,8148
GROUND,14,DOCKER,11,ea07051b061312460801000100c20bb6000100420d02002b070400020000000000000000007f3d6eff180018000000000000000000000000000000000000000000000000000000000000000000000000000000000000000000000000000000000000000000000000000000,7e72,7e72
GROUND,14,DOCKER,11,ea07051b061313440802000000c00bab000000490d020027070100020000000000000000007e3d6dff180019000000000000000000000000000000000000000000000000000000000000000000000000000000000000000000000000000000000000000000000000000000,c71f,c71f
GROUND,14,DOCKER,11,ea07051b061314480802000000b40bae000100380d01002b07010002000000000000000000803d6fff180018000000000000000000000000000000000000000000000000000000000000000000000000000000000000000000000000000000000000000000000000000000,e65a,e65a
GROUND,14,DOCKER,11,ea07051b0613153d0801000000c90bb6000200390d00002e07020002000000000000000000803d6dff180018000000000000000000000000000000000000000000000000000000000000000000000000000000000000000000000000000000000000000000000000000000,b94c,b94c
GROUND,14,DOCKER,11,ea07051b061316400802000000bf0bb80000004c0d020027071c00010000000000000000007e3d6cff180018000000000000000000000000000000000000000000000000000000000000000000000000000000000000000000000000000000000000000000000000000000,5329,5329
GROUND,14,DOCKER,11,ea07051b061317470802000000bf0bab0002003f0d02002607000001000000000000000000803d6dff180019000000000000000000000000000000000000000000000000000000000000000000000000000000000000000000000000000000000000000000000000000000,27e6,27e6
GROUND,14,DOCKER,11,ea07051b0613184b0802000100c70baf000100350d02002b070300010000000000000000007f3d6eff180018000000000000000000000000000000000000000000000000000000000000000000000000000000000000000000000000000000000000000000000000000000,778a,778a
GROUND,14,DOCKER,11,ea07051b061319380801000000bf0baf000100400d030027071800020000000000000000007f3d6bff180018000000000000000000000000000000000000000000000000000000000000000000000000000000000000000000000000000000000000000000000000000000,3231,3231
GROUND,14,DOCKER,11,ea07051b06131a470800000100b90bb6000100400d020027070100020000000000000000007e3d6eff180018000000000000000000000000000000000000000000000000000000000000000000000000000000000000000000000000000000000000000000000000000000,92b8,92b8
GROUND,14,DOCKER,11,ea07051b06131b400800000200bd0ba90000004d0d020026070200020000000000000000007e3d6eff180018000000000000000000000000000000000000000000000000000000000000000000000000000000000000000000000000000000000000000000000000000000,fd08,fd08
GROUND,14,DOCKER,11,ea07051b06131c400802000000c60baf0002003b0d02002e071c00010000000000000000007d3d6aff180018000000000000000000000000000000000000000000000000000000000000000000000000000000000000000000000000000000000000000000000000000000,a67a,a67a
GROUND,14,DOCKER,11,ea07051b06131d400800000200ba0bad000200400d010025070100020000000000000000007d3d6bff180019000000000000000000000000000000000000000000000000000000000000000000000000000000000000000000000000000000000000000000000000000000,7251,7251
GROUND,14,DOCKER,11,ea07051b06131e480800000100b80bae000200480d020027070000020000000000000000007d3d6dff180019000000000000000000000000000000000000000000000000000000000000000000000000000000000000000000000000000000000000000000000000000000,e6f2,e6f2
GROUND,14,DOCKER,11,ea07051b06131f3f0801000000b80bac0002004a0d00002a070600020000000000000000007d3d6eff180019000000000000000000000000000000000000000000000000000000000000000000000000000000000000000000000000000000000000000000000000000000,ec95,ec95
GROUND,14,DOCKER,11,ea07051b0613203d0800000200b50bba0002004a0d020025070000020000000000000000007e3d6dff180019000000000000000000000000000000000000000000000000000000000000000000000000000000000000000000000000000000000000000000000000000000,4f74,4f74
GROUND,14,DOCKER,11,ea07051b0613214d0801000100bf0baa000000360d030029070100010000000000000000007e3d6fff180018000000000000000000000000000000000000000000000000000000000000000000000000000000000000000000000000000000000000000000000000000000,75f6,75f6
GROUND,14,DOCKER,11,ea07051b061322480801000100b70bb00002003f0d00002c070200010000000000000000007d3d6fff180019000000000000000000000000000000000000000000000000000000000000000000000000000000000000000000000000000000000000000000000000000000,3d9a,3d9a
GROUND,14,DOCKER,11,ea07051b061323470800000200b50b9d0000003f0d020028070200020000000000000000007b3d6fff180018000000000000000000000000000000000000000000000000000000000000000000000000000000000000000000000000000000000000000000000000000000,16ec,16ec
GROUND,14,DOCKER,11,ea07051b061324460802000100b80baa0000004b0d020025070a00020000000000000000007c3d6eff180019000000000000000000000000000000000000000000000000000000000000000000000000000000000000000000000000000000000000000000000000000000,fb8a,fb8a
GROUND,14,DOCKER,11,ea07051b061325460802000000b40ba40001003c0d030029070300020000000000000000007c3d6dff180019000000000000000000000000000000000000000000000000000000000000000000000000000000000000000000000000000000000000000000000000000000,21e5,21e5
GROUND,14,DOCKER,11,ea07051b061326400801000000b80baf000000390d02002c070300020000000000000000007e3d6cff180018000000000000000000000000000000000000000000000000000000000000000000000000000000000000000000000000000000000000000000000000000000,af1c,af1c
GROUND,14,DOCKER,11,ea07051b061327440801000100bd0ba0000000440d020025070300020000000000000000007b3d6dff18001a000000000000000000000000000000000000000000000000000000000000000000000000000000000000000000000000000000000000000000000000000000,fdd3,fdd3
GROUND,14,DOCKER,11,ea07051b061328470802000000b70bad000200480d02002a071600020000000000000000007d3d6dff180018000000000000000000000000000000000000000000000000000000000000000000000000000000000000000000000000000000000000000000000000000000,22b3,22b3
GROUND,14,DOCKER,11,ea07051b061329400802000000c30b9e000100370d020027070300010000000000000000007d3d6dff180017000000000000000000000000000000000000000000000000000000000000000000000000000000000000000000000000000000000000000000000000000000,b722,b722
GROUND,14,DOCKER,11,ea07051b06132a480800000200bf0bb50002003b0d00002f070c00010000000000000000007e3d6dff180018000000000000000000000000000000000000000000000000000000000000000000000000000000000000000000000000000000000000000000000000000000,872e,872e
GROUND,14,DOCKER,11,ea07051b06132b440801000100bb0bb20002004c0d020026070000010000000000000000007d3d6dff180018000000000000000000000000000000000000000000000000000000000000000000000000000000000000000000000000000000000000000000000000000000,6848,6848
GROUND,14,DOCKER,11,ea07051b06132c3f0800000100c00bb5000100480d020027070100010000000000000000007d3d6dff180019000000000000000000000000000000000000000000000000000000000000000000000000000000000000000000000000000000000000000000000000000000,c154,c154
GROUND,14,DOCKER,11,ea07051b06132d3f0801000000b70bac0000004c0d020024070300010000000000000000007b3d6fff180019000000000000000000000000000000000000000000000000000000000000000000000000000000000000000000000000000000000000000000000000000000,8334,8334
GROUND,14,DOCKER,11,ea07051b06132e420802000100c20ba40000003b0d03002d070200010000000000000000007b3d6fff180018000000000000000000000000000000000000000000000000000000000000000000000000000000000000000000000000000000000000000000000000000000,865b,865b
GROUND,14,DOCKER,11,ea07051b06132f450803000000c30ba9000200370d01002f070100010000000000000000007d3d6fff18001a000000000000000000000000000000000000000000000000000000000000000000000000000000000000000000000000000000000000000000000000000000,a7a2,a7a2
GROUND,14,DOCKER,11,ea07051b061330400800000100c20ba0000000400d04002b070300010000000000000000007b3d69ff180019000000000000000000000000000000000000000000000000000000000000000000000000000000000000000000000000000000000000000000000000000000,e54a,e54a
GROUND,14,DOCKER,11,ea07051b061331430800000100b40bb4000200490d00002a070200010000000000000000007b3d69ff180019000000000000000000000000000000000000000000000000000000000000000000000000000000000000000000000000000000000000000000000000000000,c48c,c48c
GROUND,14,DOCKER,11,ea07051b061332400801000200c30bad000200360d000030070300020000000000000000007c3d6cff180018000000000000000000000000000000000000000000000000000000000000000000000000000000000000000000000000000000000000000000000000000000,8c66,8c66
GROUND,14,DOCKER,11,ea07051b061333470802000000c40bb1000200380d00002f070200020000000000000000007c3d6cff180018000000000000000000000000000000000000000000000000000000000000000000000000000000000000000000000000000000000000000000000000000000,8393,8393
GROUND,14,DOCKER,11,ea07051b061334480801000200c40bae000200390d01002b071a00020000000000000000007c3d6eff180018000000000000000000000000000000000000000000000000000000000000000000000000000000000000000000000000000000000000000000000000000000,ef2c,ef2c
GROUND,14,DOCKER,11,ea07051b0613354b0800000200bb0bac000100470d030028070100020000000000000000007b3d6fff180019000000000000000000000000000000000000000000000000000000000000000000000000000000000000000000000000000000000000000000000000000000,6ff0,6ff0
GROUND,14,DOCKER,11,ea07051b061336440801000100b70bae0001003f0d01002a070600020000000000000000007a3d6bff180018000000000000000000000000000000000000000000000000000000000000000000000000000000000000000000000000000000000000000000000000000000,f280,f280
GROUND,14,DOCKER,11,ea07051b0613373f0800000100b40bac0002004b0d00002a070300020000000000000000007d3d6cff180019000000000000000000000000000000000000000000000000000000000000000000000000000000000000000000000000000000000000000000000000000000,7a3c,7a3c
GROUND,14,DOCKER,11,ea07051b0613383d0801000200b80bad000000470d030028070300020000000000000000007b3d6fff180018000000000000000000000000000000000000000000000000000000000000000000000000000000000000000000000000000000000000000000000000000000,0fe9,0fe9
GROUND,14,DOCKER,11,ea07051b061339440800000200b80bac000100480d020024070300020000000000000000007c3d6cff180019000000000000000000000000000000000000000000000000000000000000000000000000000000000000000000000000000000000000000000000000000000,a5b5,a5b5
GROUND,14,DOCKER,11,ea07051b06133a4d0800000100c60ba9000000470d020026070200020000000000000000007c3d6dff180019000000000000000000000000000000000000000000000000000000000000000000000000000000000000000000000000000000000000000000000000000000,c340,c340
GROUND,14,DOCKER,11,ea07051b06133b3f0802000000b80baf0000003f0d020030070400010000000000000000007b3d6fff180018000000000000000000000000000000000000000000000000000000000000000000000000000000000000000000000000000000000000000000000000000000,89fe,89fe
GROUND,14,DOCKER,11,ea07051b061400470801000200c00bab0000003f0d02002c070300020000000000000000007c3d6eff180018000000000000000000000000000000000000000000000000000000000000000000000000000000000000000000000000000000000000000000000000000000,bd81,bd81
GROUND,14,DOCKER,11,ea07051b0614014a0802000000cc0b9d0000003f0d03002a070300020000000000000000007d3d6dff180019000000000000000000000000000000000000000000000000000000000000000000000000000000000000000000000000000000000000000000000000000000,ad0d,ad0d
GROUND,14,DOCKER,11,ea07051b0614023b0801000100c40ba30000003b0d01002b070400010000000000000000007a3d6bff180018000000000000000000000000000000000000000000000000000000000000000000000000000000000000000000000000000000000000000000000000000000,1e19,1e19
GROUND,14,DOCKER,11,ea07051b061403400801000200c00bb30000003a0d01002b070300020000000000000000007d3d6cff180018000000000000000000000000000000000000000000000000000000000000000000000000000000000000000000000000000000000000000000000000000000,274e,274e
GROUND,14,DOCKER,11,ea07051b061404440802000100c60bb3000200380d010027070200020000000000000000007b3d6aff180019000000000000000000000000000000000000000000000000000000000000000000000000000000000000000000000000000000000000000000000000000000,3e3b,3e3b
GROUND,14,DOCKER,11,ea07051b061405480801000100c00bad000000400d030025070100020000000000000000007a3d6dff18001a000000000000000000000000000000000000000000000000000000000000000000000000000000000000000000000000000000000000000000000000000000,ff35,ff35
GROUND,14,DOCKER,11,ea07051b0614063d0800000200c50ba6000200400d01002a070400020000000000000000007c3d6eff180018000000000000000000000000000000000000000000000000000000000000000000000000000000000000000000000000000000000000000000000000000000,2a07,2a07
GROUND,14,DOCKER,11,ea07051b061407480801000000c40ba7000200330d00002f070300020000000000000000007b3d6dff180019000000000000000000000000000000000000000000000000000000000000000000000000000000000000000000000000000000000000000000000000000000,08d2,08d2
GROUND,14,DOCKER,11,ea07051b061408470802000000bf0bac000000450d03002a070300020000000000000000007c3d6fff180018000000000000000000000000000000000000000000000000000000000000000000000000000000000000000000000000000000000000000000000000000000,5a68,5a68
GROUND,14,DOCKER,11,ea07051b061409460801000200ba0bb20002003f0d01002e070200010000000000000000007b3d6fff180019000000000000000000000000000000000000000000000000000000000000000000000000000000000000000000000000000000000000000000000000000000,e9c9,e9c9
GROUND,14,DOCKER,11,ea07051b06140a400800000200c10bb3000000390d00002d071600020000000000000000007a3d6eff180018000000000000000000000000000000000000000000000000000000000000000000000000000000000000000000000000000000000000000000000000000000,0879,0879
GROUND,14,DOCKER,11,ea07051b06140b480801000200bf0bb0000200490d030024071500010000000000000000007a3d6aff180018000000000000000000000000000000000000000000000000000000000000000000000000000000000000000000000000000000000000000000000000000000,7da3,7da3
GROUND,14,DOCKER,11,ea07051b06140c4a0801000000b70bb1000200400d00002d070300000000000000000000007b3d6eff180018000000000000000000000000000000000000000000000000000000000000000000000000000000000000000000000000000000000000000000000000000000,af97,af97
GROUND,14,DOCKER,11,ea07051b06140d490801000100b70ba80001004b0d030024070100010000000000000000007b3d6eff18001a000000000000000000000000000000000000000000000000000000000000000000000000000000000000000000000000000000000000000000000000000000,ee6a,ee6a
GROUND,14,DOCKER,11,ea07051b06140e400801000100c00bb2000200380d03002a070300020000000000000000007b3d6cff180018000000000000000000000000000000000000000000000000000000000000000000000000000000000000000000000000000000000000000000000000000000,8057,8057
GROUND,14,DOCKER,11,ea07051b06140f3d0800000200bf0bb20001003b0d00003007030001000000000000000000793d6fff180019000000000000000000000000000000000000000000000000000000000000000000000000000000000000000000000000000000000000000000000000000000,b3e5,b3e5
GROUND,14,DOCKER,11,ea07051b061410430802000100bf0ba8000100440d030025070200010000000000000000007a3d6dff18001a000000000000000000000000000000000000000000000000000000000000000000000000000000000000000000000000000000000000000000000000000000,da06,da06
GROUND,14,DOCKER,11,ea07051b061411400800000200b30bb40002004c0d010028070600020000000000000000007a3d6bff180019000000000000000000000000000000000000000000000000000000000000000000000000000000000000000000000000000000000000000000000000000000,5229,5229
GROUND,14,DOCKER,11,ea07051b061412480800000100b40bb3000000410d03002607010002000000000000000000793d6eff180019000000000000000000000000000000000000000000000000000000000000000000000000000000000000000000000000000000000000000000000000000000,799e,799e
GROUND,14,DOCKER,11,ea07051b061413420800000200b60bae000000400d020029071a00020000000000000000007b3d6cff180019000000000000000000000000000000000000000000000000000000000000000000000000000000000000000000000000000000000000000000000000000000,e67f,e67f
GROUND,14,DOCKER,11,ea07051b0618233a0801000200bb0bb6000200370d00002b070100020000000000000000008e3d6cff180015000000000000000000000000000000000000000000000000000000000000000000000000000000000000000000000000000000000000000000000000000000,b8ae,b8ae
GROUND,14,DOCKER,11,ea07051b0618243f0801000000c00bb1000200370d02002e070200020000000000000000008b3d6cff180016000000000000000000000000000000000000000000000000000000000000000000000000000000000000000000000000000000000000000000000000000000,ed89,ed89
GROUND,14,DOCKER,11,ea07051b061825460801000200c60bb50001003d0d04002e070300010000000000000000008a3d67ff180016000000000000000000000000000000000000000000000000000000000000000000000000000000000000000000000000000000000000000000000000000000,a3f3,a3f3
GROUND,14,DOCKER,11,ea07051b061826420800000200b40bb8000000400d020027070300030000000000000000008a3d62ff180017000000000000000000000000000000000000000000000000000000000000000000000000000000000000000000000000000000000000000000000000000000,da6e,da6e
GROUND,14,DOCKER,11,ea07051b061827460801000000bb0bbb000000400d01002707040002000000000000000000883d69ff180017000000000000000000000000000000000000000000000000000000000000000000000000000000000000000000000000000000000000000000000000000000,257c,257c
GROUND,14,DOCKER,11,ea07051b061828400800000000b20bb80002004b0d02003007030001000000000000000000873d69ff180016000000000000000000000000000000000000000000000000000000000000000000000000000000000000000000000000000000000000000000000000000000,1885,1885
GROUND,14,DOCKER,11,ea07051b0618294a0801000000b40bbc0002004c0d01002407020002000000000000000000883d69ff180017000000000000000000000000000000000000000000000000000000000000000000000000000000000000000000000000000000000000000000000000000000,5a3b,5a3b
GROUND,14,DOCKER,11,ea07051b06182a470800000000bd0bb9000200400d02002607000002000000000000000000863d69ff180017000000000000000000000000000000000000000000000000000000000000000000000000000000000000000000000000000000000000000000000000000000,ceb0,ceb0
GROUND,14,DOCKER,11,ea07051b06182b480800000200b30bb5000100440d02002807010002000000000000000000873d6aff180017000000000000000000000000000000000000000000000000000000000000000000000000000000000000000000000000000000000000000000000000000000,39d6,39d6
GROUND,14,DOCKER,11,ea07051b06182c480802000000c80bb50002003b0d02002d07030003000000000000000000863d68ff180016000000000000000000000000000000000000000000000000000000000000000000000000000000000000000000000000000000000000000000000000000000,8b7b,8b7b
GROUND,14,DOCKER,11,ea07051b06182d3f0802000000c00bb5000100470d02002807030001000000000000000000853d67ff180016000000000000000000000000000000000000000000000000000000000000000000000000000000000000000000000000000000000000000000000000000000,0a21,0a21
GROUND,14,DOCKER,11,ea07051b06182e420801000000b70bb9000200470d00002f07010002000000000000000000853d6aff180017000000000000000000000000000000000000000000000000000000000000000000000000000000000000000000000000000000000000000000000000000000,5fd5,5fd5
GROUND,14,DOCKER,11,ea07051b06182f400800000000b40bb20002003d0d03002a071e0002000000000000000000843d69ff180016000000000000000000000000000000000000000000000000000000000000000000000000000000000000000000000000000000000000000000000000000000,702b,702b
GROUND,14,DOCKER,11,ea07051b0618303b0801000000c20bb10000004b0d02002607030002000000000000000000863d68ff180016000000000000000000000000000000000000000000000000000000000000000000000000000000000000000000000000000000000000000000000000000000,3724,3724
GROUND,14,DOCKER,11,ea07051b061831400802000000b30bb70001003f0d03002807030002000000000000000000853d69ff180017000000000000000000000000000000000000000000000000000000000000000000000000000000000000000000000000000000000000000000000000000000,8e46,8e46
GROUND,14,DOCKER,11,ea07051b061832470800000000b50bb1000300400d01002707030002000000000000000000853d68ff180017000000000000000000000000000000000000000000000000000000000000000000000000000000000000000000000000000000000000000000000000000000,cde2,cde2
GROUND,14,DOCKER,11,ea07051b061833460800000100c20bb9000000380d01002f07020002000000000000000000823d65ff180016000000000000000000000000000000000000000000000000000000000000000000000000000000000000000000000000000000000000000000000000000000,a8e6,a8e6
GROUND,14,DOCKER,11,ea07051b061834440800000000b70bb0000200400d01002d071c0001000000000000000000833d68ff180016000000000000000000000000000000000000000000000000000000000000000000000000000000000000000000000000000000000000000000000000000000,efdc,efdc
GROUND,14,DOCKER,11,ea07051b0618353c0800000000b60bb9000100480d02002807040001000000000000000000843d69ff180018000000000000000000000000000000000000000000000000000000000000000000000000000000000000000000000000000000000000000000000000000000,a31b,a31b
GROUND,14,DOCKER,11,ea07051b061836470801000000bf0bbf0000004b0d00002507010002000000000000000000823d66ff180017000000000000000000000000000000000000000000000000000000000000000000000000000000000000000000000000000000000000000000000000000000,57f4,57f4
GROUND,14,DOCKER,11,ea07051b061837440800000100b90ba6000000380d03002d07010002000000000000000000833d66ff180018000000000000000000000000000000000000000000000000000000000000000000000000000000000000000000000000000000000000000000000000000000,8feb,8feb
GROUND,14,DOCKER,11,ea07051b061838350800000200c40bb0000200400d01002907040002000000000000000000833d6eff180016000000000000000000000000000000000000000000000000000000000000000000000000000000000000000000000000000000000000000000000000000000,b0a6,b0a6
GROUND,14,DOCKER,11,ea07051b0618393d0801000000c50bb10000003c0d02002f07010002000000000000000000843d6dff180017000000000000000000000000000000000000000000000000000000000000000000000000000000000000000000000000000000000000000000000000000000,4003,4003
GROUND,14,DOCKER,11,ea07051b06183a3a0801000000b20bb4000100360d01002707020001000000000000000000843d6eff180016000000000000000000000000000000000000000000000000000000000000000000000000000000000000000000000000000000000000000000000000000000,47d9,47d9
GROUND,14,DOCKER,11,ea07051b06183b420801000200c10b9c0000003f0d03002d07020002000000000000000000833d6dff180016000000000000000000000000000000000000000000000000000000000000000000000000000000000000000000000000000000000000000000000000000000,3901,3901
GROUND,14,DOCKER,11,ea07051b061900470801000000c00bae0002003f0d00002f07020002000000000000000000823d69ff180017000000000000000000000000000000000000000000000000000000000000000000000000000000000000000000000000000000000000000000000000000000,fb5a,fb5a
GROUND,14,DOCKER,11,ea07051b0619013c0801000000b40ba90002004b0d01002607140002000000000000000000833d6dff180017000000000000000000000000000000000000000000000000000000000000000000000000000000000000000000000000000000000000000000000000000000,f0bc,f0bc
GROUND,14,DOCKER,11,ea07051b0619023e0801000000c40ba6000000460d02002407020002000000000000000000823d6fff180017000000000000000000000000000000000000000000000000000000000000000000000000000000000000000000000000000000000000000000000000000000,902f,902f
GROUND,14,DOCKER,11,ea07051b0619033f0801000000b50bb1000100480d01002807070002000000000000000000823d6eff180018000000000000000000000000000000000000000000000000000000000000000000000000000000000000000000000000000000000000000000000000000000,328c,328c
GROUND,14,DOCKER,11,ea07051b061904490801000200bb0ba5000200420d01002507040001000000000000000000813d6dff180017000000000000000000000000000000000000000000000000000000000000000000000000000000000000000000000000000000000000000000000000000000,da36,da36
GROUND,14,DOCKER,11,ea07051b061905430800000200bf0bb3000200460d02002707010002000000000000000000823d6fff180017000000000000000000000000000000000000000000000000000000000000000000000000000000000000000000000000000000000000000000000000000000,476f,476f
GROUND,14,DOCKER,11,ea07051b0619063f0801000200c00bb2000000440d02002507030001000000000000000000813d6dff180018000000000000000000000000000000000000000000000000000000000000000000000000000000000000000000000000000000000000000000000000000000,0f08,0f08
GROUND,14,DOCKER,11,ea07051b0619073f0800000100bf0bb7000100380d00002907020001000000000000000000823d6dff180017000000000000000000000000000000000000000000000000000000000000000000000000000000000000000000000000000000000000000000000000000000,e23c,e23c
GROUND,14,DOCKER,11,ea07051b061908430801000000b50baf000200420d02002607010002000000000000000000823d6cff180018000000000000000000000000000000000000000000000000000000000000000000000000000000000000000000000000000000000000000000000000000000,1c32,1c32
GROUND,14,DOCKER,11,ea07051b0619093e0800000200b90baa000000400d00002d070a0002000000000000000000813d6fff180017000000000000000000000000000000000000000000000000000000000000000000000000000000000000000000000000000000000000000000000000000000,ae5b,ae5b
GROUND,14,DOCKER,11,ea07051b06190a430800000000bb0bac000000470d03002807040001000000000000000000813d6cff180017000000000000000000000000000000000000000000000000000000000000000000000000000000000000000000000000000000000000000000000000000000,6a4e,6a4e
GROUND,14,DOCKER,11,ea07051b06190b430800000100b40bac000000470d02002c07020002000000000000000000803d6eff180017000000000000000000000000000000000000000000000000000000000000000000000000000000000000000000000000000000000000000000000000000000,4b24,4b24
GROUND,14,DOCKER,11,ea07051b06190c440802000000b40baa000100500d020028070200010000000000000000007f3d6eff180018000000000000000000000000000000000000000000000000000000000000000000000000000000000000000000000000000000000000000000000000000000,8860,8860
GROUND,14,DOCKER,11,ea07051b06190d400800000200b60ba8000000400d01002707040002000000000000000000803d6cff180017000000000000000000000000000000000000000000000000000000000000000000000000000000000000000000000000000000000000000000000000000000,5973,5973
GROUND,14,DOCKER,11,ea07051b06190e460802000200bb0ba5000000470d03002807020001000000000000000000823d6fff180017000000000000000000000000000000000000000000000000000000000000000000000000000000000000000000000000000000000000000000000000000000,3463,3463
GROUND,14,DOCKER,11,ea07051b06190f3f0801000200bf0baa000200390d02002b07070001000000000000000000813d70ff180017000000000000000000000000000000000000000000000000000000000000000000000000000000000000000000000000000000000000000000000000000000,461d,461d
GROUND,14,DOCKER,11,ea07051b061910480800000000c10bb60003003a0d00002b07170002000000000000000000803d6cff180018000000000000000000000000000000000000000000000000000000000000000000000000000000000000000000000000000000000000000000000000000000,bd3a,bd3a
GROUND,14,DOCKER,11,ea07051b0619114b0800000100cb0baf000300400d00002a07020001000000000000000000813d6aff180017000000000000000000000000000000000000000000000000000000000000000000000000000000000000000000000000000000000000000000000000000000,668f,668f
GROUND,14,DOCKER,11,ea07051b061912400801000200b70bb1000000470d02002a070100020000000000000000007f3d6fff180017000000000000000000000000000000000000000000000000000000000000000000000000000000000000000000000000000000000000000000000000000000,8c72,8c72
GROUND,14,DOCKER,11,ea07051b061913400800000200c60bb0000200380d03002f07010001000000000000000000803d6eff180017000000000000000000000000000000000000000000000000000000000000000000000000000000000000000000000000000000000000000000000000000000,9ea2,9ea2
GROUND,14,DOCKER,11,ea07051b061914400801000000bf0bac000200450d02002e07010001000000000000000000803d6dff180017000000000000000000000000000000000000000000000000000000000000000000000000000000000000000000000000000000000000000000000000000000,21c1,21c1
GROUND,14,DOCKER,11,ea07051b061915470802000000b40baa0002003b0d00002d070200020000000000000000007f3d70ff180018000000000000000000000000000000000000000000000000000000000000000000000000000000000000000000000000000000000000000000000000000000,8c95,8c95
GROUND,14,DOCKER,11,ea07051b061916420801000200c00bae0000003f0d02002c070100020000000000000000007d3d6dff180017000000000000000000000000000000000000000000000000000000000000000000000000000000000000000000000000000000000000000000000000000000,5bf1,5bf1
GROUND,14,DOCKER,11,ea07051b061917460800000100c30b9e000100470d030029070300020000000000000000007e3d6dff180018000000000000000000000000000000000000000000000000000000000000000000000000000000000000000000000000000000000000000000000000000000,2e1e,2e1e
GROUND,14,DOCKER,11,ea07051b061918440801000200c50bac000000380d010027070300010000000000000000007f3d70ff180017000000000000000000000000000000000000000000000000000000000000000000000000000000000000000000000000000000000000000000000000000000,f948,f948
GROUND,14,DOCKER,11,ea07051b0619193f0800000000bf0ba90001003a0d020025070300020000000000000000007f3d6cff180017000000000000000000000000000000000000000000000000000000000000000000000000000000000000000000000000000000000000000000000000000000,b02a,b02a
GROUND,14,DOCKER,11,ea07051b06191a470801000200b70baa000100450d020026070200020000000000000000007f3d6dff180019000000000000000000000000000000000000000000000000000000000000000000000000000000000000000000000000000000000000000000000000000000,7d7c,7d7c
GROUND,14,DOCKER,11,ea07051b06191b480801000200c40bb90002004a0d000027070100020000000000000000007d3d6bff180017000000000000000000000000000000000000000000000000000000000000000000000000000000000000000000000000000000000000000000000000000000,82f5,82f5
GROUND,14,DOCKER,11,ea07051b06191c420801000000b70ba4000100500d020029070000020000000000000000007f3d6dff180018000000000000000000000000000000000000000000000000000000000000000000000000000000000000000000000000000000000000000000000000000000,44f6,44f6
GROUND,14,DOCKER,11,ea07051b06191d3f0800000000c00ba70000003f0d02002d071000020000000000000000007d3d6cff180018000000000000000000000000000000000000000000000000000000000000000000000000000000000000000000000000000000000000000000000000000000,7044,7044
GROUND,14,DOCKER,11,ea07051b06191e480802000000bf0bb20002003d0d01002c070700020000000000000000007d3d6dff180018000000000000000000000000000000000000000000000000000000000000000000000000000000000000000000000000000000000000000000000000000000,9ec2,9ec2
GROUND,14,DOCKER,11,ea07051b06191f440800000200b60ba2000000480d020026070100020000000000000000007e3d6fff180018000000000000000000000000000000000000000000000000000000000000000000000000000000000000000000000000000000000000000000000000000000,ed2c,ed2c
GROUND,14,DOCKER,11,ea07051b061920450801000100bf0bac0001003f0d02002a070300020000000000000000007e3d6dff180018000000000000000000000000000000000000000000000000000000000000000000000000000000000000000000000000000000000000000000000000000000,feff,feff
GROUND,14,DOCKER,11,ea07051b061921480801000200bf0ba80000003a0d030025070300020000000000000000007d3d6bff180017000000000000000000000000000000000000000000000000000000000000000000000000000000000000000000000000000000000000000000000000000000,b83c,b83c
GROUND,14,DOCKER,11,ea07051b061922420801000200b70bb2000300390d00002f071c00010000000000000000007d3d6fff180018000000000000000000000000000000000000000000000000000000000000000000000000000000000000000000000000000000000000000000000000000000,dea0,dea0
GROUND,14,DOCKER,11,ea07051b061923420802000000bb0baa000000440d020024071500020000000000000000007d3d6cff180017000000000000000000000000000000000000000000000000000000000000000000000000000000000000000000000000000000000000000000000000000000,7ae6,7ae6
GROUND,14,DOCKER,11,ea07051b0619243f0801000200b70b9f000200440d000023070300020000000000000000007e3d6dff180017000000000000000000000000000000000000000000000000000000000000000000000000000000000000000000000000000000000000000000000000000000,a30d,a30d
GROUND,14,DOCKER,11,ea07051b061925420801000100c20bab000000470d020024070300020000000000000000007e3d6eff180017000000000000000000000000000000000000000000000000000000000000000000000000000000000000000000000000000000000000000000000000000000,b70d,b70d
GROUND,14,DOCKER,11,ea07051b061926400801000100b30bae000000400d02002d070400020000000000000000007e3d6eff180018000000000000000000000000000000000000000000000000000000000000000000000000000000000000000000000000000000000000000000000000000000,b543,b543
GROUND,14,DOCKER,11,ea07051b061927450801000000b70bb4000200390d00002f070200010000000000000000007c3d6dff180017000000000000000000000000000000000000000000000000000000000000000000000000000000000000000000000000000000000000000000000000000000,24f4,24f4
GROUND,14,DOCKER,11,ea07051b061928440802000100c00bb2000100400d02002f070000010000000000000000007d3d6fff180018000000000000000000000000000000000000000000000000000000000000000000000000000000000000000000000000000000000000000000000000000000,58b5,58b5
GROUND,14,DOCKER,11,ea07051b0619293e0800000200c00ba0000200440d030027070000010000000000000000007d3d6fff180018000000000000000000000000000000000000000000000000000000000000000000000000000000000000000000000000000000000000000000000000000000,9966,9966
GROUND,14,DOCKER,11,ea07051b06192a400801000200bb0ba10002004a0d000024070200020000000000000000007c3d6bff180018000000000000000000000000000000000000000000000000000000000000000000000000000000000000000000000000000000000000000000000000000000,7646,7646
GROUND,14,DOCKER,11,ea07051b06192b400800000200b40ba90000003f0d03002e070400020000000000000000007c3d6bff180018000000000000000000000000000000000000000000000000000000000000000000000000000000000000000000000000000000000000000000000000000000,be38,be38
GROUND,14,DOCKER,11,ea07051b06192c440800000100bf0bab0000003b0d02002c070400020000000000000000007c3d6cff180017000000000000000000000000000000000000000000000000000000000000000000000000000000000000000000000000000000000000000000000000000000,5d66,5d66
GROUND,14,DOCKER,11,ea07051b06192d470800000200b70ba8000100400d020025070200020000000000000000007b3d6cff180018000000000000000000000000000000000000000000000000000000000000000000000000000000000000000000000000000000000000000000000000000000,e140,e140
GROUND,14,DOCKER,11,ea07051b06192e410800000200bf0bb4000100440d010023070c00010000000000000000007b3d6cff180018000000000000000000000000000000000000000000000000000000000000000000000000000000000000000000000000000000000000000000000000000000,5bd7,5bd7
GROUND,14,DOCKER,11,ea07051b06192f400801000000c00bb10000003b0d01002c070400010000000000000000007a3d6fff180018000000000000000000000000000000000000000000000000000000000000000000000000000000000000000000000000000000000000000000000000000000,93b1,93b1
GROUND,14,DOCKER,11,ea07051b061930400802000000c40bb3000000470d020030070700020000000000000000007c3d6dff180018000000000000000000000000000000000000000000000000000000000000000000000000000000000000000000000000000000000000000000000000000000,45d9,45d9
GROUND,14,DOCKER,11,ea07051b061931400801000100b50bac0002004b0d020028070300010000000000000000007c3d6aff180018000000000000000000000000000000000000000000000000000000000000000000000000000000000000000000000000000000000000000000000000000000,692e,692e
GROUND,14,DOCKER,11,ea07051b061932440802000100b70bae0002004c0d000024072200020000000000000000007c3d6fff180018000000000000000000000000000000000000000000000000000000000000000000000000000000000000000000000000000000000000000000000000000000,ebf1,ebf1
GROUND,14,DOCKER,11,ea07051b061933400802000000b80bb3000200390d020030070100020000000000000000007c3d6fff180018000000000000000000000000000000000000000000000000000000000000000000000000000000000000000000000000000000000000000000000000000000,ae05,ae05
GROUND,14,DOCKER,11,ea07051b0619343f0800000200ba0bab0001003f0d03002d070100020000000000000000007c3d6bff180018000000000000000000000000000000000000000000000000000000000000000000000000000000000000000000000000000000000000000000000000000000,53b8,53b8
GROUND,14,DOCKER,11,ea07051b0619353f0800000200b50baa000000400d020029070300020000000000000000007b3d6dff180018000000000000000000000000000000000000000000000000000000000000000000000000000000000000000000000000000000000000000000000000000000,a4f7,a4f7
GROUND,14,DOCKER,11,ea07051b0619363d0800000200bf0bae000000380d020025070300010000000000000000007c3d6bff180018000000000000000000000000000000000000000000000000000000000000000000000000000000000000000000000000000000000000000000000000000000,ad12,ad12
GROUND,14,DOCKER,11,ea07051b061937400802000000c00bae000200480d020028070200020000000000000000007b3d6cff180018000000000000000000000000000000000000000000000000000000000000000000000000000000000000000000000000000000000000000000000000000000,dd16,dd16
GROUND,14,DOCKER,11,ea07051b0619383f0801000000c00ba2000000470d03002d07010002000000000000000000793d6dff180018000000000000000000000000000000000000000000000000000000000000000000000000000000000000000000000000000000000000000000000000000000,9e46,9e46
GROUND,14,DOCKER,11,ea07051b061939440800000100c00bad0002003d0d02002f070000020000000000000000007c3d6bff180018000000000000000000000000000000000000000000000000000000000000000000000000000000000000000000000000000000000000000000000000000000,7be2,7be2
GROUND,14,DOCKER,11,ea07051b06193a400802000000b70bad000100480d020024070000020000000000000000007c3d6aff180019000000000000000000000000000000000000000000000000000000000000000000000000000000000000000000000000000000000000000000000000000000,3b53,3b53
GROUND,14,DOCKER,11,ea07051b06193b430802000200bd0ba9000200370d02002b072000020000000000000000007c3d6cff180018000000000000000000000000000000000000000000000000000000000000000000000000000000000000000000000000000000000000000000000000000000,b9bd,b9bd
GROUND,14,DOCKER,11,ea07051b061a00440802000100bf0bab000200440d020027070000030000000000000000007b3d6eff180018000000000000000000000000000000000000000000000000000000000000000000000000000000000000000000000000000000000000000000000000000000,a1ba,a1ba
GROUND,14,DOCKER,11,ea07051b061a013c0800000200c30baf000000400d020024070000010000000000000000007a3d6eff180018000000000000000000000000000000000000000000000000000000000000000000000000000000000000000000000000000000000000000000000000000000,1ce5,1ce5
GROUND,14,DOCKER,11,ea07051b061a02460802000000b90baf0001003f0d03002c07010002000000000000000000793d6bff180017000000000000000000000000000000000000000000000000000000000000000000000000000000000000000000000000000000000000000000000000000000,c06b,c06b
GROUND,14,DOCKER,11,ea07051b061a03470800000200b50baa0002004b0d030028072100020000000000000000007a3d6fff180019000000000000000000000000000000000000000000000000000000000000000000000000000000000000000000000000000000000000000000000000000000,99da,99da
GROUND,14,DOCKER,11,ea07051b061a04450802000000ca0ba90001003b0d02002f070000020000000000000000007a3d6dff180017000000000000000000000000000000000000000000000000000000000000000000000000000000000000000000000000000000000000000000000000000000,987b,987b
GROUND,14,DOCKER,11,ea07051b061a053f0801000000c60ba4000100480d020025070300010000000000000000007a3d6dff180019000000000000000000000000000000000000000000000000000000000000000000000000000000000000000000000000000000000000000000000000000000,018c,018c
GROUND,14,DOCKER,11,ea07051b061a06400801000000bb0bb2000200390d00002d070200010000000000000000007b3d6fff180018000000000000000000000000000000000000000000000000000000000000000000000000000000000000000000000000000000000000000000000000000000,1147,1147
GROUND,14,DOCKER,11,ea07051b061a07400802000200b80baa0000003c0d03002b070c00020000000000000000007b3d6eff180018000000000000000000000000000000000000000000000000000000000000000000000000000000000000000000000000000000000000000000000000000000,554f,554f
GROUND,14,DOCKER,11,ea07051b061a083d0801000000bb0bab000300440d02002707030002000000000000000000793d6cff180017000000000000000000000000000000000000000000000000000000000000000000000000000000000000000000000000000000000000000000000000000000,3acf,3acf
GROUND,14,DOCKER,11,ea07051b061a09460802000000bb0bb2000200400d01002b07010001000000000000000000793d6dff180019000000000000000000000000000000000000000000000000000000000000000000000000000000000000000000000000000000000000000000000000000000,9e8b,9e8b
GROUND,14,DOCKER,11,ea07051b061a0a460801000000b80baf0001004d0d02002a070800020000000000000000007a3d6fff180019000000000000000000000000000000000000000000000000000000000000000000000000000000000000000000000000000000000000000000000000000000,4d47,4d47
GROUND,14,DOCKER,11,ea07051b061a0b3f0800000200ba0bb10002003f0d00002d070200020000000000000000007a3d68ff180019000000000000000000000000000000000000000000000000000000000000000000000000000000000000000000000000000000000000000000000000000000,4d47,4d47
GROUND,14,DOCKER,11,ea07051b061a0c400802000200b80baf000000400d030023070300020000000000000000007a3d6cff180019000000000000000000000000000000000000000000000000000000000000000000000000000000000000000000000000000000000000000000000000000000,6d8d,6d8d
GROUND,14,DOCKER,11,ea07051b061a0d400800000200b50bb0000200480d010028070200040000000000000000007a3d6fff180019000000000000000000000000000000000000000000000000000000000000000000000000000000000000000000000000000000000000000000000000000000,0743,0743
GROUND,14,DOCKER,11,ea07051b061a0e400801000100b70bb5000200460d000025070100020000000000000000007a3d6cff180018000000000000000000000000000000000000000000000000000000000000000000000000000000000000000000000000000000000000000000000000000000,b10c,b10c
GROUND,14,DOCKER,11,ea07051b061a0f400801000200b40bab0000003f0d03002c07010001000000000000000000783d6bff180019000000000000000000000000000000000000000000000000000000000000000000000000000000000000000000000000000000000000000000000000000000,9577,9577
GROUND,14,DOCKER,11,ea07051b061a103f0800000100b70bb4000200490d00002607020002000000000000000000793d6fff180018000000000000000000000000000000000000000000000000000000000000000000000000000000000000000000000000000000000000000000000000000000,260f,260f
GROUND,14,DOCKER,11,ea07051b061a11430801000000c60ba40001003a0d020027070600010000000000000000007a3d6cff180018000000000000000000000000000000000000000000000000000000000000000000000000000000000000000000000000000000000000000000000000000000,db18,db18
GROUND,14,DOCKER,11,ea07051b061a12400800000200b80bad0000003f0d02002807030002000000000000000000793d6dff180018000000000000000000000000000000000000000000000000000000000000000000000000000000000000000000000000000000000000000000000000000000,0229,0229
GROUND,14,DOCKER,11,ea07051b061a13440801000200b40bb40002003d0d02002e07040002000000000000000000783d6dff180018000000000000000000000000000000000000000000000000000000000000000000000000000000000000000000000000000000000000000000000000000000,3366,3366
GROUND,14,DOCKER,11,ea07051b061a14400801000200c40bb1000200370d00002f07020001000000000000000000783d6bff180018000000000000000000000000000000000000000000000000000000000000000000000000000000000000000000000000000000000000000000000000000000,f7f5,f7f5
GROUND,14,DOCKER,11,ea07051b061a15400800000100b60ba80000004d0d02002807030001000000000000000000793d6cff180018000000000000000000000000000000000000000000000000000000000000000000000000000000000000000000000000000000000000000000000000000000,aaf2,aaf2
GROUND,14,DOCKER,11,ea07051b061a16470801000300b50bae000000450d02002607020002000000000000000000783d70ff180019000000000000000000000000000000000000000000000000000000000000000000000000000000000000000000000000000000000000000000000000000000,440c,440c
GROUND,14,DOCKER,11,ea07051b061a17490800000100b60bb00002003b0d00002e070100010000000000000000007a3d6eff180018000000000000000000000000000000000000000000000000000000000000000000000000000000000000000000000000000000000000000000000000000000,1699,1699
GROUND,14,DOCKER,11,ea07051b061a183f0802000000bf0bb3000200400d00002707020001000000000000000000773d6aff180019000000000000000000000000000000000000000000000000000000000000000000000000000000000000000000000000000000000000000000000000000000,b536,b536
GROUND,14,DOCKER,11,ea07051b061a19440801000200bf0ba3000000400d020023070200040000000000000000007a3d6aff180019000000000000000000000000000000000000000000000000000000000000000000000000000000000000000000000000000000000000000000000000000000,98c8,98c8
GROUND,14,DOCKER,11,ea07051b061a1a3e0800000200c50bb1000200470d00002a07010002000000000000000000793d6cff180019000000000000000000000000000000000000000000000000000000000000000000000000000000000000000000000000000000000000000000000000000000,d39b,d39b
GROUND,14,DOCKER,11,ea07051b061a1b3e0800000200b70ba30001004c0d00002507030001000000000000000000773d6dff180019000000000000000000000000000000000000000000000000000000000000000000000000000000000000000000000000000000000000000000000000000000,84d0,84d0
GROUND,14,DOCKER,11,ea07051b061a1c400802000200b50bad000200440d00002707020002000000000000000000763d6dff1800180000000000000000000000000000000000000000000000000000000000000000000000000000000000000000000000000000000000000000000000000000,007e,4619
GROUND,14,DOCKER,11,ea07051b061a1d440802000000c20baf000200390d02002f07000002000000000000000000783d6fff180018000000000000000000000000000000000000000000000000000000000000000000000000000000000000000000000000000000000000000000000000000000,32c9,32c9
GROUND,14,DOCKER,11,ea07051b061a1e3c0800000200c70bad0000004d0d02002c07140002000000000000000000773d6cff180018000000000000000000000000000000000000000000000000000000000000000000000000000000000000000000000000000000000000000000000000000000,a516,a516
GROUND,14,DOCKER,11,ea07051b061a1f3f0801000200c00bbc000000380d00002e07010001000000000000000000773d6bff180018000000000000000000000000000000000000000000000000000000000000000000000000000000000000000000000000000000000000000000000000000000,e635,e635
GROUND,14,DOCKER,11,ea07051b061a203c0801000200ba0bad000200370d00002f07030002000000000000000000793d6eff180018000000000000000000000000000000000000000000000000000000000000000000000000000000000000000000000000000000000000000000000000000000,3d02,3d02
GROUND,14,DOCKER,11,ea07051b061a21480801000200bb0ba6000200400d00002907100002000000000000000000763d6eff180017000000000000000000000000000000000000000000000000000000000000000000000000000000000000000000000000000000000000000000000000000000,90cf,90cf
GROUND,14,DOCKER,11,ea07051b061a224b0801000200c70ba90002004b0d00002a07030001000000000000000000773d6dff180019000000000000000000000000000000000000000000000000000000000000000000000000000000000000000000000000000000000000000000000000000000,3340,3340
GROUND,14,DOCKER,11,ea07051b061a233b0800000000bf0bb1000200400d00002a07020002000000000000000000773d70ff180019000000000000000000000000000000000000000000000000000000000000000000000000000000000000000000000000000000000000000000000000000000,57bb,57bb
GROUND,14,DOCKER,11,ea07051b061a243f0802000000bb0baa0002004a0d000028070200020000000000000000007a3d6dff180019000000000000000000000000000000000000000000000000000000000000000000000000000000000000000000000000000000000000000000000000000000,270d,270d
GROUND,14,DOCKER,11,ea07051b061a253f0801000000b40baa000000480d00002607020002000000000000000000773d6eff180018000000000000000000000000000000000000000000000000000000000000000000000000000000000000000000000000000000000000000000000000000000,124f,124f
GROUND,14,DOCKER,11,ea07051b061a26420802000000c20bac0002003f0d00002f07030002000000000000000000753d6eff180019000000000000000000000000000000000000000000000000000000000000000000000000000000000000000000000000000000000000000000000000000000,614f,614f
GROUND,14,DOCKER,11,ea07051b061a27460802000000b80ba5000000460d03002307020002000000000000000000773d6bff18001a000000000000000000000000000000000000000000000000000000000000000000000000000000000000000000000000000000000000000000000000000000,ce7e,ce7e
GROUND,14,DOCKER,11,ea07051b061a28470800000200b90bb0000000400d01002b07030001000000000000000000783d6bff180019000000000000000000000000000000000000000000000000000000000000000000000000000000000000000000000000000000000000000000000000000000,2f60,2f60
GROUND,14,DOCKER,11,ea07051b061a29490800000200b70bb3000200400d00002607200002000000000000000000753d6fff180019000000000000000000000000000000000000000000000000000000000000000000000000000000000000000000000000000000000000000000000000000000,1a15,1a15
GROUND,14,DOCKER,11,ea07051b061a2a400802000000bc0bad000000380d02002b07030002000000000000000000773d6bff180019000000000000000000000000000000000000000000000000000000000000000000000000000000000000000000000000000000000000000000000000000000,b713,b713
GROUND,14,DOCKER,11,ea07051b061a2b460801000100c00bab0000003f0d03002f07020001000000000000000000793d6dff180019000000000000000000000000000000000000000000000000000000000000000000000000000000000000000000000000000000000000000000000000000000,7065,7065
GROUND,14,DOCKER,11,ea07051b061a2c3f0800000200b70bae000200480d03002b07020001000000000000000000763d6fff180018000000000000000000000000000000000000000000000000000000000000000000000000000000000000000000000000000000000000000000000000000000,6280,6280
GROUND,14,DOCKER,11,ea07051b061a2d3b0800000000c00bb60002003d0d00003007030002000000000000000000763d6eff180019000000000000000000000000000000000000000000000000000000000000000000000000000000000000000000000000000000000000000000000000000000,f902,f902
GROUND,14,DOCKER,11,ea07051b061a2e3f0800000200cd0bab000200370d01002a07030002000000000000000000763d6bff180018000000000000000000000000000000000000000000000000000000000000000000000000000000000000000000000000000000000000000000000000000000,6d1b,6d1b
GROUND,14,DOCKER,11,ea07051b061a2f450800000100bb0bb00002003f0d00002c070a0002000000000000000000773d6aff180018000000000000000000000000000000000000000000000000000000000000000000000000000000000000000000000000000000000000000000000000000000,edcc,edcc
GROUND,14,DOCKER,11,ea07051b061a30430800000200ba0bb0000100470d03002807010001000000000000000000783d6eff180019000000000000000000000000000000000000000000000000000000000000000000000000000000000000000000000000000000000000000000000000000000,0719,0719
GROUND,14,DOCKER,11,ea07051b061a31400802000100b50bb0000200420d02002607010001000000000000000000763d6bff180019000000000000000000000000000000000000000000000000000000000000000000000000000000000000000000000000000000000000000000000000000000,20ca,20ca
GROUND,14,DOCKER,11,ea07051b061a32410800000200bf0bb8000200440d01002607010002000000000000000000763d6bff18001a000000000000000000000000000000000000000000000000000000000000000000000000000000000000000000000000000000000000000000000000000000,aa1e,aa1e
GROUND,14,DOCKER,11,ea07051b061a33370801000000c00bb3000200480d00002507040002000000000000000000753d6eff180019000000000000000000000000000000000000000000000000000000000000000000000000000000000000000000000000000000000000000000000000000000,8864,8864
GROUND,14,DOCKER,11,ea07051b061a34380801000100c00baa000000390d02002f07180002000000000000000000753d6dff180018000000000000000000000000000000000000000000000000000000000000000000000000000000000000000000000000000000000000000000000000000000,fa63,fa63
GROUND,14,DOCKER,11,ea07051b061a35480800000100bf0bae000200400d02002b07010002000000000000000000753d6dff180019000000000000000000000000000000000000000000000000000000000000000000000000000000000000000000000000000000000000000000000000000000,fe1a,fe1a
GROUND,14,DOCKER,11,ea07051b061a36400802000000b30ba7000000390d000032071e0001000000000000000000753d70ff180018000000000000000000000000000000000000000000000000000000000000000000000000000000000000000000000000000000000000000000000000000000,a3ce,a3ce
GROUND,14,DOCKER,11,ea07051b061a373f0802000000b80bad0001004b0d020028070c0002000000000000000000753d6aff18001a000000000000000000000000000000000000000000000000000000000000000000000000000000000000000000000000000000000000000000000000000000,535e,535e
GROUND,14,DOCKER,11,ea07051b061a38400800000200b70bae0000003a0d02002307030001000000000000000000763d6cff180019000000000000000000000000000000000000000000000000000000000000000000000000000000000000000000000000000000000000000000000000000000,593a,593a
GROUND,14,DOCKER,11,ea07051b061a39440800000200b80bae0000003f0d04003007010002000000000000000000763d6fff180019000000000000000000000000000000000000000000000000000000000000000000000000000000000000000000000000000000000000000000000000000000,b4f3,b4f3
GROUND,14,DOCKER,11,ea07051b061a3a3b0801000000c20bae000200380d02002d07010002000000000000000000763d6eff180018000000000000000000000000000000000000000000000000000000000000000000000000000000000000000000000000000000000000000000000000000000,7054,7054
GROUND,14,DOCKER,11,ea07051b061a3b3d0800000000c60b9b000000400d02002907030001000000000000000000743d6cff180019000000000000000000000000000000000000000000000000000000000000000000000000000000000000000000000000000000000000000000000000000000,edec,edec
GROUND,14,DOCKER,11,ea07051b061b00400800000000c00bae0001003d0d03002f07010002000000000000000000753d6cff180018000000000000000000000000000000000000000000000000000000000000000000000000000000000000000000000000000000000000000000000000000000,0355,0355
GROUND,14,DOCKER,11,ea07051b061b01400800000200c40bb0000200440d02002607000002000000000000000000753d6bff180019000000000000000000000000000000000000000000000000000000000000000000000000000000000000000000000000000000000000000000000000000000,31cb,31cb
GROUND,14,DOCKER,11,ea07051b061b023e0800000000ba0bb4000200470d01002d07010002000000000000000000753d6dff180019000000000000000000000000000000000000000000000000000000000000000000000000000000000000000000000000000000000000000000000000000000,82c0,82c0
GROUND,14,DOCKER,11,ea07051b061b03400801000000c00bab0000003b0d02002f07030002000000000000000000763d6fff180018000000000000000000000000000000000000000000000000000000000000000000000000000000000000000000000000000000000000000000000000000000,7f0b,7f0b
GROUND,14,DOCKER,11,ea07051b061b04440802000000be0bae000200380d01002707080001000000000000000000743d6cff180018000000000000000000000000000000000000000000000000000000000000000000000000000000000000000000000000000000000000000000000000000000,9498,9498
GROUND,14,DOCKER,11,ea07051b061b05400800000200bf0bae0001003f0d01002607110002000000000000000000753d6cff180018000000000000000000000000000000000000000000000000000000000000000000000000000000000000000000000000000000000000000000000000000000,28ef,28ef
GROUND,14,DOCKER,11,ea07051b061b06450801000200c70bb4000200400d00002907030002000000000000000000743d6eff180019000000000000000000000000000000000000000000000000000000000000000000000000000000000000000000000000000000000000000000000000000000,b5d0,b5d0
GROUND,14,DOCKER,11,ea07051b061b07490800000100c00bac0000003d0d00002c07030002000000000000000000743d6eff180018000000000000000000000000000000000000000000000000000000000000000000000000000000000000000000000000000000000000000000000000000000,68e2,68e2
GROUND,14,DOCKER,11,ea07051b061b083f0802000000c30bb1000200390d02002e07030002000000000000000000743d6eff180018000000000000000000000000000000000000000000000000000000000000000000000000000000000000000000000000000000000000000000000000000000,5789,5789
GROUND,14,DOCKER,11,ea07051b061b09420801000200c10ba40001003e0d03002e07020002000000000000000000733d6eff180019000000000000000000000000000000000000000000000000000000000000000000000000000000000000000000000000000000000000000000000000000000,b1d5,b1d5
GROUND,14,DOCKER,11,ea07051b061b0a3b0801000000bf0bae0001003f0d01002e07010002000000000000000000743d6fff180018000000000000000000000000000000000000000000000000000000000000000000000000000000000000000000000000000000000000000000000000000000,4ae5,4ae5
GROUND,14,DOCKER,11,ea07051b061b0b3f0802000000c00bb00002003d0d02002f07000001000000000000000000733d6dff180019000000000000000000000000000000000000000000000000000000000000000000000000000000000000000000000000000000000000000000000000000000,fb55,fb55
GROUND,14,DOCKER,11,ea07051b061b0c3c0801000000bb0bac0001003a0d02002d071f0001000000000000000000753d6aff180019000000000000000000000000000000000000000000000000000000000000000000000000000000000000000000000000000000000000000000000000000000,f05d,f05d
GROUND,14,DOCKER,11,ea07051b061b0d410801000200b70ba4000000490d03002807040001000000000000000000743d6fff180019000000000000000000000000000000000000000000000000000000000000000000000000000000000000000000000000000000000000000000000000000000,3dab,3dab
GROUND,14,DOCKER,11,ea07051b061b0e440801000200b90bae000100470d020029071d0001000000000000000000743d6aff180018000000000000000000000000000000000000000000000000000000000000000000000000000000000000000000000000000000000000000000000000000000,b815,b815
GROUND,14,DOCKER,11,ea07051b061b0f470802000000b80baf000100460d02002607070001000000000000000000753d6bff180018000000000000000000000000000000000000000000000000000000000000000000000000000000000000000000000000000000000000000000000000000000,4440,4440
GROUND,14,DOCKER,11,ea07051b061b10480801000200c00ba80002003f0d00002d07030002000000000000000000743d6fff180019000000000000000000000000000000000000000000000000000000000000000000000000000000000000000000000000000000000000000000000000000000,1aeb,1aeb
GROUND,14,DOCKER,11,ea07051b061b11410800000100bf0ba8000000380d03002907010001000000000000000000733d6bff180019000000000000000000000000000000000000000000000000000000000000000000000000000000000000000000000000000000000000000000000000000000,c18f,c18f
GROUND,14,DOCKER,11,ea07051b061b123f0802000000bf0bae000000380d02002c07010002000000000000000000733d6cff180019000000000000000000000000000000000000000000000000000000000000000000000000000000000000000000000000000000000000000000000000000000,99e1,99e1
GROUND,14,DOCKER,11,ea07051b061b13460801000000c30baf0000003f0d03002807030002000000000000000000743d6fff180018000000000000000000000000000000000000000000000000000000000000000000000000000000000000000000000000000000000000000000000000000000,523e,523e
GROUND,14,DOCKER,11,ea07051b061b14400801000200b70ba6000000490d03002307020001000000000000000000733d6fff180019000000000000000000000000000000000000000000000000000000000000000000000000000000000000000000000000000000000000000000000000000000,f591,f591
GROUND,14,DOCKER,11,ea07051b061b153d0800000200c00ba6000200400d01002407030002000000000000000000723d6bff18001a000000000000000000000000000000000000000000000000000000000000000000000000000000000000000000000000000000000000000000000000000000,a1ca,a1ca
GROUND,14,DOCKER,11,ea07051b061b16490800000100c40bad0001003f0d000025070b0002000000000000000000713d6cff180019000000000000000000000000000000000000000000000000000000000000000000000000000000000000000000000000000000000000000000000000000000,7b99,7b99
GROUND,14,DOCKER,11,ea07051b061b17450802000200c00bb2000200400d00002d07020002000000000000000000743d6fff18001a000000000000000000000000000000000000000000000000000000000000000000000000000000000000000000000000000000000000000000000000000000,6082,6082
GROUND,14,DOCKER,11,ea07051b061b183f0800000200c00ba90001003c0d03002e07020001000000000000000000723d6cff180019000000000000000000000000000000000000000000000000000000000000000000000000000000000000000000000000000000000000000000000000000000,38f9,38f9
GROUND,14,DOCKER,11,ea07051b061b19450800000200b70bb40002004a0d03002c07030002000000000000000000723d6eff180018000000000000000000000000000000000000000000000000000000000000000000000000000000000000000000000000000000000000000000000000000000,f87a,f87a
GROUND,14,DOCKER,11,ea07051b061b1a3c0801000100b80baf000000440d02002607030002000000000000000000723d6eff180019000000000000000000000000000000000000000000000000000000000000000000000000000000000000000000000000000000000000000000000000000000,dc2a,dc2a
GROUND,14,DOCKER,11,ea07051b061b1b470801000100bf0bae000000400d02002a07200002000000000000000000733d6cff180019000000000000000000000000000000000000000000000000000000000000000000000000000000000000000000000000000000000000000000000000000000,8095,8095
GROUND,14,DOCKER,11,ea07051b061b1c4a0801000200c60bb10002003d0d01003107010002000000000000000000733d6aff18001a000000000000000000000000000000000000000000000000000000000000000000000000000000000000000000000000000000000000000000000000000000,f16d,f16d
GROUND,14,DOCKER,11,ea07051b061b1d480800000200b80bbd0001003d0d00002b07010002000000000000000000723d6fff180019000000000000000000000000000000000000000000000000000000000000000000000000000000000000000000000000000000000000000000000000000000,4004,4004
GROUND,14,DOCKER,11,ea07051b061b1e460802000100bb0bb0000300400d00002707020002000000000000000000733d6dff18001a000000000000000000000000000000000000000000000000000000000000000000000000000000000000000000000000000000000000000000000000000000,08c2,08c2
GROUND,14,DOCKER,11,ea07051b061b1f400800000200b70b9d000000490d020025070a0002000000000000000000703d6dff180019000000000000000000000000000000000000000000000000000000000000000000000000000000000000000000000000000000000000000000000000000000,eb5b,eb5b
GROUND,14,DOCKER,11,ea07051b061b20460800000200c40bb80001003b0d02002b07050002000000000000000000723d6fff180019000000000000000000000000000000000000000000000000000000000000000000000000000000000000000000000000000000000000000000000000000000,b6e7,b6e7
GROUND,14,DOCKER,11,ea07051b061b21480802000200b80bb0000100400d02002707010001000000000000000000723d6dff180019000000000000000000000000000000000000000000000000000000000000000000000000000000000000000000000000000000000000000000000000000000,fa72,fa72
GROUND,14,DOCKER,11,ea07051b061b22440802000200b60bac0001003d0d02002c07020002000000000000000000723d68ff180019000000000000000000000000000000000000000000000000000000000000000000000000000000000000000000000000000000000000000000000000000000,b563,b563
GROUND,14,DOCKER,11,ea07051b061b233d0801000100bf0bac000100440d01002807030001000000000000000000733d69ff180019000000000000000000000000000000000000000000000000000000000000000000000000000000000000000000000000000000000000000000000000000000,2271,2271
GROUND,14,DOCKER,11,ea07051b061b243d0800000100c20bb9000200380d00002b07010002000000000000000000723d6eff180019000000000000000000000000000000000000000000000000000000000000000000000000000000000000000000000000000000000000000000000000000000,cdc8,cdc8
GROUND,14,DOCKER,11,ea07051b061b25490800000000bb0ba8000200440d00002407040001000000000000000000713d6cff180019000000000000000000000000000000000000000000000000000000000000000000000000000000000000000000000000000000000000000000000000000000,1198,1198
GROUND,14,DOCKER,11,ea07051b061b26420801000100c00bae000100400d03002c071a0002000000000000000000723d6dff180019000000000000000000000000000000000000000000000000000000000000000000000000000000000000000000000000000000000000000000000000000000,da03,da03
GROUND,14,DOCKER,11,ea07051b061b27420801000200b70baf000200400d00002507020002000000000000000000723d6dff180018000000000000000000000000000000000000000000000000000000000000000000000000000000000000000000000000000000000000000000000000000000,cab4,cab4
GROUND,14,DOCKER,11,ea07051b061b284b0802000000b70bb0000200440d02002b07020001000000000000000000723d6dff180019000000000000000000000000000000000000000000000000000000000000000000000000000000000000000000000000000000000000000000000000000000,9257,9257
GROUND,14,DOCKER,11,ea07051b061b29470801000000c00bb0000200470d03002807040002000000000000000000733d6eff180019000000000000000000000000000000000000000000000000000000000000000000000000000000000000000000000000000000000000000000000000000000,cde1,cde1
GROUND,14,DOCKER,11,ea07051b061b2a3f0801000000b80ba10001003f0d02002607020002000000000000000000713d6dff18001a000000000000000000000000000000000000000000000000000000000000000000000000000000000000000000000000000000000000000000000000000000,fca9,fca9
GROUND,14,DOCKER,11,ea07051b061b2b480801000000bf0bb60002003f0d00002a07020001000000000000000000723d6bff180019000000000000000000000000000000000000000000000000000000000000000000000000000000000000000000000000000000000000000000000000000000,6a79,6a79
GROUND,14,DOCKER,11,ea07051b061b2c470801000100c50b9e0000003b0d02002c07030002000000000000000000723d6fff18001a000000000000000000000000000000000000000000000000000000000000000000000000000000000000000000000000000000000000000000000000000000,5d69,5d69
GROUND,14,DOCKER,11,ea07051b061b2d3d0800000100bd0bad000300440d00002b07030002000000000000000000713d6fff18001a000000000000000000000000000000000000000000000000000000000000000000000000000000000000000000000000000000000000000000000000000000,abb8,abb8
GROUND,14,DOCKER,11,ea07051b061b2e470801000000c40ba20001003a0d02002f07020001000000000000000000723d6bff180018000000000000000000000000000000000000000000000000000000000000000000000000000000000000000000000000000000000000000000000000000000,7acf,7acf
GROUND,14,DOCKER,11,ea07051b061b2f3f0802000000bf0bad0002003f0d02002e07010002000000000000000000723d6dff180019000000000000000000000000000000000000000000000000000000000000000000000000000000000000000000000000000000000000000000000000000000,2a43,2a43
GROUND,14,DOCKER,11,ea07051b061b30480801000100b70bb2000200480d000024070e0002000000000000000000733d6bff18001a000000000000000000000000000000000000000000000000000000000000000000000000000000000000000000000000000000000000000000000000000000,e1be,e1be
GROUND,14,DOCKER,11,ea07051b061b31400800000200b70ba00000004d0d03002507020002000000000000000000703d69ff18001a000000000000000000000000000000000000000000000000000000000000000000000000000000000000000000000000000000000000000000000000000000,0fd1,0fd1
GROUND,14,DOCKER,11,ea07051b061b32400800000200b80bae000200400d00002b07020002000000000000000000713d6dff18001a000000000000000000000000000000000000000000000000000000000000000000000000000000000000000000000000000000000000000000000000000000,11ed,11ed
GROUND,14,DOCKER,11,ea07051b061b33450802000000c10bb00002003d0d01002c07090002000000000000000000713d6fff180019000000000000000000000000000000000000000000000000000000000000000000000000000000000000000000000000000000000000000000000000000000,13ad,13ad
GROUND,14,DOCKER,11,ea07051b061b34420800000200b50bac0002004a0d03002407010002000000000000000000713d6dff180019000000000000000000000000000000000000000000000000000000000000000000000000000000000000000000000000000000000000000000000000000000,fbd8,fbd8
GROUND,14,DOCKER,11,ea07051b061b35460801000200bf0bb1000300410d00002b070f0002000000000000000000723d6cff180019000000000000000000000000000000000000000000000000000000000000000000000000000000000000000000000000000000000000000000000000000000,616e,616e
GROUND,14,DOCKER,11,ea07051b061b363f0801000100bf0ba70002004c0d02002607000003000000000000000000713d6eff180019000000000000000000000000000000000000000000000000000000000000000000000000000000000000000000000000000000000000000000000000000000,99e1,99e1
GROUND,14,DOCKER,11,ea07051b061b374f0802000000b30bb1000200480d01002807020002000000000000000000703d6eff18001a000000000000000000000000000000000000000000000000000000000000000000000000000000000000000000000000000000000000000000000000000000,82b9,82b9
GROUND,14,DOCKER,11,ea07051b061b38470802000000bf0bb7000200440d000027071f00010000000000000000006f3d6cff180018000000000000000000000000000000000000000000000000000000000000000000000000000000000000000000000000000000000000000000000000000000,8b84,8b84
GROUND,14,DOCKER,11,ea07051b061b39450802000000bb0bb8000200390d00002f07010002000000000000000000713d6cff180019000000000000000000000000000000000000000000000000000000000000000000000000000000000000000000000000000000000000000000000000000000,713e,713e
GROUND,14,DOCKER,11,ea07051b061b3a3d0801000200bd0bb10000003a0d02002d07020001000000000000000000713d6dff18001a000000000000000000000000000000000000000000000000000000000000000000000000000000000000000000000000000000000000000000000000000000,0942,0942
GROUND,14,DOCKER,11,ea07051b061b3b400802000000c00bae000200370d01002b071e0002000000000000000000703d6cff180019000000000000000000000000000000000000000000000000000000000000000000000000000000000000000000000000000000000000000000000000000000,78ed,78ed
GROUND,14,DOCKER,11,ea07051b061c00400800000100b70ba80000004a0d02002307040002000000000000000000713d6fff180019000000000000000000000000000000000000000000000000000000000000000000000000000000000000000000000000000000000000000000000000000000,daf8,daf8
GROUND,14,DOCKER,11,ea07051b061c01400801000000b70bae000200480d00002807010002000000000000000000703d6eff18001a000000000000000000000000000000000000000000000000000000000000000000000000000000000000000000000000000000000000000000000000000000,690b,690b
GROUND,14,DOCKER,11,ea07051b061c02460802000000c50bad000000390d02002907020001000000000000000000703d6bff180018000000000000000000000000000000000000000000000000000000000000000000000000000000000000000000000000000000000000000000000000000000,45a6,45a6
GROUND,14,DOCKER,11,ea07051b06212d3d0800000200c60bb8000200370d01002d07260001000000000000000000813d6bff180015000000000000000000000000000000000000000000000000000000000000000000000000000000000000000000000000000000000000000000000000000000,74b3,74b3
GROUND,14,DOCKER,11,ea07051b06212e450802000100b80bb60000004d0d010034070300020000000000000000007f3d6cff180017000000000000000000000000000000000000000000000000000000000000000000000000000000000000000000000000000000000000000000000000000000,02f8,02f8
GROUND,14,DOCKER,11,ea07051b06212f3d0800000200c10bb9000200380d020027070000010000000000000000007e3d67ff180017000000000000000000000000000000000000000000000000000000000000000000000000000000000000000000000000000000000000000000000000000000,9b37,9b37
GROUND,14,DOCKER,11,ea07051b062130460801000100ba0bb5000200400d020025070300010000000000000000007e3d61ff180016000000000000000000000000000000000000000000000000000000000000000000000000000000000000000000000000000000000000000000000000000000,508e,508e
GROUND,14,DOCKER,11,ea07051b062131460802000100b70bb8000200490d030024070600020000000000000000007c3d67ff180017000000000000000000000000000000000000000000000000000000000000000000000000000000000000000000000000000000000000000000000000000000,77ef,77ef
GROUND,14,DOCKER,11,ea07051b062132400802000100b80bb9000000470d01002a071d00020000000000000000007d3d69ff180018000000000000000000000000000000000000000000000000000000000000000000000000000000000000000000000000000000000000000000000000000000,5161,5161
GROUND,14,DOCKER,11,ea07051b062133470800000200b50bbd000200370d00002d070200010000000000000000007c3d67ff180017000000000000000000000000000000000000000000000000000000000000000000000000000000000000000000000000000000000000000000000000000000,abd6,abd6
GROUND,14,DOCKER,11,ea07051b0621344b0802000000b60bbb000200340d000022070100010000000000000000007d3d69ff180017000000000000000000000000000000000000000000000000000000000000000000000000000000000000000000000000000000000000000000000000000000,8bc2,8bc2
GROUND,14,DOCKER,11,ea07051b062135400802000000b00bb90001004d0d01002a070300010000000000000000007b3d69ff180016000000000000000000000000000000000000000000000000000000000000000000000000000000000000000000000000000000000000000000000000000000,ff79,ff79
GROUND,14,DOCKER,11,ea07051b062136470801000200c00bc70002003b0d02002a070400020000000000000000007c3d67ff180017000000000000000000000000000000000000000000000000000000000000000000000000000000000000000000000000000000000000000000000000000000,c638,c638
GROUND,14,DOCKER,11,ea07051b062137470802000000b50bbb000200390d02002f070400010000000000000000007b3d63ff180017000000000000000000000000000000000000000000000000000000000000000000000000000000000000000000000000000000000000000000000000000000,d40a,d40a
GROUND,14,DOCKER,11,ea07051b0621383f0800000000bf0bc1000200420d000027070100010000000000000000007b3d64ff180016000000000000000000000000000000000000000000000000000000000000000000000000000000000000000000000000000000000000000000000000000000,9170,9170
GROUND,14,DOCKER,11,ea07051b0621393c0802000000c00bb8000000390d00002e070300020000000000000000007a3d67ff180016000000000000000000000000000000000000000000000000000000000000000000000000000000000000000000000000000000000000000000000000000000,c36b,c36b
GROUND,14,DOCKER,11,ea07051b06213a420802000000c60bb8000000470d02002c07030001000000000000000000793d67ff180016000000000000000000000000000000000000000000000000000000000000000000000000000000000000000000000000000000000000000000000000000000,07eb,07eb
GROUND,14,DOCKER,11,ea07051b06213b490801000000b40bb80004003f0d03002807090002000000000000000000783d68ff180017000000000000000000000000000000000000000000000000000000000000000000000000000000000000000000000000000000000000000000000000000000,c7c7,c7c7
GROUND,14,DOCKER,11,ea07051b0622004d0800000200b80bb60002003f0d02002907010002000000000000000000793d67ff180017000000000000000000000000000000000000000000000000000000000000000000000000000000000000000000000000000000000000000000000000000000,92e2,92e2
GROUND,14,DOCKER,11,ea07051b062201440801000000bf0bba000200380d02002b07030001000000000000000000783d67ff180017000000000000000000000000000000000000000000000000000000000000000000000000000000000000000000000000000000000000000000000000000000,9ddd,9ddd
GROUND,14,DOCKER,11,ea07051b0622023e0800000100c30bb40002003f0d00002607030002000000000000000000793d69ff180018000000000000000000000000000000000000000000000000000000000000000000000000000000000000000000000000000000000000000000000000000000,c597,c597
GROUND,14,DOCKER,11,ea07051b062203400800000000b30bb70002003a0d02002707090001000000000000000000763d68ff180018000000000000000000000000000000000000000000000000000000000000000000000000000000000000000000000000000000000000000000000000000000,56dc,56dc
GROUND,14,DOCKER,11,ea07051b062204460801000100c50bbe0002003b0d00002e07080002000000000000000000773d64ff180017000000000000000000000000000000000000000000000000000000000000000000000000000000000000000000000000000000000000000000000000000000,604c,604c
GROUND,14,DOCKER,11,ea07051b062205400801000100c50ba50002004f0d00002807040001000000000000000000753d65ff180016000000000000000000000000000000000000000000000000000000000000000000000000000000000000000000000000000000000000000000000000000000,9ad9,9ad9
GROUND,14,DOCKER,11,ea07051b0622064a0800000200b90ba10000003f0d02002b07000002000000000000000000783d6dff180017000000000000000000000000000000000000000000000000000000000000000000000000000000000000000000000000000000000000000000000000000000,2f12,2f12
GROUND,14,DOCKER,11,ea07051b0622073d0800000100b70bac000200470d01002807030002000000000000000000783d6bff180017000000000000000000000000000000000000000000000000000000000000000000000000000000000000000000000000000000000000000000000000000000,3112,3112
GROUND,14,DOCKER,11,ea07051b062208420801000200bc0bb3000100440d03002607020002000000000000000000783d6eff180018000000000000000000000000000000000000000000000000000000000000000000000000000000000000000000000000000000000000000000000000000000,918a,918a
GROUND,14,DOCKER,11,ea07051b0622093c0800000200bc0bab000000450d02002707030002000000000000000000763d6eff180018000000000000000000000000000000000000000000000000000000000000000000000000000000000000000000000000000000000000000000000000000000,238f,238f
GROUND,14,DOCKER,11,ea07051b06220a470802000200bd0bae0002004e0d00002507030001000000000000000000763d6aff180018000000000000000000000000000000000000000000000000000000000000000000000000000000000000000000000000000000000000000000000000000000,42d9,42d9
GROUND,14,DOCKER,11,ea07051b06220b460802000000ba0ba6000200480d00003007020001000000000000000000763d6bff180017000000000000000000000000000000000000000000000000000000000000000000000000000000000000000000000000000000000000000000000000000000,8257,8257
GROUND,14,DOCKER,11,ea07051b06220c430800000200c40bb0000100420d02002707020002000000000000000000773d6fff180017000000000000000000000000000000000000000000000000000000000000000000000000000000000000000000000000000000000000000000000000000000,3be6,3be6
GROUND,14,DOCKER,11,ea07051b06220d480800000200ba0bb80002003f0d00002d07020002000000000000000000783d6bff180017000000000000000000000000000000000000000000000000000000000000000000000000000000000000000000000000000000000000000000000000000000,8f6c,8f6c
GROUND,14,DOCKER,11,ea07051b06220e4a0801000100bf0bb4000200400d01002907000001000000000000000000783d6dff180018000000000000000000000000000000000000000000000000000000000000000000000000000000000000000000000000000000000000000000000000000000,6c92,6c92
GROUND,14,DOCKER,11,ea07051b06220f400800000200bb0b9b000000480d02002707010002000000000000000000763d6fff180017000000000000000000000000000000000000000000000000000000000000000000000000000000000000000000000000000000000000000000000000000000,6076,6076
GROUND,14,DOCKER,11,ea07051b062210420801000200b80bb00004003b0d00002d07020002000000000000000000773d6dff180017000000000000000000000000000000000000000000000000000000000000000000000000000000000000000000000000000000000000000000000000000000,915c,915c
GROUND,14,DOCKER,11,ea07051b0622114b0800000200c40bb00001003d0d00002f07030002000000000000000000753d69ff180017000000000000000000000000000000000000000000000000000000000000000000000000000000000000000000000000000000000000000000000000000000,3669,3669
GROUND,14,DOCKER,11,ea07051b0622123f0800000200c40bb6000300370d00002b07020000000000000000000000763d69ff180017000000000000000000000000000000000000000000000000000000000000000000000000000000000000000000000000000000000000000000000000000000,e6e6,e6e6
GROUND,14,DOCKER,11,ea07051b062213400801000100c00bae000000490d02002607030002000000000000000000753d6eff180018000000000000000000000000000000000000000000000000000000000000000000000000000000000000000000000000000000000000000000000000000000,907c,907c
GROUND,14,DOCKER,11,ea07051b062214450800000200c80bab000100370d03002c07100002000000000000000000773d6dff180017000000000000000000000000000000000000000000000000000000000000000000000000000000000000000000000000000000000000000000000000000000,7acd,7acd
GROUND,14,DOCKER,11,ea07051b062215470802000200b80bae0001004d0d02002807000002000000000000000000753d6dff180018000000000000000000000000000000000000000000000000000000000000000000000000000000000000000000000000000000000000000000000000000000,4b5e,4b5e
GROUND,14,DOCKER,11,ea07051b0622163f0800000200b50bb1000100460d02002907010002000000000000000000763d6dff180018000000000000000000000000000000000000000000000000000000000000000000000000000000000000000000000000000000000000000000000000000000,39fb,39fb
GROUND,14,DOCKER,11,ea07051b062217400802000200c40bb3000200480d00002a07020002000000000000000000753d6dff180016000000000000000000000000000000000000000000000000000000000000000000000000000000000000000000000000000000000000000000000000000000,d608,d608
GROUND,14,DOCKER,11,ea07051b062218460802000000b90bb1000200450d00002a07020002000000000000000000773d6fff180017000000000000000000000000000000000000000000000000000000000000000000000000000000000000000000000000000000000000000000000000000000,2c52,2c52
GROUND,14,DOCKER,11,ea07051b0622193b0801000200b70b9e000000480d020028071b0002000000000000000000733d6fff180018000000000000000000000000000000000000000000000000000000000000000000000000000000000000000000000000000000000000000000000000000000,33a0,33a0
GROUND,14,DOCKER,11,ea07051b06221a400801000000c70bb00001004b0d02002607020001000000000000000000743d6cff180018000000000000000000000000000000000000000000000000000000000000000000000000000000000000000000000000000000000000000000000000000000,1994,1994
GROUND,14,DOCKER,11,ea07051b06221b400801000000bf0bb0000200400d02002b07010001000000000000000000753d69ff180017000000000000000000000000000000000000000000000000000000000000000000000000000000000000000000000000000000000000000000000000000000,26c1,26c1
GROUND,14,DOCKER,11,ea07051b06221c440802000100c80bb1000100370d02002d07010001000000000000000000743d6dff180017000000000000000000000000000000000000000000000000000000000000000000000000000000000000000000000000000000000000000000000000000000,1448,1448
GROUND,14,DOCKER,11,ea07051b06221d460801000200b80bb00000004c0d02002507110001000000000000000000733d6eff180018000000000000000000000000000000000000000000000000000000000000000000000000000000000000000000000000000000000000000000000000000000,a6b7,a6b7
GROUND,14,DOCKER,11,ea07051b06221e3d0800000100bf0bab000100470d02002707000002000000000000000000743d6cff180018000000000000000000000000000000000000000000000000000000000000000000000000000000000000000000000000000000000000000000000000000000,f6a4,f6a4
GROUND,14,DOCKER,11,ea07051b06221f4a0801000200c00bad0002004b0d010028071c0002000000000000000000743d6eff180018000000000000000000000000000000000000000000000000000000000000000000000000000000000000000000000000000000000000000000000000000000,f3b7,f3b7
GROUND,14,DOCKER,11,ea07051b062220470800000100b80bad0001003f0d02002807030001000000000000000000743d6cff180018000000000000000000000000000000000000000000000000000000000000000000000000000000000000000000000000000000000000000000000000000000,406d,406d
GROUND,14,DOCKER,11,ea07051b062221450801000000c80bb5000200370d00002f07020002000000000000000000723d6cff180017000000000000000000000000000000000000000000000000000000000000000000000000000000000000000000000000000000000000000000000000000000,b7cd,b7cd
GROUND,14,DOCKER,11,ea07051b062222420802000100b70bab000000400d03002307020002000000000000000000743d6fff180018000000000000000000000000000000000000000000000000000000000000000000000000000000000000000000000000000000000000000000000000000000,ec5f,ec5f
GROUND,14,DOCKER,11,ea07051b062223480800000200b50bac000100470d02002507010002000000000000000000733d6cff180017000000000000000000000000000000000000000000000000000000000000000000000000000000000000000000000000000000000000000000000000000000,331c,331c
GROUND,14,DOCKER,11,ea07051b062224450802000000c00bac0000003b0d02002d07020002000000000000000000723d69ff180018000000000000000000000000000000000000000000000000000000000000000000000000000000000000000000000000000000000000000000000000000000,406e,406e
GROUND,14,DOCKER,11,ea07051b062225480802000000c40bb1000100460d01002707020002000000000000000000743d6eff180017000000000000000000000000000000000000000000000000000000000000000000000000000000000000000000000000000000000000000000000000000000,675f,675f
GROUND,14,DOCKER,11,ea07051b062226460801000000ca0baa000000370d02002d07040001000000000000000000733d6eff180017000000000000000000000000000000000000000000000000000000000000000000000000000000000000000000000000000000000000000000000000000000,141f,141f
GROUND,14,DOCKER,11,ea07051b0622273c0800000200b80bb30002003b0d00002d07030002000000000000000000743d6dff180017000000000000000000000000000000000000000000000000000000000000000000000000000000000000000000000000000000000000000000000000000000,8634,8634
GROUND,14,DOCKER,11,ea07051b062228420801000000ba0bba000200440d00002707020002000000000000000000723d6eff180019000000000000000000000000000000000000000000000000000000000000000000000000000000000000000000000000000000000000000000000000000000,feb6,feb6
GROUND,14,DOCKER,11,ea07051b062229460802000000b80baa0000003f0d02002c070b0002000000000000000000733d6aff180017000000000000000000000000000000000000000000000000000000000000000000000000000000000000000000000000000000000000000000000000000000,09f6,09f6
GROUND,14,DOCKER,11,ea07051b06222a490802000000c00bb0000100380d03002b07030001000000000000000000733d6cff180017000000000000000000000000000000000000000000000000000000000000000000000000000000000000000000000000000000000000000000000000000000,ee0c,ee0c
GROUND,14,DOCKER,11,ea07051b06222b440802000000b60bb00002004c0d00002c07010002000000000000000000713d6fff180018000000000000000000000000000000000000000000000000000000000000000000000000000000000000000000000000000000000000000000000000000000,0993,0993
GROUND,14,DOCKER,11,ea07051b06222c420800000100bf0ba8000100470d03002807060002000000000000000000723d6fff180017000000000000000000000000000000000000000000000000000000000000000000000000000000000000000000000000000000000000000000000000000000,fdad,fdad
GROUND,14,DOCKER,11,ea07051b06222d400801000200b80bad0002003f0d00002a07020002000000000000000000723d6cff180018000000000000000000000000000000000000000000000000000000000000000000000000000000000000000000000000000000000000000000000000000000,7fba,7fba
GROUND,14,DOCKER,11,ea07051b06222e3c0801000100b60bb6000200440d02002407040001000000000000000000713d6aff180018000000000000000000000000000000000000000000000000000000000000000000000000000000000000000000000000000000000000000000000000000000,e26f,e26f
GROUND,14,DOCKER,11,ea07051b06222f430801000000b30bb2000200380d02002e07000002000000000000000000713d6aff180017000000000000000000000000000000000000000000000000000000000000000000000000000000000000000000000000000000000000000000000000000000,d516,d516
GROUND,14,DOCKER,11,ea07051b062230400802000200b30baa000200460d01002907020001000000000000000000713d6aff180018000000000000000000000000000000000000000000000000000000000000000000000000000000000000000000000000000000000000000000000000000000,ecfe,ecfe
GROUND,14,DOCKER,11,ea07051b0622313f0800000200b40ba90001003f0d02002c07030002000000000000000000703d6cff180018000000000000000000000000000000000000000000000000000000000000000000000000000000000000000000000000000000000000000000000000000000,a967,a967
GROUND,14,DOCKER,11,ea07051b062232420800000100b80ba6000200400d02002707030001000000000000000000713d6dff180018000000000000000000000000000000000000000000000000000000000000000000000000000000000000000000000000000000000000000000000000000000,851d,851d
GROUND,14,DOCKER,11,ea07051b062233420801000200c00baa000000480d02002407030002000000000000000000713d6dff180018000000000000000000000000000000000000000000000000000000000000000000000000000000000000000000000000000000000000000000000000000000,6122,6122
GROUND,14,DOCKER,11,ea07051b062234400802000000c40ba40002003a0d00002707020001000000000000000000723d6bff180017000000000000000000000000000000000000000000000000000000000000000000000000000000000000000000000000000000000000000000000000000000,8981,8981
GROUND,14,DOCKER,11,ea07051b062235420800000100b70bb2000200480d020025071a0001000000000000000000723d6bff180019000000000000000000000000000000000000000000000000000000000000000000000000000000000000000000000000000000000000000000000000000000,78f0,78f0
GROUND,14,DOCKER,11,ea07051b062236400800000100c30baa0002004d0d00002a07030001000000000000000000733d6fff180018000000000000000000000000000000000000000000000000000000000000000000000000000000000000000000000000000000000000000000000000000000,9da7,9da7
GROUND,14,DOCKER,11,ea07051b062237460801000100c30baf000200400d01002b07030002000000000000000000713d6cff180017000000000000000000000000000000000000000000000000000000000000000000000000000000000000000000000000000000000000000000000000000000,8a01,8a01
GROUND,14,DOCKER,11,ea07051b062238450802000000ba0bad0001003f0d03002e07020001000000000000000000713d6cff180019000000000000000000000000000000000000000000000000000000000000000000000000000000000000000000000000000000000000000000000000000000,94bd,94bd
GROUND,14,DOCKER,11,ea07051b062239400800000200c00bb1000100390d01002b07030001000000000000000000703d6eff180017000000000000000000000000000000000000000000000000000000000000000000000000000000000000000000000000000000000000000000000000000000,e8f8,e8f8
GROUND,14,DOCKER,11,ea07051b06223a3f0802000000ba0baf0002003f0d00003007010002000000000000000000713d6dff180018000000000000000000000000000000000000000000000000000000000000000000000000000000000000000000000000000000000000000000000000000000,eafb,eafb
GROUND,14,DOCKER,11,ea07051b06223b4a0802000000b40ba1000200480d01002407060001000000000000000000703d6aff180018000000000000000000000000000000000000000000000000000000000000000000000000000000000000000000000000000000000000000000000000000000,9e4c,9e4c
GROUND,14,DOCKER,11,ea07051b062300420802000100ba0baf000200420d00002507010003000000000000000000703d6fff180018000000000000000000000000000000000000000000000000000000000000000000000000000000000000000000000000000000000000000000000000000000,1b24,1b24
GROUND,14,DOCKER,11,ea07051b0623013d0800000200bf0ba8000000490d02002807020001000000000000000000713d6bff180018000000000000000000000000000000000000000000000000000000000000000000000000000000000000000000000000000000000000000000000000000000,b8f7,b8f7
GROUND,14,DOCKER,11,ea07051b0623024b0802000100b60bb0000100450d03002c07020002000000000000000000713d68ff180018000000000000000000000000000000000000000000000000000000000000000000000000000000000000000000000000000000000000000000000000000000,9650,9650
GROUND,14,DOCKER,11,ea07051b062303460800000100c60ba6000100400d01002907020001000000000000000000703d6dff180018000000000000000000000000000000000000000000000000000000000000000000000000000000000000000000000000000000000000000000000000000000,7ca9,7ca9
GROUND,14,DOCKER,11,ea07051b062304430802000100b90bb0000200480d000025070a0002000000000000000000713d6cff180018000000000000000000000000000000000000000000000000000000000000000000000000000000000000000000000000000000000000000000000000000000,9a3a,9a3a
GROUND,14,DOCKER,11,ea07051b062305440802000000bb0ba10000003d0d02002c070200010000000000000000006f3d6cff180018000000000000000000000000000000000000000000000000000000000000000000000000000000000000000000000000000000000000000000000000000000,d9f1,d9f1
GROUND,14,DOCKER,11,ea07051b0623063f0802000000ba0ba80002003f0d00002e070300020000000000000000006f3d6dff180019000000000000000000000000000000000000000000000000000000000000000000000000000000000000000000000000000000000000000000000000000000,fb43,fb43
GROUND,14,DOCKER,11,ea07051b062307480801000100b40ba90000004b0d03002807040001000000000000000000713d6cff180018000000000000000000000000000000000000000000000000000000000000000000000000000000000000000000000000000000000000000000000000000000,1564,1564
GROUND,14,DOCKER,11,ea07051b062308420801000000b50bb0000100360d01002f07020001000000000000000000703d6cff180018000000000000000000000000000000000000000000000000000000000000000000000000000000000000000000000000000000000000000000000000000000,aac8,aac8
GROUND,14,DOCKER,11,ea07051b062309440801000200c00bb80002003b0d000027070200020000000000000000006f3d6cff180018000000000000000000000000000000000000000000000000000000000000000000000000000000000000000000000000000000000000000000000000000000,4e34,4e34
GROUND,14,DOCKER,11,ea07051b06230a400800000200c70bb3000200350d000026070300020000000000000000006e3d6fff180018000000000000000000000000000000000000000000000000000000000000000000000000000000000000000000000000000000000000000000000000000000,6343,6343
GROUND,14,DOCKER,11,ea07051b06230b410801000000c00bb0000200390d02002e07010002000000000000000000703d6dff180019000000000000000000000000000000000000000000000000000000000000000000000000000000000000000000000000000000000000000000000000000000,be1c,be1c
GROUND,14,DOCKER,11,ea07051b06230c3d0802000000b50bba000100400d000027070200020000000000000000006f3d6aff180019000000000000000000000000000000000000000000000000000000000000000000000000000000000000000000000000000000000000000000000000000000,e5cd,e5cd
GROUND,14,DOCKER,11,ea07051b06230d3e0800000100ba0ba50002004b0d020028070300010000000000000000006f3d6fff180019000000000000000000000000000000000000000000000000000000000000000000000000000000000000000000000000000000000000000000000000000000,7ade,7ade
GROUND,14,DOCKER,11,ea07051b06230e3f0801000100b70ba7000200440d00002407020002000000000000000000713d6eff180019000000000000000000000000000000000000000000000000000000000000000000000000000000000000000000000000000000000000000000000000000000,2f02,2f02
GROUND,14,DOCKER,11,ea07051b06230f3f0802000000b60ba9000200400d01002907050002000000000000000000703d6bff180019000000000000000000000000000000000000000000000000000000000000000000000000000000000000000000000000000000000000000000000000000000,3364,3364
GROUND,14,DOCKER,11,ea07051b062310400802000000b50bb3000200480d000028070200020000000000000000006e3d6bff180018000000000000000000000000000000000000000000000000000000000000000000000000000000000000000000000000000000000000000000000000000000,3397,3397
GROUND,14,DOCKER,11,ea07051b062311400801000200bd0bb20000003a0d02002d07030002000000000000000000703d6eff180018000000000000000000000000000000000000000000000000000000000000000000000000000000000000000000000000000000000000000000000000000000,5688,5688
GROUND,14,DOCKER,11,ea07051b0623123d0800000200bb0baa000200420d020024070300020000000000000000006e3d6cff180019000000000000000000000000000000000000000000000000000000000000000000000000000000000000000000000000000000000000000000000000000000,2cd3,2cd3
GROUND,14,DOCKER,11,ea07051b062313400800000200bf0bb00002003f0d00002a070300010000000000000000006d3d6dff180018000000000000000000000000000000000000000000000000000000000000000000000000000000000000000000000000000000000000000000000000000000,25ca,25ca
GROUND,14,DOCKER,11,ea07051b062314490802000000bf0b9c0000004b0d020024070200010000000000000000006e3d6dff180019000000000000000000000000000000000000000000000000000000000000000000000000000000000000000000000000000000000000000000000000000000,83bc,83bc
GROUND,14,DOCKER,11,ea07051b062315450801000100ba0ba60000003b0d030029070300020000000000000000006f3d6bff180018000000000000000000000000000000000000000000000000000000000000000000000000000000000000000000000000000000000000000000000000000000,ee0c,ee0c
GROUND,14,DOCKER,11,ea07051b062316470801000200b80bb9000000400d00002b070300010000000000000000006f3d6aff180018000000000000000000000000000000000000000000000000000000000000000000000000000000000000000000000000000000000000000000000000000000,f0e6,f0e6
GROUND,14,DOCKER,11,ea07051b062317460802000000c20bb20002003b0d01002f070200020000000000000000006e3d6dff180018000000000000000000000000000000000000000000000000000000000000000000000000000000000000000000000000000000000000000000000000000000,25bf,25bf
GROUND,14,DOCKER,11,ea07051b0623184b0802000100bc0bb00001003b0d00002f070c00020000000000000000006f3d6cff180018000000000000000000000000000000000000000000000000000000000000000000000000000000000000000000000000000000000000000000000000000000,bbf8,bbf8
GROUND,14,DOCKER,11,ea07051b0623194b0802000000b50ba40001004a0d020026070100020000000000000000006f3d6cff180019000000000000000000000000000000000000000000000000000000000000000000000000000000000000000000000000000000000000000000000000000000,a57b,a57b
GROUND,14,DOCKER,11,ea07051b06231a3d0800000200c20bb00002004b0d00002a070200020000000000000000006d3d6eff180018000000000000000000000000000000000000000000000000000000000000000000000000000000000000000000000000000000000000000000000000000000,5628,5628
GROUND,14,DOCKER,11,ea07051b06231b420800000100c00bba0002003f0d000030070200010000000000000000006e3d6dff180018000000000000000000000000000000000000000000000000000000000000000000000000000000000000000000000000000000000000000000000000000000,ab38,ab38
GROUND,14,DOCKER,11,ea07051b06231c3d0801000200c40b9e000100440d020025070300020000000000000000006e3d6cff180019000000000000000000000000000000000000000000000000000000000000000000000000000000000000000000000000000000000000000000000000000000,fdbe,fdbe
GROUND,14,DOCKER,11,ea07051b06231d3f0800000100b80bb4000200400d00002b070600020000000000000000006d3d6aff180018000000000000000000000000000000000000000000000000000000000000000000000000000000000000000000000000000000000000000000000000000000,56cc,56cc
GROUND,14,DOCKER,11,ea07051b06231e450801000200bf0bab000000400d03002b070200010000000000000000006d3d68ff180018000000000000000000000000000000000000000000000000000000000000000000000000000000000000000000000000000000000000000000000000000000,f205,f205
GROUND,14,DOCKER,11,ea07051b06231f480801000100c00bac0000003b0d03002d070200020000000000000000006e3d6cff180019000000000000000000000000000000000000000000000000000000000000000000000000000000000000000000000000000000000000000000000000000000,3cce,3cce
GROUND,14,DOCKER,11,ea07051b062320490800000000c30ba8000000390d03002b070300010000000000000000006e3d6eff180017000000000000000000000000000000000000000000000000000000000000000000000000000000000000000000000000000000000000000000000000000000,9d96,9d96
GROUND,14,DOCKER,11,ea07051b062321480801000100b40ba5000200390d02002f070300020000000000000000006c3d6eff180018000000000000000000000000000000000000000000000000000000000000000000000000000000000000000000000000000000000000000000000000000000,04fd,04fd
GROUND,14,DOCKER,11,ea07051b0623223f0800000200c50bb1000100400d030029070000020000000000000000006c3d6cff180018000000000000000000000000000000000000000000000000000000000000000000000000000000000000000000000000000000000000000000000000000000,1424,1424
GROUND,14,DOCKER,11,ea07051b062323450802000100c40bad000200380d02002d070300010000000000000000006d3d6cff180018000000000000000000000000000000000000000000000000000000000000000000000000000000000000000000000000000000000000000000000000000000,7b39,7b39
GROUND,14,DOCKER,11,ea07051b062324440801000200b50bad000100410d030027070100020000000000000000006d3d6eff180019000000000000000000000000000000000000000000000000000000000000000000000000000000000000000000000000000000000000000000000000000000,b886,b886
GROUND,14,DOCKER,11,ea07051b062325490801000100c00ba4000100400d02002b070300020000000000000000006d3d6cff180018000000000000000000000000000000000000000000000000000000000000000000000000000000000000000000000000000000000000000000000000000000,3579,3579
GROUND,14,DOCKER,11,ea07051b062326440802000000b60bb2000200370d000021072200020000000000000000006d3d6dff180018000000000000000000000000000000000000000000000000000000000000000000000000000000000000000000000000000000000000000000000000000000,335b,335b
GROUND,14,DOCKER,11,ea07051b062327460800000100b60baa000200470d000026070200010000000000000000006e3d6dff180019000000000000000000000000000000000000000000000000000000000000000000000000000000000000000000000000000000000000000000000000000000,e746,e746
GROUND,14,DOCKER,11,ea07051b062328490802000100b50bad000000380d02002d070200020000000000000000006d3d6cff180018000000000000000000000000000000000000000000000000000000000000000000000000000000000000000000000000000000000000000000000000000000,bd89,bd89
GROUND,14,DOCKER,11,ea07051b062329480801000100ba0baf0000004a0d000029070200020000000000000000006d3d6fff180018000000000000000000000000000000000000000000000000000000000000000000000000000000000000000000000000000000000000000000000000000000,a2a1,a2a1
GROUND,14,DOCKER,11,ea07051b06232a3a0801000100b80bb0000200470d02002c070200020000000000000000006c3d6fff180018000000000000000000000000000000000000000000000000000000000000000000000000000000000000000000000000000000000000000000000000000000,c3f5,c3f5
GROUND,14,DOCKER,11,ea07051b06232b3f0800000200bf0bb5000100400d010027070200020000000000000000006d3d69ff180019000000000000000000000000000000000000000000000000000000000000000000000000000000000000000000000000000000000000000000000000000000,9dd1,9dd1
GROUND,14,DOCKER,11,ea07051b06232c3f0800000100bf0bb0000200390d00002a070900020000000000000000006c3d69ff180018000000000000000000000000000000000000000000000000000000000000000000000000000000000000000000000000000000000000000000000000000000,1cf1,1cf1
GROUND,14,DOCKER,11,ea07051b06232d460802000100c00bb40002003a0d00002f070300020000000000000000006d3d6aff180018000000000000000000000000000000000000000000000000000000000000000000000000000000000000000000000000000000000000000000000000000000,1421,1421
GROUND,14,DOCKER,11,ea07051b06232e3f0802000000ba0bb7000200380d00002f070100020000000000000000006c3d6cff18001a000000000000000000000000000000000000000000000000000000000000000000000000000000000000000000000000000000000000000000000000000000,fd1d,fd1d
GROUND,14,DOCKER,11,ea07051b06232f440802000100b60bb5000200440d000029070200010000000000000000006b3d6eff18001a000000000000000000000000000000000000000000000000000000000000000000000000000000000000000000000000000000000000000000000000000000,39f2,39f2
GROUND,14,DOCKER,11,ea07051b0623303d0800000200c40bb3000200370d01002f070700010000000000000000006e3d6dff180019000000000000000000000000000000000000000000000000000000000000000000000000000000000000000000000000000000000000000000000000000000,d5e6,d5e6
GROUND,14,DOCKER,11,ea07051b062331450801000100b70bb4000000470d00002c070600020000000000000000006c3d6dff180019000000000000000000000000000000000000000000000000000000000000000000000000000000000000000000000000000000000000000000000000000000,c6ab,c6ab
GROUND,14,DOCKER,11,ea07051b062332400802000200b70ba3000000400d02002f070200020000000000000000006c3d6bff180019000000000000000000000000000000000000000000000000000000000000000000000000000000000000000000000000000000000000000000000000000000,7d77,7d77
GROUND,14,DOCKER,11,ea07051b0623333d0800000200ba0bb6000300380d020025070400020000000000000000006b3d6eff180019000000000000000000000000000000000000000000000000000000000000000000000000000000000000000000000000000000000000000000000000000000,0471,0471
GROUND,14,DOCKER,11,ea07051b062334480802000000bf0ba0000000400d030027070100010000000000000000006c3d6aff180018000000000000000000000000000000000000000000000000000000000000000000000000000000000000000000000000000000000000000000000000000000,925a,925a
GROUND,14,DOCKER,11,ea07051b0623353f0800000100b70bbb000000460d020024070600010000000000000000006b3d6cff18001a000000000000000000000000000000000000000000000000000000000000000000000000000000000000000000000000000000000000000000000000000000,021d,021d
GROUND,14,DOCKER,11,ea07051b062336430801000000b70ba3000000400d03002d070500020000000000000000006b3d6fff180018000000000000000000000000000000000000000000000000000000000000000000000000000000000000000000000000000000000000000000000000000000,0f88,0f88
GROUND,14,DOCKER,11,ea07051b0623373e0801000000b80baf0001003f0d02002d070300020000000000000000006c3d6dff180018000000000000000000000000000000000000000000000000000000000000000000000000000000000000000000000000000000000000000000000000000000,2839,2839
GROUND,14,DOCKER,11,ea07051b0623383f0800000100b20baa0000004c0d030025070200020000000000000000006c3d6cff180019000000000000000000000000000000000000000000000000000000000000000000000000000000000000000000000000000000000000000000000000000000,da46,da46
GROUND,14,DOCKER,11,ea07051b062339430801000200b80ba8000000410d030029070000020000000000000000006c3d6dff180019000000000000000000000000000000000000000000000000000000000000000000000000000000000000000000000000000000000000000000000000000000,87ad,87ad
GROUND,14,DOCKER,11,ea07051b06233a420800000200b60bb2000100470d00002e070d00010000000000000000006b3d6eff180018000000000000000000000000000000000000000000000000000000000000000000000000000000000000000000000000000000000000000000000000000000,17a9,17a9
GROUND,14,DOCKER,11,ea07051b06233b3f0800000100c00bae000200400d02002d070300020000000000000000006b3d6bff18001a000000000000000000000000000000000000000000000000000000000000000000000000000000000000000000000000000000000000000000000000000000,eebf,eebf
GROUND,14,DOCKER,11,ea07051b062400400802000200b60ba5000000470d030024071200010000000000000000006d3d6bff180019000000000000000000000000000000000000000000000000000000000000000000000000000000000000000000000000000000000000000000000000000000,1cec,1cec
GROUND,14,DOCKER,11,ea07051b062401400800000200c70bb1000100340d02002b070100020000000000000000006c3d6eff180018000000000000000000000000000000000000000000000000000000000000000000000000000000000000000000000000000000000000000000000000000000,4c26,4c26
GROUND,14,DOCKER,11,ea07051b062402400802000000b80ba6000200370d02002a070500020000000000000000006a3d6cff180018000000000000000000000000000000000000000000000000000000000000000000000000000000000000000000000000000000000000000000000000000000,da6b,da6b
GROUND,14,DOCKER,11,ea07051b062403420800000100c00bb00001003b0d02002a071000020000000000000000006b3d6dff18001a000000000000000000000000000000000000000000000000000000000000000000000000000000000000000000000000000000000000000000000000000000,aa3e,aa3e
GROUND,14,DOCKER,11,ea07051b062404430801000100c00bab000100470d02002c070400020000000000000000006c3d6cff180019000000000000000000000000000000000000000000000000000000000000000000000000000000000000000000000000000000000000000000000000000000,4bd9,4bd9
GROUND,14,DOCKER,11,ea07051b0624053f0800000200c00baa000000380d02002e070300020000000000000000006a3d67ff180018000000000000000000000000000000000000000000000000000000000000000000000000000000000000000000000000000000000000000000000000000000,2846,2846
GROUND,14,DOCKER,11,ea07051b062406400802000200bf0bb7000200440d020027070100020000000000000000006b3d6cff180019000000000000000000000000000000000000000000000000000000000000000000000000000000000000000000000000000000000000000000000000000000,db59,db59
GROUND,14,DOCKER,11,ea07051b062407400801000100b70bb5000200470d000028070000010000000000000000006a3d6fff180019000000000000000000000000000000000000000000000000000000000000000000000000000000000000000000000000000000000000000000000000000000,909a,909a
GROUND,14,DOCKER,11,ea07051b062408400802000000b60bae000200400d01002f070000010000000000000000006a3d6fff180019000000000000000000000000000000000000000000000000000000000000000000000000000000000000000000000000000000000000000000000000000000,4955,4955
GROUND,14,DOCKER,11,ea07051b062409400800000200b70baa0000004a0d020026070200020000000000000000006b3d6cff18001a000000000000000000000000000000000000000000000000000000000000000000000000000000000000000000000000000000000000000000000000000000,92fc,92fc
GROUND,14,DOCKER,11,ea07051b06240a470801000100bf0bb2000200400d000027070300020000000000000000006a3d6fff180019000000000000000000000000000000000000000000000000000000000000000000000000000000000000000000000000000000000000000000000000000000,5ea9,5ea9
GROUND,14,DOCKER,11,ea07051b06240b440801000200c60ba90002003b0d01002f070300020000000000000000006c3d6dff180019000000000000000000000000000000000000000000000000000000000000000000000000000000000000000000000000000000000000000000000000000000,09b4,09b4
GROUND,14,DOCKER,11,ea07051b06240c480802000100ba0bab000200450d00002c070300010000000000000000006b3d6dff180019000000000000000000000000000000000000000000000000000000000000000000000000000000000000000000000000000000000000000000000000000000,dc7b,dc7b
GROUND,14,DOCKER,11,ea07051b06240d480802000000bf0bb60002004a0d02002d070100020000000000000000006b3d6dff180018000000000000000000000000000000000000000000000000000000000000000000000000000000000000000000000000000000000000000000000000000000,f03b,f03b
GROUND,14,DOCKER,11,ea07051b06240e450801000100b90bb6000000440d03002507030002000000000000000000693d6cff180019000000000000000000000000000000000000000000000000000000000000000000000000000000000000000000000000000000000000000000000000000000,23a3,23a3
GROUND,14,DOCKER,11,ea07051b06240f400801000200c50baa0000004a0d03002807020002000000000000000000683d6bff180019000000000000000000000000000000000000000000000000000000000000000000000000000000000000000000000000000000000000000000000000000000,a878,a878
GROUND,14,DOCKER,11,ea07051b062410480801000100bf0bae000200400d02002b070100010000000000000000006b3d6dff180019000000000000000000000000000000000000000000000000000000000000000000000000000000000000000000000000000000000000000000000000000000,a338,a338
GROUND,14,DOCKER,11,ea07051b0624113f0800000200af0bae0000003f0d030028070600020000000000000000006b3d6dff180019000000000000000000000000000000000000000000000000000000000000000000000000000000000000000000000000000000000000000000000000000000,b771,b771
GROUND,14,DOCKER,11,ea07051b062412400801000100b80bae000000420d02002b07040001000000000000000000693d6cff180019000000000000000000000000000000000000000000000000000000000000000000000000000000000000000000000000000000000000000000000000000000,77a9,77a9
GROUND,14,DOCKER,11,ea07051b0624133e0801000100b30baa0002004b0d03002807040002000000000000000000693d6fff180019000000000000000000000000000000000000000000000000000000000000000000000000000000000000000000000000000000000000000000000000000000,08aa,08aa
GROUND,14,DOCKER,11,ea07051b062414440801000100ba0bb20001003f0d02002907010001000000000000000000693d6fff18001a000000000000000000000000000000000000000000000000000000000000000000000000000000000000000000000000000000000000000000000000000000,6f40,6f40
GROUND,14,DOCKER,11,ea07051b062415450801000000c00bb9000200400d00002507020002000000000000000000693d6dff180019000000000000000000000000000000000000000000000000000000000000000000000000000000000000000000000000000000000000000000000000000000,d344,d344
GROUND,14,DOCKER,11,ea07051b062416440800000200c50ba40000003a0d03002e07000002000000000000000000693d6bff180019000000000000000000000000000000000000000000000000000000000000000000000000000000000000000000000000000000000000000000000000000000,d70f,d70f
GROUND,14,DOCKER,11,ea07051b062417400801000200bb0bb30001004d0d010036071e00010000000000000000006a3d6eff180019000000000000000000000000000000000000000000000000000000000000000000000000000000000000000000000000000000000000000000000000000000,3cb6,3cb6
GROUND,14,DOCKER,11,ea07051b062418470802000000c20ba90002003d0d03002d07030002000000000000000000683d6bff180018000000000000000000000000000000000000000000000000000000000000000000000000000000000000000000000000000000000000000000000000000000,d8ab,d8ab
GROUND,14,DOCKER,11,ea07051b062631470801000000b20bb7000000400d01002407030002000000000000000000763d6bff180017000000000000000000000000000000000000000000000000000000000000000000000000000000000000000000000000000000000000000000000000000000,6786,6786
GROUND,14,DOCKER,11,ea07051b062632470802000000b60bb5000000400d02002307030002000000000000000000773d6bff180018000000000000000000000000000000000000000000000000000000000000000000000000000000000000000000000000000000000000000000000000000000,4ba3,4ba3
GROUND,14,DOCKER,11,ea07051b062633450801000200b30bba0002003b0d02002e07010002000000000000000000743d66ff180016000000000000000000000000000000000000000000000000000000000000000000000000000000000000000000000000000000000000000000000000000000,110c,110c
GROUND,14,DOCKER,11,ea07051b062634440802000000bf0bb4000200460d02002607010001000000000000000000743d62ff180017000000000000000000000000000000000000000000000000000000000000000000000000000000000000000000000000000000000000000000000000000000,17f4,17f4
GROUND,14,DOCKER,11,ea07051b062635450801000100b40bc00001003f0d01002807020001000000000000000000733d67ff180017000000000000000000000000000000000000000000000000000000000000000000000000000000000000000000000000000000000000000000000000000000,4513,4513
GROUND,14,DOCKER,11,ea07051b062636470802000100bf0bb4000200380d03002707030002000000000000000000733d68ff180018000000000000000000000000000000000000000000000000000000000000000000000000000000000000000000000000000000000000000000000000000000,0d14,0d14
GROUND,14,DOCKER,11,ea07051b062637400801000100bf0bb20001004b0d02002a07240002000000000000000000713d67ff180017000000000000000000000000000000000000000000000000000000000000000000000000000000000000000000000000000000000000000000000000000000,9881,9881
GROUND,14,DOCKER,11,ea07051b0626383f0800000000c20bb4000100370d00002b07030002000000000000000000733d69ff180018000000000000000000000000000000000000000000000000000000000000000000000000000000000000000000000000000000000000000000000000000000,2044,2044
GROUND,14,DOCKER,11,ea07051b062639420802000000bd0bb6000200380d020027070b0002000000000000000000713d69ff180019000000000000000000000000000000000000000000000000000000000000000000000000000000000000000000000000000000000000000000000000000000,4fa9,4fa9
GROUND,14,DOCKER,11,ea07051b06263a400801000100bf0bc20000003a0d01002907060002000000000000000000723d68ff180017000000000000000000000000000000000000000000000000000000000000000000000000000000000000000000000000000000000000000000000000000000,ca12,ca12
GROUND,14,DOCKER,11,ea07051b06263b490801000000c00bb1000000420d03002507030001000000000000000000713d65ff180018000000000000000000000000000000000000000000000000000000000000000000000000000000000000000000000000000000000000000000000000000000,46ea,46ea
GROUND,14,DOCKER,11,ea07051b0627003b0801000200c00bb2000000370d00002b07040002000000000000000000703d67ff180018000000000000000000000000000000000000000000000000000000000000000000000000000000000000000000000000000000000000000000000000000000,4e9a,4e9a
GROUND,14,DOCKER,11,ea07051b062701410800000200be0bb4000000400d01002907030001000000000000000000713d66ff180018000000000000000000000000000000000000000000000000000000000000000000000000000000000000000000000000000000000000000000000000000000,9fe8,9fe8
GROUND,14,DOCKER,11,ea07051b062702400801000100c20bbb000100460d00002707190002000000000000000000713d67ff180018000000000000000000000000000000000000000000000000000000000000000000000000000000000000000000000000000000000000000000000000000000,5966,5966
GROUND,14,DOCKER,11,ea07051b062703420800000200b30bb5000200460d00002807050002000000000000000000703d68ff180018000000000000000000000000000000000000000000000000000000000000000000000000000000000000000000000000000000000000000000000000000000,4433,4433
GROUND,14,DOCKER,11,ea07051b062704400802000100c00bbb0000003c0d02003007040001000000000000000000703d67ff180017000000000000000000000000000000000000000000000000000000000000000000000000000000000000000000000000000000000000000000000000000000,01b8,01b8
GROUND,14,DOCKER,11,ea07051b062705430800000200b20bbc0000004d0d00002c07010001000000000000000000703d67ff180017000000000000000000000000000000000000000000000000000000000000000000000000000000000000000000000000000000000000000000000000000000,85e9,85e9
GROUND,14,DOCKER,11,ea07051b062706400800000000c20bb20002003f0d030029070200010000000000000000006f3d69ff180018000000000000000000000000000000000000000000000000000000000000000000000000000000000000000000000000000000000000000000000000000000,886f,886f
GROUND,14,DOCKER,11,ea07051b062707400800000100bc0bbb0001003f0d000028070500020000000000000000006e3d68ff180018000000000000000000000000000000000000000000000000000000000000000000000000000000000000000000000000000000000000000000000000000000,7f92,7f92
GROUND,14,DOCKER,11,ea07051b062708430802000100b40bbb000100400d01002c070a00020000000000000000006f3d65ff180017000000000000000000000000000000000000000000000000000000000000000000000000000000000000000000000000000000000000000000000000000000,cfae,cfae
GROUND,14,DOCKER,11,ea07051b062709400802000100c00bb1000000480d020027070200020000000000000000006d3d65ff180018000000000000000000000000000000000000000000000000000000000000000000000000000000000000000000000000000000000000000000000000000000,6d36,6d36
GROUND,14,DOCKER,11,ea07051b06270a3e0800000200c20bb20001003c0d020027070300020000000000000000006f3d6dff180018000000000000000000000000000000000000000000000000000000000000000000000000000000000000000000000000000000000000000000000000000000,066b,066b
GROUND,14,DOCKER,11,ea07051b06270b480800000200b90ba30000003f0d030029070100020000000000000000006f3d6cff180018000000000000000000000000000000000000000000000000000000000000000000000000000000000000000000000000000000000000000000000000000000,02a8,02a8
GROUND,14,DOCKER,11,ea07051b06270c400801000200bb0baf000200490d000024071a00010000000000000000006f3d6dff180019000000000000000000000000000000000000000000000000000000000000000000000000000000000000000000000000000000000000000000000000000000,fac8,fac8
GROUND,14,DOCKER,11,ea07051b06270d410800000200c00bb0000200460d000022070300020000000000000000006e3d6eff180019000000000000000000000000000000000000000000000000000000000000000000000000000000000000000000000000000000000000000000000000000000,8c14,8c14
GROUND,14,DOCKER,11,ea07051b06270e400801000000b70ba6000100470d030030070100020000000000000000006d3d69ff180018000000000000000000000000000000000000000000000000000000000000000000000000000000000000000000000000000000000000000000000000000000,aa45,aa45
GROUND,14,DOCKER,11,ea07051b06270f400800000200b90baf000200440d030024071d00020000000000000000006d3d6aff180019000000000000000000000000000000000000000000000000000000000000000000000000000000000000000000000000000000000000000000000000000000,cb0f,cb0f
GROUND,14,DOCKER,11,ea07051b062710420802000000c00bb1000200480d020026070100020000000000000000006e3d6dff180019000000000000000000000000000000000000000000000000000000000000000000000000000000000000000000000000000000000000000000000000000000,9776,9776
GROUND,14,DOCKER,11,ea07051b062711470801000000c40ba8000000470d02002a070300020000000000000000006d3d6bff180018000000000000000000000000000000000000000000000000000000000000000000000000000000000000000000000000000000000000000000000000000000,4a5d,4a5d
GROUND,14,DOCKER,11,ea07051b062712430800000100b70bae000100400d030024070100010000000000000000006d3d6bff180018000000000000000000000000000000000000000000000000000000000000000000000000000000000000000000000000000000000000000000000000000000,7aa9,7aa9
GROUND,14,DOCKER,11,ea07051b062713400801000200bf0bb0000100420d010027072000020000000000000000006d3d6fff180018000000000000000000000000000000000000000000000000000000000000000000000000000000000000000000000000000000000000000000000000000000,245d,245d
GROUND,14,DOCKER,11,ea07051b062714410802000000bf0bb2000100470d03002c070000020000000000000000006b3d6dff180017000000000000000000000000000000000000000000000000000000000000000000000000000000000000000000000000000000000000000000000000000000,1a8b,1a8b
GROUND,14,DOCKER,11,ea07051b063b2c460802000100b30bbc000200400d000027070200020000000000000000007b3d66ff180016000000000000000000000000000000000000000000000000000000000000000000000000000000000000000000000000000000000000000000000000000000,e32f,e32f
GROUND,14,DOCKER,11,ea07051b063b2d440801000000b30bbb000100400d02002507010002000000000000000000793d65ff180016000000000000000000000000000000000000000000000000000000000000000000000000000000000000000000000000000000000000000000000000000000,0c7a,0c7a
GROUND,14,DOCKER,11,ea07051b063b2e400800000100c00bb40000003f0d02002e07030001000000000000000000783d66ff180015000000000000000000000000000000000000000000000000000000000000000000000000000000000000000000000000000000000000000000000000000000,80c8,80c8
GROUND,14,DOCKER,11,ea07051b063b2f3f0801000000c00bb6000000380d01002a07020002000000000000000000753d62ff180016000000000000000000000000000000000000000000000000000000000000000000000000000000000000000000000000000000000000000000000000000000,9cee,9cee
GROUND,14,DOCKER,11,ea07051b063b30490800000100b50bc4000200440d02002507f90102000000000000000000753d67ff180016000000000000000000000000000000000000000000000000000000000000000000000000000000000000000000000000000000000000000000000000000000,33b0,33b0
GROUND,14,DOCKER,11,ea07051b063b31400801000100b70bbd000000380d020027073a0101000000000000000000763d68ff180016000000000000000000000000000000000000000000000000000000000000000000000000000000000000000000000000000000000000000000000000000000,fa6f,fa6f
GROUND,14,DOCKER,11,ea07051b063b323f0800000200b70bb40001004c0d03002707d40002000000000000000000753d60ff180016000000000000000000000000000000000000000000000000000000000000000000000000000000000000000000000000000000000000000000000000000000,67d9,67d9
GROUND,14,DOCKER,11,ea07051b063b33400800000200c20bb20002003f0d03002f07d90102000000000000000000753d65ff180016000000000000000000000000000000000000000000000000000000000000000000000000000000000000000000000000000000000000000000000000000000,ecd4,ecd4
GROUND,14,DOCKER,11,ea07051b063b34400801000100c20bbc0000003b0d00002c07010002000000000000000000753d69ff180015000000000000000000000000000000000000000000000000000000000000000000000000000000000000000000000000000000000000000000000000000000,26f3,26f3
GROUND,14,DOCKER,11,ea07051b063b35470802000200b80bb7000000470d01002807aa0002000000000000000000723d68ff180015000000000000000000000000000000000000000000000000000000000000000000000000000000000000000000000000000000000000000000000000000000,5325,5325
GROUND,14,DOCKER,11,ea07051b063b363d0801000200bf0bb9000000470d01002707020001000000000000000000743d66ff180016000000000000000000000000000000000000000000000000000000000000000000000000000000000000000000000000000000000000000000000000000000,b9e5,b9e5
GROUND,14,DOCKER,11,ea07051b063b373c0801000200bf0bbd000100400d02002707030002000000000000000000713d67ff180017000000000000000000000000000000000000000000000000000000000000000000000000000000000000000000000000000000000000000000000000000000,d436,d436
GROUND,14,DOCKER,11,ea07051b063b383f0800000100c20bb70000003b0d03002d07030002000000000000000000733d5dff180016000000000000000000000000000000000000000000000000000000000000000000000000000000000000000000000000000000000000000000000000000000,2c2b,2c2b
GROUND,14,DOCKER,11,ea07051b063b393f0802000000b40bbe0002003d0d00002d07010002000000000000000000743d65ff180017000000000000000000000000000000000000000000000000000000000000000000000000000000000000000000000000000000000000000000000000000000,73b5,73b5
GROUND,14,DOCKER,11,ea07051b063b3a4a0800000200bf0bba000000390d03002f07020001000000000000000000713d69ff180016000000000000000000000000000000000000000000000000000000000000000000000000000000000000000000000000000000000000000000000000000000,f93e,f93e
GROUND,14,DOCKER,11,ea07051b063b3b470802000200c20bbd000000470d02002807010002000000000000000000743d68ff180017000000000000000000000000000000000000000000000000000000000000000000000000000000000000000000000000000000000000000000000000000000,2d54,2d54
GROUND,14,DOCKER,11,ea07051b0701093c0801000100b30bb2000100380d03002a07020002000000000000000000793d65ff180017000000000000000000000000000000000000000000000000000000000000000000000000000000000000000000000000000000000000000000000000000000,e644,e644
GROUND,14,DOCKER,11,ea07051b07010a460802000100bc0bbb0002003b0d00002b07010002000000000000000000773d66ff180015000000000000000000000000000000000000000000000000000000000000000000000000000000000000000000000000000000000000000000000000000000,96cb,96cb
GROUND,14,DOCKER,11,ea07051b07010b400800000100b30bb30002003f0d00002807030002000000000000000000763d67ff180016000000000000000000000000000000000000000000000000000000000000000000000000000000000000000000000000000000000000000000000000000000,13da,13da
GROUND,14,DOCKER,11,ea07051b07010c440801000000b50bb5000200400d03002b07010002000000000000000000733d62ff180016000000000000000000000000000000000000000000000000000000000000000000000000000000000000000000000000000000000000000000000000000000,8756,8756
GROUND,14,DOCKER,11,ea07051b07010d460800000000b70bbc000200400d01002507bb0002000000000000000000743d67ff180017000000000000000000000000000000000000000000000000000000000000000000000000000000000000000000000000000000000000000000000000000000,aff1,aff1
GROUND,14,DOCKER,11,ea07051b07010e4c0800000100b70bbf000200440d02002207020002000000000000000000733d69ff180017000000000000000000000000000000000000000000000000000000000000000000000000000000000000000000000000000000000000000000000000000000,cfad,cfad
GROUND,14,DOCKER,11,ea07051b07010f450802000200b40bbc0001002f0d00002507630102000000000000000000733d5fff180017000000000000000000000000000000000000000000000000000000000000000000000000000000000000000000000000000000000000000000000000000000,fc33,fc33
GROUND,14,DOCKER,11,ea07051b070110400801000100b30bb80002004d0d020026071f0102000000000000000000733d66ff180017000000000000000000000000000000000000000000000000000000000000000000000000000000000000000000000000000000000000000000000000000000,08dc,08dc
GROUND,14,DOCKER,11,ea07051b070111400800000200c00bba0000003f0d00002607750202000000000000000000743d6aff180017000000000000000000000000000000000000000000000000000000000000000000000000000000000000000000000000000000000000000000000000000000,03f2,03f2
GROUND,14,DOCKER,11,ea07051b070112480801000200b50bb5000200440d020027070300020000000000000000006f3d68ff180016000000000000000000000000000000000000000000000000000000000000000000000000000000000000000000000000000000000000000000000000000000,7725,7725
GROUND,14,DOCKER,11,ea07051b0701133d0800000200b70bbb0000003b0d00002c07990201000000000000000000723d66ff180016000000000000000000000000000000000000000000000000000000000000000000000000000000000000000000000000000000000000000000000000000000,6c33,6c33
GROUND,14,DOCKER,11,ea07051b070114440800000200b70bb70002003a0d01002707000002000000000000000000703d68ff180017000000000000000000000000000000000000000000000000000000000000000000000000000000000000000000000000000000000000000000000000000000,a6a3,a6a3
GROUND,14,DOCKER,11,ea07051b0701153f0801000100b30bb4000000470d02002607800102000000000000000000723d5dff180016000000000000000000000000000000000000000000000000000000000000000000000000000000000000000000000000000000000000000000000000000000,4eb0,4eb0
GROUND,14,DOCKER,11,ea07051b070116410802000200b70bb9000200490d000024070100010000000000000000006f3d65ff180016000000000000000000000000000000000000000000000000000000000000000000000000000000000000000000000000000000000000000000000000000000,f364,f364
GROUND,14,DOCKER,11,ea07051b0701173f0802000200b10bb6000200440d000026070300010000000000000000006f3d69ff180016000000000000000000000000000000000000000000000000000000000000000000000000000000000000000000000000000000000000000000000000000000,088b,088b
GROUND,14,DOCKER,11,ea07051b0701183c0802000000b80bbd0002003f0d00002a07020002000000000000000000713d68ff180016000000000000000000000000000000000000000000000000000000000000000000000000000000000000000000000000000000000000000000000000000000,4432,4432
GROUND,14,DOCKER,11,ea07051b0701193f0800000100be0bb5000200370d03002b070100020000000000000000006f3d68ff180017000000000000000000000000000000000000000000000000000000000000000000000000000000000000000000000000000000000000000000000000000000,8c51,8c51
GROUND,14,DOCKER,11,ea07051b07011a400801000000bf0bbb0000003f0d010027070100030000000000000000006e3d6aff180017000000000000000000000000000000000000000000000000000000000000000000000000000000000000000000000000000000000000000000000000000000,381e,381e
GROUND,14,DOCKER,11,ea07051b07011b400801000000b70bbd0002004a0d020027070100020000000000000000006f3d6aff180016000000000000000000000000000000000000000000000000000000000000000000000000000000000000000000000000000000000000000000000000000000,3914,3914
GROUND,14,DOCKER,11,ea07051b07011c410802000000c20bb4000100390d02002f070300010000000000000000006d3d66ff180017000000000000000000000000000000000000000000000000000000000000000000000000000000000000000000000000000000000000000000000000000000,bfc8,bfc8
GROUND,14,DOCKER,11,ea07051b07011d400801000000c10bae000100480d020024070300020000000000000000006f3d66ff180016000000000000000000000000000000000000000000000000000000000000000000000000000000000000000000000000000000000000000000000000000000,7882,7882
GROUND,14,DOCKER,11,ea07051b07011e420802000000bc0bb5000200470d03003007020001000000000000000000713d6eff180016000000000000000000000000000000000000000000000000000000000000000000000000000000000000000000000000000000000000000000000000000000,ff27,ff27
GROUND,14,DOCKER,11,ea07051b07011f3f0801000000bf0bab000100400d01002b070300020000000000000000006f3d6dff180017000000000000000000000000000000000000000000000000000000000000000000000000000000000000000000000000000000000000000000000000000000,49a5,49a5
GROUND,14,DOCKER,11,ea07051b0701203d0801000100bf0bb3000100400d020029070100010000000000000000006f3d6fff180017000000000000000000000000000000000000000000000000000000000000000000000000000000000000000000000000000000000000000000000000000000,3093,3093
GROUND,14,DOCKER,11,ea07051b070121430801000000c00ba1000000390d02002b070300020000000000000000006f3d6eff180017000000000000000000000000000000000000000000000000000000000000000000000000000000000000000000000000000000000000000000000000000000,b307,b307
GROUND,14,DOCKER,11,ea07051b0701223b0800000200c00bad000200470d02002e070000020000000000000000006c3d69ff180016000000000000000000000000000000000000000000000000000000000000000000000000000000000000000000000000000000000000000000000000000000,731e,731e
GROUND,14,DOCKER,11,ea07051b070123460801000100c40baa000100470d020030070400010000000000000000006e3d6bff180017000000000000000000000000000000000000000000000000000000000000000000000000000000000000000000000000000000000000000000000000000000,66ae,66ae
GROUND,14,DOCKER,11,ea07051b070124470801000100ba0bb0000200410d020027070100010000000000000000006e3d6fff180017000000000000000000000000000000000000000000000000000000000000000000000000000000000000000000000000000000000000000000000000000000,9eb7,9eb7
GROUND,14,DOCKER,11,ea07051b0701254a0801000100bd0bb30002003f0d01002e070100020000000000000000006f3d6cff180017000000000000000000000000000000000000000000000000000000000000000000000000000000000000000000000000000000000000000000000000000000,7fc0,7fc0
GROUND,14,DOCKER,11,ea07051b0701263b0801000100b50bb80000004a0d020028070300020000000000000000006b3d6dff180017000000000000000000000000000000000000000000000000000000000000000000000000000000000000000000000000000000000000000000000000000000,5f22,5f22
GROUND,14,DOCKER,11,ea07051b0701273f0800000200c40ba9000000380d020022070300010000000000000000006d3d70ff180018000000000000000000000000000000000000000000000000000000000000000000000000000000000000000000000000000000000000000000000000000000,b3f0,b3f0
GROUND,14,DOCKER,11,ea07051b070128410801000000c00bb9000200440d00002c070300020000000000000000006f3d6dff180016000000000000000000000000000000000000000000000000000000000000000000000000000000000000000000000000000000000000000000000000000000,bb79,bb79
GROUND,14,DOCKER,11,ea07051b070129450800000100b30bab000200480d000028070200020000000000000000006e3d6aff180017000000000000000000000000000000000000000000000000000000000000000000000000000000000000000000000000000000000000000000000000000000,11d3,11d3
GROUND,14,DOCKER,11,ea07051b07012a450802000100c40bba0000003f0d02002d070000020000000000000000006c3d6aff180017000000000000000000000000000000000000000000000000000000000000000000000000000000000000000000000000000000000000000000000000000000,4f79,4f79
GROUND,14,DOCKER,11,ea07051b07012b400801000200c50ba80002004c0d030028070100020000000000000000006c3d6eff180017000000000000000000000000000000000000000000000000000000000000000000000000000000000000000000000000000000000000000000000000000000,7bd6,7bd6
GROUND,14,DOCKER,11,ea07051b07012c400801000000b30baf0002003d0d01002d070300020000000000000000006c3d6cff180016000000000000000000000000000000000000000000000000000000000000000000000000000000000000000000000000000000000000000000000000000000,dc24,dc24
GROUND,14,DOCKER,11,ea07051b07012d3e0800000000c20ba10000003c0d03002a070100010000000000000000006c3d6dff180018000000000000000000000000000000000000000000000000000000000000000000000000000000000000000000000000000000000000000000000000000000,f3c7,f3c7
GROUND,14,DOCKER,11,ea07051b07012e470802000100bb0bb1000000440d020028070100010000000000000000006c3d6dff180018000000000000000000000000000000000000000000000000000000000000000000000000000000000000000000000000000000000000000000000000000000,e0d6,e0d6
GROUND,14,DOCKER,11,ea07051b07012f470800000200c50b9e0000003f0d020026070300010000000000000000006d3d6dff180017000000000000000000000000000000000000000000000000000000000000000000000000000000000000000000000000000000000000000000000000000000,0dcb,0dcb
GROUND,14,DOCKER,11,ea07051b0701304b0800000100ba0ba00001003f0d010028070200010000000000000000006c3d6eff180017000000000000000000000000000000000000000000000000000000000000000000000000000000000000000000000000000000000000000000000000000000,51b8,51b8
GROUND,14,DOCKER,11,ea07051b070131420801000200bb0bb3000200390d000027070200020000000000000000006b3d6fff180016000000000000000000000000000000000000000000000000000000000000000000000000000000000000000000000000000000000000000000000000000000,c05b,c05b
GROUND,14,DOCKER,11,ea07051b070132400800000100b50bb1000100480d010027070200020000000000000000006b3d6cff180018000000000000000000000000000000000000000000000000000000000000000000000000000000000000000000000000000000000000000000000000000000,7669,7669
GROUND,14,DOCKER,11,ea07051b070133450802000000bb0ba30000003a0d03002f070000020000000000000000006d3d6bff180016000000000000000000000000000000000000000000000000000000000000000000000000000000000000000000000000000000000000000000000000000000,2b8f,2b8f
GROUND,14,DOCKER,11,ea07051b0701343c0800000200bb0bb7000000470d010028070300010000000000000000006c3d6fff180017000000000000000000000000000000000000000000000000000000000000000000000000000000000000000000000000000000000000000000000000000000,c451,c451
GROUND,14,DOCKER,11,ea07051b070135470801000100c00baf0001003b0d020027070300020000000000000000006b3d6eff180017000000000000000000000000000000000000000000000000000000000000000000000000000000000000000000000000000000000000000000000000000000,7658,7658
GROUND,14,DOCKER,11,ea07051b070136410802000000ba0baf000000490d010024070200020000000000000000006c3d6dff180018000000000000000000000000000000000000000000000000000000000000000000000000000000000000000000000000000000000000000000000000000000,bab7,bab7
GROUND,14,DOCKER,11,ea07051b070137470800000100b60ba7000100400d020027070200020000000000000000006a3d6eff180018000000000000000000000000000000000000000000000000000000000000000000000000000000000000000000000000000000000000000000000000000000,7bed,7bed
GROUND,14,DOCKER,11,ea07051b070138450800000100b80bad000000470d030025070300020000000000000000006b3d6cff180017000000000000000000000000000000000000000000000000000000000000000000000000000000000000000000000000000000000000000000000000000000,ebd9,ebd9
GROUND,14,DOCKER,11,ea07051b0701394a0802000100b60bb70002003c0d03002f07000002000000000000000000693d6cff180018000000000000000000000000000000000000000000000000000000000000000000000000000000000000000000000000000000000000000000000000000000,223d,223d
GROUND,14,DOCKER,11,ea07051b07013a3f0801000000b80bb40002003b0d00002e070200020000000000000000006a3d6fff180016000000000000000000000000000000000000000000000000000000000000000000000000000000000000000000000000000000000000000000000000000000,8c38,8c38
GROUND,14,DOCKER,11,ea07051b07013b3f0801000200c30bb10001003f0d01002f070300020000000000000000006a3d6dff180018000000000000000000000000000000000000000000000000000000000000000000000000000000000000000000000000000000000000000000000000000000,b592,b592
GROUND,14,DOCKER,11,ea07051b070200420800000100b30baa000200490d000029070200020000000000000000006a3d6aff180018000000000000000000000000000000000000000000000000000000000000000000000000000000000000000000000000000000000000000000000000000000,f568,f568
GROUND,14,DOCKER,11,ea07051b070201480802000100c40bb1000300400d00002e07020001000000000000000000693d70ff180017000000000000000000000000000000000000000000000000000000000000000000000000000000000000000000000000000000000000000000000000000000,1833,1833
GROUND,14,DOCKER,11,ea07051b070202400800000100b50ba70000004b0d020028070200020000000000000000006c3d6fff180018000000000000000000000000000000000000000000000000000000000000000000000000000000000000000000000000000000000000000000000000000000,a541,a541
GROUND,14,DOCKER,11,ea07051b070203400800000100c00bbb000200400d01002607000002000000000000000000693d6dff180017000000000000000000000000000000000000000000000000000000000000000000000000000000000000000000000000000000000000000000000000000000,0885,0885
GROUND,14,DOCKER,11,ea07051b070204430800000000c70bbb000100450d00002807010001000000000000000000693d6cff180018000000000000000000000000000000000000000000000000000000000000000000000000000000000000000000000000000000000000000000000000000000,3d2d,3d2d
GROUND,14,DOCKER,11,ea07051b070205430801000100b70ba30000003b0d02002e070300010000000000000000006a3d6aff180017000000000000000000000000000000000000000000000000000000000000000000000000000000000000000000000000000000000000000000000000000000,0791,0791
GROUND,14,DOCKER,11,ea07051b0702063e0802000000bf0b9b000000400d03002907000002000000000000000000683d6dff180017000000000000000000000000000000000000000000000000000000000000000000000000000000000000000000000000000000000000000000000000000000,8a96,8a96
GROUND,14,DOCKER,11,ea07051b070207440801000000b80ba9000100480d00002607030002000000000000000000683d6fff180018000000000000000000000000000000000000000000000000000000000000000000000000000000000000000000000000000000000000000000000000000000,e91c,e91c
GROUND,14,DOCKER,11,ea07051b0702083e0800000200b70baf000200400d00002a07030002000000000000000000693d6eff180019000000000000000000000000000000000000000000000000000000000000000000000000000000000000000000000000000000000000000000000000000000,2e32,2e32
GROUND,14,DOCKER,11,ea07051b070209400802000000b50bad0001003f0d02002b07000002000000000000000000693d6dff180017000000000000000000000000000000000000000000000000000000000000000000000000000000000000000000000000000000000000000000000000000000,7391,7391
GROUND,14,DOCKER,11,ea07051b07020a3f0800000100b80bab0000003f0d020029070200010000000000000000006a3d6dff180017000000000000000000000000000000000000000000000000000000000000000000000000000000000000000000000000000000000000000000000000000000,1ebf,1ebf
GROUND,14,DOCKER,11,ea07051b07020b480800000100c10baf0002004b0d00002a07020002000000000000000000683d6eff180017000000000000000000000000000000000000000000000000000000000000000000000000000000000000000000000000000000000000000000000000000000,113b,113b
GROUND,14,DOCKER,11,ea07051b07020c480801000100bb0ba7000000420d030024070200020000000000000000006a3d6eff180018000000000000000000000000000000000000000000000000000000000000000000000000000000000000000000000000000000000000000000000000000000,85b3,85b3
GROUND,14,DOCKER,11,ea07051b07020d470800000100b70bb1000200400d00002507020002000000000000000000683d6dff180018000000000000000000000000000000000000000000000000000000000000000000000000000000000000000000000000000000000000000000000000000000,63f1,63f1
GROUND,14,DOCKER,11,ea07051b07020e440800000200c80bb00000003b0d02002a07030001000000000000000000693d6fff180018000000000000000000000000000000000000000000000000000000000000000000000000000000000000000000000000000000000000000000000000000000,5c3a,5c3a
GROUND,14,DOCKER,11,ea07051b07020f420801000200b70bb30002003a0d01002c07030001000000000000000000693d6fff180017000000000000000000000000000000000000000000000000000000000000000000000000000000000000000000000000000000000000000000000000000000,9150,9150
GROUND,14,DOCKER,11,ea07051b070210450802000200bf0bb10002003f0d02003007010001000000000000000000683d6dff180017000000000000000000000000000000000000000000000000000000000000000000000000000000000000000000000000000000000000000000000000000000,429b,429b
GROUND,14,DOCKER,11,ea07051b070211490801000100bf0baa000100400d02002807010002000000000000000000683d6dff180017000000000000000000000000000000000000000000000000000000000000000000000000000000000000000000000000000000000000000000000000000000,fec5,fec5
GROUND,14,DOCKER,11,ea07051b070212470800000100b80bb5000200380d00002b07010002000000000000000000673d6fff180018000000000000000000000000000000000000000000000000000000000000000000000000000000000000000000000000000000000000000000000000000000,1395,1395
GROUND,14,DOCKER,11,ea07051b0702134a0800000200b60ba9000000470d03002a07010002000000000000000000673d6bff180019000000000000000000000000000000000000000000000000000000000000000000000000000000000000000000000000000000000000000000000000000000,a886,a886
GROUND,14,DOCKER,11,ea07051b070214400802000100c70bad000100400d02002507010002000000000000000000673d6bff180018000000000000000000000000000000000000000000000000000000000000000000000000000000000000000000000000000000000000000000000000000000,0c7c,0c7c
GROUND,14,DOCKER,11,ea07051b070215460802000100b80bae0000004a0d02002807020002000000000000000000693d70ff180018000000000000000000000000000000000000000000000000000000000000000000000000000000000000000000000000000000000000000000000000000000,246a,246a
GROUND,14,DOCKER,11,ea07051b070216400800000200bb0bb7000200470d00002607010002000000000000000000683d6dff180019000000000000000000000000000000000000000000000000000000000000000000000000000000000000000000000000000000000000000000000000000000,f3eb,f3eb
GROUND,14,DOCKER,11,ea07051b0702173f0800000000c80ba7000000370d00002f07030002000000000000000000663d6bff180017000000000000000000000000000000000000000000000000000000000000000000000000000000000000000000000000000000000000000000000000000000,1616,1616
GROUND,14,DOCKER,11,ea07051b070218470801000100b10bb4000200470d00002a07010002000000000000000000673d6fff180018000000000000000000000000000000000000000000000000000000000000000000000000000000000000000000000000000000000000000000000000000000,77fb,77fb
GROUND,14,DOCKER,11,ea07051b070219400802000000b50ba40001003b0d02002f07000002000000000000000000673d6fff180017000000000000000000000000000000000000000000000000000000000000000000000000000000000000000000000000000000000000000000000000000000,b50c,b50c
GROUND,14,DOCKER,11,ea07051b07021a3f0801000000c80baf0002003c0d00002e07020002000000000000000000673d6cff180017000000000000000000000000000000000000000000000000000000000000000000000000000000000000000000000000000000000000000000000000000000,7ff6,7ff6
GROUND,14,DOCKER,11,ea07051b07021b440801000100c40bb60002004c0d00002407030001000000000000000000683d6cff180018000000000000000000000000000000000000000000000000000000000000000000000000000000000000000000000000000000000000000000000000000000,c2b0,c2b0
GROUND,14,DOCKER,11,ea07051b07021c480801000200c70baa000200360d02002b07040002000000000000000000663d6cff180017000000000000000000000000000000000000000000000000000000000000000000000000000000000000000000000000000000000000000000000000000000,4211,4211
GROUND,14,DOCKER,11,ea07051b07022b3b0800000200b70bb5000200350d010025070100010000000000000000006a3d64ff180017000000000000000000000000000000000000000000000000000000000000000000000000000000000000000000000000000000000000000000000000000000,02c6,02c6
GROUND,14,DOCKER,11,ea07051b07022c440800000100b10bb3000200440d02002407030002000000000000000000693d63ff180018000000000000000000000000000000000000000000000000000000000000000000000000000000000000000000000000000000000000000000000000000000,75dc,75dc
GROUND,14,DOCKER,11,ea07051b07022d400801000100bf0bb3000200370d02002d07020002000000000000000000693d65ff180017000000000000000000000000000000000000000000000000000000000000000000000000000000000000000000000000000000000000000000000000000000,9da1,9da1
GROUND,14,DOCKER,11,ea07051b07022e480802000000c20bbc000100490d00002a07020002000000000000000000683d61ff180017000000000000000000000000000000000000000000000000000000000000000000000000000000000000000000000000000000000000000000000000000000,ded1,ded1
GROUND,14,DOCKER,11,ea07051b07022f400801000000b10bb5000000470d03002807020002000000000000000000653d67ff180018000000000000000000000000000000000000000000000000000000000000000000000000000000000000000000000000000000000000000000000000000000,8ae1,8ae1
GROUND,14,DOCKER,11,ea07051b070230450801000200bb0bb9000100480d00002707010002000000000000000000673d68ff180019000000000000000000000000000000000000000000000000000000000000000000000000000000000000000000000000000000000000000000000000000000,7eaf,7eaf
GROUND,14,DOCKER,11,ea07051b070231460802000200bf0bba000000470d02002607020001000000000000000000683d67ff180017000000000000000000000000000000000000000000000000000000000000000000000000000000000000000000000000000000000000000000000000000000,f000,f000
GROUND,14,DOCKER,11,ea07051b070232420801000200b40bba000100490d03003007030001000000000000000000673d59ff180018000000000000000000000000000000000000000000000000000000000000000000000000000000000000000000000000000000000000000000000000000000,5948,5948
GROUND,14,DOCKER,11,ea07051b070233420801000000b30bbb000200400d00002507010002000000000000000000653d62ff180018000000000000000000000000000000000000000000000000000000000000000000000000000000000000000000000000000000000000000000000000000000,7689,7689
GROUND,14,DOCKER,11,ea07051b070234440801000000bb0bc0000200400d00002607010002000000000000000000663d67ff180018000000000000000000000000000000000000000000000000000000000000000000000000000000000000000000000000000000000000000000000000000000,0641,0641
GROUND,14,DOCKER,11,ea07051b0702353a0800000100c80bbb000000400d01002507020002000000000000000000643d65ff180019000000000000000000000000000000000000000000000000000000000000000000000000000000000000000000000000000000000000000000000000000000,3bfc,3bfc
GROUND,14,DOCKER,11,ea07051b070236400801000200c00bb40002003b0d01002d07020002000000000000000000633d69ff180017000000000000000000000000000000000000000000000000000000000000000000000000000000000000000000000000000000000000000000000000000000,7ddd,7ddd
GROUND,14,DOCKER,11,ea07051b070237420801000100bb0bb6000200400d03002707030002000000000000000000663d68ff180018000000000000000000000000000000000000000000000000000000000000000000000000000000000000000000000000000000000000000000000000000000,f090,f090
GROUND,14,DOCKER,11,ea07051b0702383d0800000100c10bbd000000480d00002607010001000000000000000000663d67ff180018000000000000000000000000000000000000000000000000000000000000000000000000000000000000000000000000000000000000000000000000000000,7ebb,7ebb
GROUND,14,DOCKER,11,ea07051b070239400802000100c40bb7000000370d02002e07010001000000000000000000663d69ff180017000000000000000000000000000000000000000000000000000000000000000000000000000000000000000000000000000000000000000000000000000000,fd7f,fd7f
GROUND,14,DOCKER,11,ea07051b07023a400800000200bf0bb70000003a0d02002b07010002000000000000000000653d68ff180018000000000000000000000000000000000000000000000000000000000000000000000000000000000000000000000000000000000000000000000000000000,0608,0608
GROUND,14,DOCKER,11,ea07051b07023b420802000000bb0bb3000200400d03002507020002000000000000000000653d66ff180018000000000000000000000000000000000000000000000000000000000000000000000000000000000000000000000000000000000000000000000000000000,1331,1331
GROUND,14,DOCKER,11,ea07051b070300420800000000bf0baf000000400d03002a07030001000000000000000000643d69ff180018000000000000000000000000000000000000000000000000000000000000000000000000000000000000000000000000000000000000000000000000000000,1c15,1c15
GROUND,14,DOCKER,11,ea07051b070301460800000100bb0bba0000004b0d01002507000002000000000000000000653d69ff180019000000000000000000000000000000000000000000000000000000000000000000000000000000000000000000000000000000000000000000000000000000,3b3a,3b3a
GROUND,14,DOCKER,11,ea07051b0703023d0800000100b80baf0002004a0d01002407020002000000000000000000643d66ff180019000000000000000000000000000000000000000000000000000000000000000000000000000000000000000000000000000000000000000000000000000000,d5d2,d5d2
GROUND,14,DOCKER,11,ea07051b0703033f0801000200b70baf0000003a0d03002e07010001000000000000000000643d66ff180018000000000000000000000000000000000000000000000000000000000000000000000000000000000000000000000000000000000000000000000000000000,6807,6807
GROUND,14,DOCKER,11,ea07051b070304400802000200bf0baf000200470d02002a07030002000000000000000000653d6dff180019000000000000000000000000000000000000000000000000000000000000000000000000000000000000000000000000000000000000000000000000000000,4f8f,4f8f
GROUND,14,DOCKER,11,ea07051b070305400801000100b50bb00000003d0d02002a07030002000000000000000000653d6bff180019000000000000000000000000000000000000000000000000000000000000000000000000000000000000000000000000000000000000000000000000000000,76ba,76ba
GROUND,14,DOCKER,11,ea07051b0703063b0801000200bf0bad000000420d02002207030002000000000000000000643d6dff180018000000000000000000000000000000000000000000000000000000000000000000000000000000000000000000000000000000000000000000000000000000,4b60,4b60
GROUND,14,DOCKER,11,ea07051b070307470801000200c50bb00000004a0d03002607010002000000000000000000653d6cff180019000000000000000000000000000000000000000000000000000000000000000000000000000000000000000000000000000000000000000000000000000000,9d61,9d61
GROUND,14,DOCKER,11,ea07051b070308490802000000c20b9e000000400d03002207010002000000000000000000643d68ff180018000000000000000000000000000000000000000000000000000000000000000000000000000000000000000000000000000000000000000000000000000000,ca58,ca58
GROUND,14,DOCKER,11,ea07051b070309410800000000c00bb7000100390d03002f07000002000000000000000000643d6aff180017000000000000000000000000000000000000000000000000000000000000000000000000000000000000000000000000000000000000000000000000000000,d2fb,d2fb
GROUND,14,DOCKER,11,ea07051b07030a450801000100bb0bb4000100470d02002c07010001000000000000000000653d6dff180019000000000000000000000000000000000000000000000000000000000000000000000000000000000000000000000000000000000000000000000000000000,2497,2497
GROUND,14,DOCKER,11,ea07051b07030b400801000100c60bad0000003a0d02002f07010002000000000000000000643d6dff180018000000000000000000000000000000000000000000000000000000000000000000000000000000000000000000000000000000000000000000000000000000,9955,9955
GROUND,14,DOCKER,11,ea07051b07030c470800000200c00bb00002003c0d03002f07020002000000000000000000633d6cff180018000000000000000000000000000000000000000000000000000000000000000000000000000000000000000000000000000000000000000000000000000000,3a08,3a08
GROUND,14,DOCKER,11,ea07051b07030d440802000000b50bab000200450d00002607030002000000000000000000643d6fff180018000000000000000000000000000000000000000000000000000000000000000000000000000000000000000000000000000000000000000000000000000000,17cc,17cc
GROUND,14,DOCKER,11,ea07051b07030e490802000000bf0bad0001003b0d02002907030002000000000000000000663d6dff180018000000000000000000000000000000000000000000000000000000000000000000000000000000000000000000000000000000000000000000000000000000,231f,231f
GROUND,14,DOCKER,11,ea07051b07030f400801000000bb0ba0000000410d03002407020002000000000000000000633d6cff180018000000000000000000000000000000000000000000000000000000000000000000000000000000000000000000000000000000000000000000000000000000,9bfc,9bfc
GROUND,14,DOCKER,11,ea07051b070310480801000100bf0bb3000200440d02002407020002000000000000000000633d6bff180018000000000000000000000000000000000000000000000000000000000000000000000000000000000000000000000000000000000000000000000000000000,c83f,c83f
GROUND,14,DOCKER,11,ea07051b070311480802000100b80ba20001003a0d03002707010001000000000000000000623d6fff180019000000000000000000000000000000000000000000000000000000000000000000000000000000000000000000000000000000000000000000000000000000,0d71,0d71
GROUND,14,DOCKER,11,ea07051b070312400800000200b70bad0000003f0d01002807020002000000000000000000633d6dff180018000000000000000000000000000000000000000000000000000000000000000000000000000000000000000000000000000000000000000000000000000000,17f3,17f3
GROUND,14,DOCKER,11,ea07051b070313440800000200b50b9d000000490d03002c07020002000000000000000000643d6dff18001a000000000000000000000000000000000000000000000000000000000000000000000000000000000000000000000000000000000000000000000000000000,68d5,68d5
GROUND,14,DOCKER,11,ea07051b070314400801000000c00b9e0000003d0d03002d07020002000000000000000000643d6dff180018000000000000000000000000000000000000000000000000000000000000000000000000000000000000000000000000000000000000000000000000000000,0023,0023
GROUND,14,DOCKER,11,ea07051b070315450802000100bb0bad0002003b0d03002e07010002000000000000000000633d6bff180019000000000000000000000000000000000000000000000000000000000000000000000000000000000000000000000000000000000000000000000000000000,7a52,7a52
GROUND,14,DOCKER,11,ea07051b070316460802000200c00ba10000003b0d02002707020002000000000000000000643d6dff180019000000000000000000000000000000000000000000000000000000000000000000000000000000000000000000000000000000000000000000000000000000,4213,4213
GROUND,14,DOCKER,11,ea07051b0703173f0801000000bf0bb2000200500d00002807020001000000000000000000643d6fff180018000000000000000000000000000000000000000000000000000000000000000000000000000000000000000000000000000000000000000000000000000000,f5f4,f5f4
GROUND,14,DOCKER,11,ea07051b070318450802000000b50bb0000000400d02002b07030002000000000000000000633d6cff180019000000000000000000000000000000000000000000000000000000000000000000000000000000000000000000000000000000000000000000000000000000,63e9,63e9
GROUND,14,DOCKER,11,ea07051b070319480802000100bb0bb6000300380d00002707020002000000000000000000623d6bff180019000000000000000000000000000000000000000000000000000000000000000000000000000000000000000000000000000000000000000000000000000000,bbec,bbec
GROUND,14,DOCKER,11,ea07051b07031a490801000200c80baa0002003f0d01002a07030002000000000000000000613d6eff180018000000000000000000000000000000000000000000000000000000000000000000000000000000000000000000000000000000000000000000000000000000,8456,8456
GROUND,14,DOCKER,11,ea07051b07031b460800000100b80bb1000200370d00003007010001000000000000000000623d6eff180019000000000000000000000000000000000000000000000000000000000000000000000000000000000000000000000000000000000000000000000000000000,a599,a599
GROUND,14,DOCKER,11,ea07051b07031c480800000200c00bb90002004a0d00002c07010001000000000000000000613d6dff180019000000000000000000000000000000000000000000000000000000000000000000000000000000000000000000000000000000000000000000000000000000,ecec,ecec
GROUND,14,DOCKER,11,ea07051b07031d490801000000bb0baf000000490d03002507030001000000000000000000613d6fff180019000000000000000000000000000000000000000000000000000000000000000000000000000000000000000000000000000000000000000000000000000000,18aa,18aa
GROUND,14,DOCKER,11,ea07051b07031e480801000200bf0bac000000400d02002707030000000000000000000000613d6dff180019000000000000000000000000000000000000000000000000000000000000000000000000000000000000000000000000000000000000000000000000000000,b2e5,b2e5
GROUND,14,DOCKER,11,ea07051b07031f3c0800000100bb0baf000200400d00002d07030002000000000000000000633d6cff180019000000000000000000000000000000000000000000000000000000000000000000000000000000000000000000000000000000000000000000000000000000,656e,656e
GROUND,14,DOCKER,11,ea07051b0703203f0801000000c60bb10002003a0d03002d07010003000000000000000000633d6fff180018000000000000000000000000000000000000000000000000000000000000000000000000000000000000000000000000000000000000000000000000000000,79b7,79b7
GROUND,14,DOCKER,11,ea07051b070321400800000200b80ba4000200480d02002507020001000000000000000000623d6dff180019000000000000000000000000000000000000000000000000000000000000000000000000000000000000000000000000000000000000000000000000000000,66c9,66c9
GROUND,14,DOCKER,11,ea07051b070322400800000200bb0ba8000000480d02002607020002000000000000000000623d6cff18001a000000000000000000000000000000000000000000000000000000000000000000000000000000000000000000000000000000000000000000000000000000,addc,addc
GROUND,14,DOCKER,11,ea07051b0703233f0800000100bb0bae000100480d02002807040002000000000000000000603d6bff180019000000000000000000000000000000000000000000000000000000000000000000000000000000000000000000000000000000000000000000000000000000,7019,7019
GROUND,14,DOCKER,11,ea07051b070324440802000000ba0ba50000003f0d02002c07030002000000000000000000633d6bff180019000000000000000000000000000000000000000000000000000000000000000000000000000000000000000000000000000000000000000000000000000000,9f44,9f44
GROUND,14,DOCKER,11,ea07051b070325470802000000c40b9f0000003b0d02002d07010002000000000000000000613d6dff180018000000000000000000000000000000000000000000000000000000000000000000000000000000000000000000000000000000000000000000000000000000,1188,1188
GROUND,14,DOCKER,11,ea07051b070326470800000100b70ba40000003f0d02002807020001000000000000000000613d6eff180018000000000000000000000000000000000000000000000000000000000000000000000000000000000000000000000000000000000000000000000000000000,a943,a943
GROUND,14,DOCKER,11,ea07051b070327480802000000c00ba2000200420d01002d07030001000000000000000000623d70ff180019000000000000000000000000000000000000000000000000000000000000000000000000000000000000000000000000000000000000000000000000000000,0172,0172
GROUND,14,DOCKER,11,ea07051b070328400801000200bf0baa000100350d02002707020002000000000000000000623d6dff180018000000000000000000000000000000000000000000000000000000000000000000000000000000000000000000000000000000000000000000000000000000,023f,023f
GROUND,14,DOCKER,11,ea07051b0703293e0800000200ba0bb2000100420d02002707030002000000000000000000603d6bff180018000000000000000000000000000000000000000000000000000000000000000000000000000000000000000000000000000000000000000000000000000000,7960,7960
GROUND,14,DOCKER,11,ea07051b07032a400801000000c40ba40000003f0d00002a07020001000000000000000000613d6eff180019000000000000000000000000000000000000000000000000000000000000000000000000000000000000000000000000000000000000000000000000000000,e4a0,e4a0
GROUND,14,DOCKER,11,ea07051b07032b440802000200c00bae000000440d02002a07020002000000000000000000613d6eff180019000000000000000000000000000000000000000000000000000000000000000000000000000000000000000000000000000000000000000000000000000000,a8ca,a8ca
GROUND,14,DOCKER,11,ea07051b07032c430802000000ba0ba40000003b0d03002e07010002000000000000000000613d6eff180019000000000000000000000000000000000000000000000000000000000000000000000000000000000000000000000000000000000000000000000000000000,83b5,83b5
GROUND,14,DOCKER,11,ea07051b07032d470802000000b70bb7000200400d01002607020002000000000000000000603d6eff180019000000000000000000000000000000000000000000000000000000000000000000000000000000000000000000000000000000000000000000000000000000,b0b9,b0b9
GROUND,14,DOCKER,11,ea07051b07032e400802000000b70bb3000100400d02002707000001000000000000000000613d6eff180019000000000000000000000000000000000000000000000000000000000000000000000000000000000000000000000000000000000000000000000000000000,363e,363e
GROUND,14,DOCKER,11,ea07051b07032f450800000100b40baf0003003f0d00002b07020002000000000000000000613d6dff180018000000000000000000000000000000000000000000000000000000000000000000000000000000000000000000000000000000000000000000000000000000,530f,530f
GROUND,14,DOCKER,11,ea07051b0703303f0800000000bb0bab000100440d02002507030001000000000000000000603d6fff180019000000000000000000000000000000000000000000000000000000000000000000000000000000000000000000000000000000000000000000000000000000,6a20,6a20
GROUND,14,DOCKER,11,ea07051b0703314a0802000000b50bb0000200400d01002d07020002000000000000000000603d6dff180019000000000000000000000000000000000000000000000000000000000000000000000000000000000000000000000000000000000000000000000000000000,f0cd,f0cd
GROUND,14,DOCKER,11,ea07051b070332400802000000b30bb00002004a0d01002607020002000000000000000000603d6cff180019000000000000000000000000000000000000000000000000000000000000000000000000000000000000000000000000000000000000000000000000000000,c098,c098
GROUND,14,DOCKER,11,ea07051b0703334a0801000200bf0bae000100370d03002707000000000000000000000000603d6eff180018000000000000000000000000000000000000000000000000000000000000000000000000000000000000000000000000000000000000000000000000000000,d297,d297
GROUND,14,DOCKER,11,ea07051b070334400800000200b80bb3000200400d00002f070200010000000000000000005f3d6dff180018000000000000000000000000000000000000000000000000000000000000000000000000000000000000000000000000000000000000000000000000000000,e167,e167
GROUND,14,DOCKER,11,ea07051b0703353c0800000100b70bb3000200480d02002507010002000000000000000000603d6eff180019000000000000000000000000000000000000000000000000000000000000000000000000000000000000000000000000000000000000000000000000000000,96f6,96f6
GROUND,14,DOCKER,11,ea07051b0703363f0802000100bf0baf000100390d02002b070000010000000000000000005f3d6fff180018000000000000000000000000000000000000000000000000000000000000000000000000000000000000000000000000000000000000000000000000000000,f10c,f10c
GROUND,14,DOCKER,11,ea07051b070337400801000200b30bac000000400d020023070300020000000000000000005f3d6dff180019000000000000000000000000000000000000000000000000000000000000000000000000000000000000000000000000000000000000000000000000000000,dc5d,dc5d
GROUND,14,DOCKER,11,ea07051b0703383f0801000100c00ba4000200460d00002907030002000000000000000000613d69ff180018000000000000000000000000000000000000000000000000000000000000000000000000000000000000000000000000000000000000000000000000000000,fc42,fc42
GROUND,14,DOCKER,11,ea07051b0703393e0800000200c30bb1000100440d03002907030002000000000000000000603d6dff180019000000000000000000000000000000000000000000000000000000000000000000000000000000000000000000000000000000000000000000000000000000,0102,0102
GROUND,14,DOCKER,11,ea07051b07033a3f0800000200b80bad0002003f0d00002c07030001000000000000000000603d6dff18001a000000000000000000000000000000000000000000000000000000000000000000000000000000000000000000000000000000000000000000000000000000,c542,c542
GROUND,14,DOCKER,11,ea07051b07033b450800000100b70bae000000380d020029070200020000000000000000005f3d6cff180019000000000000000000000000000000000000000000000000000000000000000000000000000000000000000000000000000000000000000000000000000000,b37b,b37b
GROUND,14,DOCKER,11,ea07051b0704003b0800000100c30bb40002003d0d000032070200010000000000000000005f3d6dff180018000000000000000000000000000000000000000000000000000000000000000000000000000000000000000000000000000000000000000000000000000000,004d,004d
GROUND,14,DOCKER,11,ea07051b070401400800000200bb0bb3000200440d030029070100020000000000000000005f3d6dff18001a000000000000000000000000000000000000000000000000000000000000000000000000000000000000000000000000000000000000000000000000000000,1a49,1a49
GROUND,14,DOCKER,11,ea07051b0704023f0800000200b80bb20002003f0d00002c070100020000000000000000005f3d6dff180019000000000000000000000000000000000000000000000000000000000000000000000000000000000000000000000000000000000000000000000000000000,8703,8703
GROUND,14,DOCKER,11,ea07051b0704033f0801000100c00bb3000200360d00002e070300020000000000000000005f3d6dff180018000000000000000000000000000000000000000000000000000000000000000000000000000000000000000000000000000000000000000000000000000000,01f8,01f8
GROUND,14,DOCKER,11,ea07051b0704044a0802000200b70ba6000000470d020028070300020000000000000000005f3d6fff18001a000000000000000000000000000000000000000000000000000000000000000000000000000000000000000000000000000000000000000000000000000000,f56e,f56e
GROUND,14,DOCKER,11,ea07051b070405430801000000bf0bab0000003d0d02002c070000020000000000000000005f3d6dff180019000000000000000000000000000000000000000000000000000000000000000000000000000000000000000000000000000000000000000000000000000000,e5f2,e5f2
GROUND,14,DOCKER,11,ea07051b0704063d0800000200c00baa000000440d020027070200020000000000000000005f3d6dff180019000000000000000000000000000000000000000000000000000000000000000000000000000000000000000000000000000000000000000000000000000000,22cd,22cd
GROUND,14,DOCKER,11,ea07051b0704074e0800000100c10ba8000100390d030030070300020000000000000000005f3d6bff180018000000000000000000000000000000000000000000000000000000000000000000000000000000000000000000000000000000000000000000000000000000,9f3e,9f3e
GROUND,14,DOCKER,11,ea07051b0704083f0801000200bf0bb1000200400d02002c07010002000000000000000000603d6eff180018000000000000000000000000000000000000000000000000000000000000000000000000000000000000000000000000000000000000000000000000000000,1d67,1d67
GROUND,14,DOCKER,11,ea07051b070409480800000200c00ba4000000400d03002d070000020000000000000000005f3d6eff18001a000000000000000000000000000000000000000000000000000000000000000000000000000000000000000000000000000000000000000000000000000000,e90d,e90d
GROUND,14,DOCKER,11,ea07051b07040a3f0800000000bc0ba4000100480d020029070000020000000000000000005f3d6bff180019000000000000000000000000000000000000000000000000000000000000000000000000000000000000000000000000000000000000000000000000000000,113a,113a
GROUND,14,DOCKER,11,ea07051b07040b400802000000bf0baf000200400d000029070200010000000000000000005d3d6dff180018000000000000000000000000000000000000000000000000000000000000000000000000000000000000000000000000000000000000000000000000000000,b4a2,b4a2
GROUND,14,DOCKER,11,ea07051b07040c3f0800000200c40bae0000003f0d03002f070000020000000000000000005e3d6bff180019000000000000000000000000000000000000000000000000000000000000000000000000000000000000000000000000000000000000000000000000000000,3339,3339
GROUND,14,DOCKER,11,ea07051b07040d450802000000b70bba000000400d020025070300020000000000000000005f3d6dff18001a000000000000000000000000000000000000000000000000000000000000000000000000000000000000000000000000000000000000000000000000000000,f36c,f36c
GROUND,14,DOCKER,11,ea07051b07040e420802000000ba0ba2000000400d02002d070200020000000000000000005e3d6fff18001a000000000000000000000000000000000000000000000000000000000000000000000000000000000000000000000000000000000000000000000000000000,ac8d,ac8d
GROUND,14,DOCKER,11,ea07051b07040f3d0800000200b20bb2000200480d010024070300020000000000000000005e3d6fff180019000000000000000000000000000000000000000000000000000000000000000000000000000000000000000000000000000000000000000000000000000000,5a1a,5a1a
GROUND,14,DOCKER,11,ea07051b0704103f0802000000b00bad000100470d000028070200030000000000000000005e3d6cff180019000000000000000000000000000000000000000000000000000000000000000000000000000000000000000000000000000000000000000000000000000000,c27c,c27c
GROUND,14,DOCKER,11,ea07051b070411480800000200b70baf0000003b0d030029070300020000000000000000005f3d6dff180018000000000000000000000000000000000000000000000000000000000000000000000000000000000000000000000000000000000000000000000000000000,94d4,94d4
GROUND,14,DOCKER,11,ea07051b070412460800000100b70bb3000000440d010025070300010000000000000000005f3d6cff180019000000000000000000000000000000000000000000000000000000000000000000000000000000000000000000000000000000000000000000000000000000,a92a,a92a
GROUND,14,DOCKER,11,ea07051b07190f480801000100c00b02000100320d010021070200010000000000000000007f3dc2ff180016000000000000000000000000000000000000000000000000000000000000000000000000000000000000000000000000000000000000000000000000000000,75c3,75c3
GROUND,14,DOCKER,11,ea07051b071910490802000100c00b01000100450d01002607020002000000000000000000813dc4ff180016000000000000000000000000000000000000000000000000000000000000000000000000000000000000000000000000000000000000000000000000000000,15ff,15ff
GROUND,14,DOCKER,11,ea07051b0719113b0800000100bd0b020001003b0d02002b070200020000000000000000007e3dbeff180016000000000000000000000000000000000000000000000000000000000000000000000000000000000000000000000000000000000000000000000000000000,6025,6025
GROUND,14,DOCKER,11,ea07051b0719123f0801000000b30b030001003f0d01002a070200020000000000000000007f3dbdff180017000000000000000000000000000000000000000000000000000000000000000000000000000000000000000000000000000000000000000000000000000000,ca50,ca50
GROUND,14,DOCKER,11,ea07051b071913460801000100bc0b02000100440d020028070400020000000000000000007f3dc2ff180017000000000000000000000000000000000000000000000000000000000000000000000000000000000000000000000000000000000000000000000000000000,d08a,d08a
GROUND,14,DOCKER,11,ea07051b071914470801000000b20b020001004b0d020026070200020000000000000000007d3dc2ff180017000000000000000000000000000000000000000000000000000000000000000000000000000000000000000000000000000000000000000000000000000000,88de,88de
GROUND,14,DOCKER,11,ea07051b0719154a0801000100bb0b02000100460d010026070200030000000000000000007e3dc2ff180016000000000000000000000000000000000000000000000000000000000000000000000000000000000000000000000000000000000000000000000000000000,cc2d,cc2d
GROUND,14,DOCKER,11,ea07051b0719163c0800000100b40b01000100380d020029070200020000000000000000007d3dc2ff180018000000000000000000000000000000000000000000000000000000000000000000000000000000000000000000000000000000000000000000000000000000,3347,3347
GROUND,14,DOCKER,11,ea07051b071917400801000100c30b020001003f0d01002f070200020000000000000000007c3dc2ff180016000000000000000000000000000000000000000000000000000000000000000000000000000000000000000000000000000000000000000000000000000000,bada,bada
GROUND,14,DOCKER,11,ea07051b071918400801000000c30b020001003d0d01002d070200020000000000000000007d3dc2ff180017000000000000000000000000000000000000000000000000000000000000000000000000000000000000000000000000000000000000000000000000000000,3501,3501
GROUND,14,DOCKER,11,ea07051b071919490801000000b80b00000200400d010023070200010000000000000000007d3dbfff180017000000000000000000000000000000000000000000000000000000000000000000000000000000000000000000000000000000000000000000000000000000,29f2,29f2
GROUND,14,DOCKER,11,ea07051b07191a430800000100b10b01000100400d010026070200010000000000000000007d3dbeff180017000000000000000000000000000000000000000000000000000000000000000000000000000000000000000000000000000000000000000000000000000000,ddfc,ddfc
GROUND,14,DOCKER,11,ea07051b07191b470802000000b80b01000100490d01002c070200020000000000000000007e3dc2ff180017000000000000000000000000000000000000000000000000000000000000000000000000000000000000000000000000000000000000000000000000000000,265c,265c
GROUND,14,DOCKER,11,ea07051b07191c400800000000b40b01000200400d02002d070200020000000000000000007d3dc1ff180017000000000000000000000000000000000000000000000000000000000000000000000000000000000000000000000000000000000000000000000000000000,7464,7464
GROUND,14,DOCKER,11,ea07051b07191d3f0801000100b40b010001003f0d010031070200010000000000000000007c3dc2ff180016000000000000000000000000000000000000000000000000000000000000000000000000000000000000000000000000000000000000000000000000000000,bb61,bb61
GROUND,14,DOCKER,11,ea07051b07191e3d0800000100b30b010001003f0d01002a070200020000000000000000007d3dc2ff180016000000000000000000000000000000000000000000000000000000000000000000000000000000000000000000000000000000000000000000000000000000,941d,941d
GROUND,14,DOCKER,11,ea07051b07191f470801000100ba0b020001003f0d010030070200010000000000000000007d3dc2ff180016000000000000000000000000000000000000000000000000000000000000000000000000000000000000000000000000000000000000000000000000000000,e9cc,e9cc
GROUND,14,DOCKER,11,ea07051b071920480801000100b80b010001003b0d02002e070200020000000000000000007d3dc2ff190016000000000000000000000000000000000000000000000000000000000000000000000000000000000000000000000000000000000000000000000000000000,513b,513b
GROUND,14,DOCKER,11,ea07051b0719214a0801000000bf0b02000100390d01002d070200020000000000000000007d3dc1ff190016000000000000000000000000000000000000000000000000000000000000000000000000000000000000000000000000000000000000000000000000000000,9ac7,9ac7
GROUND,14,DOCKER,11,ea07051b071922400801000100b70b02000200400d020026070200010000000000000000007b3dbfff180018000000000000000000000000000000000000000000000000000000000000000000000000000000000000000000000000000000000000000000000000000000,1d7f,1d7f
GROUND,14,DOCKER,11,ea07051b071923410800000100bf0b02000100400d020026070200020000000000000000007c3dc0ff190016000000000000000000000000000000000000000000000000000000000000000000000000000000000000000000000000000000000000000000000000000000,e46e,e46e
GROUND,14,DOCKER,11,ea07051b0719243c0801000100b90b02000100380d010027070200010000000000000000007c3dc2ff190017000000000000000000000000000000000000000000000000000000000000000000000000000000000000000000000000000000000000000000000000000000,7dcf,7dcf
GROUND,14,DOCKER,11,ea07051b071925480801000100b50b01000100480d010025070200020000000000000000007d3dc1ff190017000000000000000000000000000000000000000000000000000000000000000000000000000000000000000000000000000000000000000000000000000000,d803,d803
GROUND,14,DOCKER,11,ea07051b0719263f0801000100b70b01000100380d010029070200020000000000000000007b3dc3ff190018000000000000000000000000000000000000000000000000000000000000000000000000000000000000000000000000000000000000000000000000000000,fdee,fdee
GROUND,14,DOCKER,11,ea07051b0719273f0801000100b70b010001003d0d01002f070200020000000000000000007b3dc3ff190017000000000000000000000000000000000000000000000000000000000000000000000000000000000000000000000000000000000000000000000000000000,462a,462a
GROUND,14,DOCKER,11,ea07051b071928480801000000c20b010001003f0d02002e07020003000000000000000000793dc0ff190016000000000000000000000000000000000000000000000000000000000000000000000000000000000000000000000000000000000000000000000000000000,2dda,2dda
GROUND,14,DOCKER,11,ea07051b071929400801000100bf0b01000100380d02002d070200020000000000000000007b3dc0ff190018000000000000000000000000000000000000000000000000000000000000000000000000000000000000000000000000000000000000000000000000000000,3ea8,3ea8
GROUND,14,DOCKER,11,ea07051b07192a400801000000c50b000001003d0d01002e070200010000000000000000007b3dc3ff190018000000000000000000000000000000000000000000000000000000000000000000000000000000000000000000000000000000000000000000000000000000,2825,2825
GROUND,14,DOCKER,11,ea07051b07192b3f0802000100c00b03000100470d01002e070200020000000000000000007d3dc0ff190017000000000000000000000000000000000000000000000000000000000000000000000000000000000000000000000000000000000000000000000000000000,1b68,1b68
GROUND,14,DOCKER,11,ea07051b07192c3d0801000000b70b02000100400d010026070200020000000000000000007a3dc2ff190018000000000000000000000000000000000000000000000000000000000000000000000000000000000000000000000000000000000000000000000000000000,e622,e622
GROUND,14,DOCKER,11,ea07051b07192d400801000100c20b010001003a0d02002f070200020000000000000000007d3dc4ff190018000000000000000000000000000000000000000000000000000000000000000000000000000000000000000000000000000000000000000000000000000000,3158,3158
GROUND,14,DOCKER,11,ea07051b07192e3f0800000100bc0b020001003d0d01002e070200020000000000000000007b3dc3ff190016000000000000000000000000000000000000000000000000000000000000000000000000000000000000000000000000000000000000000000000000000000,aff3,aff3
GROUND,14,DOCKER,11,ea07051b07192f420801000100bb0b01000200390d01002b070200010000000000000000007a3dc1ff190017000000000000000000000000000000000000000000000000000000000000000000000000000000000000000000000000000000000000000000000000000000,7ff5,7ff5
GROUND,14,DOCKER,11,ea07051b0719303c0800000100c00b010001004f0d01002c070200010000000000000000007a3dbeff190017000000000000000000000000000000000000000000000000000000000000000000000000000000000000000000000000000000000000000000000000000000,7b93,7b93
GROUND,14,DOCKER,11,ea07051b071931400802000100b20b02000100430d01002c070200020000000000000000007a3dc3ff190017000000000000000000000000000000000000000000000000000000000000000000000000000000000000000000000000000000000000000000000000000000,4837,4837
GROUND,14,DOCKER,11,ea07051b0719323d0801000100bf0b01000100380d02002d070300020000000000000000007b3dc1ff190017000000000000000000000000000000000000000000000000000000000000000000000000000000000000000000000000000000000000000000000000000000,53a9,53a9
GROUND,14,DOCKER,11,ea07051b071933400801000100bf0b02000100480d020028070200020000000000000000007a3dc2ff190017000000000000000000000000000000000000000000000000000000000000000000000000000000000000000000000000000000000000000000000000000000,5215,5215
GROUND,14,DOCKER,11,ea07051b0719344a0801000000c60b020002003f0d02002a070200020000000000000000007b3dc1ff190016000000000000000000000000000000000000000000000000000000000000000000000000000000000000000000000000000000000000000000000000000000,5f82,5f82
GROUND,14,DOCKER,11,ea07051b0719353e0800000100bf0b020001004c0d020030070200010000000000000000007a3dc2ff190016000000000000000000000000000000000000000000000000000000000000000000000000000000000000000000000000000000000000000000000000000000,5998,5998
GROUND,14,DOCKER,11,ea07051b071936460800000000bf0b01000100440d02002907020001000000000000000000793dc3ff190017000000000000000000000000000000000000000000000000000000000000000000000000000000000000000000000000000000000000000000000000000000,42fc,42fc
GROUND,14,DOCKER,11,ea07051b071937400800000100bf0b010001003a0d01002b070200010000000000000000007b3dc0ff190017000000000000000000000000000000000000000000000000000000000000000000000000000000000000000000000000000000000000000000000000000000,20f7,20f7
GROUND,14,DOCKER,11,ea07051b071938400800000100b40b01000100420d010025070200010000000000000000007a3dbfff190017000000000000000000000000000000000000000000000000000000000000000000000000000000000000000000000000000000000000000000000000000000,5829,5829
GROUND,14,DOCKER,11,ea07051b071939410800000200b40b01000000460d01002807010001000000000000000000793dbfff190017000000000000000000000000000000000000000000000000000000000000000000000000000000000000000000000000000000000000000000000000000000,6409,6409
GROUND,14,DOCKER,11,ea07051b07193a450801000100b30b02000100340d010024070200020000000000000000007b3dc3ff190017000000000000000000000000000000000000000000000000000000000000000000000000000000000000000000000000000000000000000000000000000000,1eb6,1eb6
GROUND,14,DOCKER,11,ea07051b07193b440801000100b40b020001004b0d01002607020002000000000000000000793dc2ff190017000000000000000000000000000000000000000000000000000000000000000000000000000000000000000000000000000000000000000000000000000000,7b66,7b66
GROUND,14,DOCKER,11,ea07051b071a00470802000000c20b020001004b0d010026070200020000000000000000007a3dc1ff190017000000000000000000000000000000000000000000000000000000000000000000000000000000000000000000000000000000000000000000000000000000,3f0d,3f0d
GROUND,14,DOCKER,11,ea07051b071a01480801000000c00b01000100470d010032070200020000000000000000007a3dc1ff180017000000000000000000000000000000000000000000000000000000000000000000000000000000000000000000000000000000000000000000000000000000,4d2b,4d2b
GROUND,14,DOCKER,11,ea07051b071a02440801000000c00b020000003d0d01002d070200020000000000000000007a3dc2ff180018000000000000000000000000000000000000000000000000000000000000000000000000000000000000000000000000000000000000000000000000000000,dd08,dd08
GROUND,14,DOCKER,11,ea07051b071a033f0800000100bf0b01000100470d010025070200010000000000000000007a3dc1ff180018000000000000000000000000000000000000000000000000000000000000000000000000000000000000000000000000000000000000000000000000000000,9425,9425
GROUND,14,DOCKER,11,ea07051b071a043f0801000000af0b010001004d0d01002607020002000000000000000000793dc1ff180017000000000000000000000000000000000000000000000000000000000000000000000000000000000000000000000000000000000000000000000000000000,5017,5017
GROUND,14,DOCKER,11,ea07051b071a054d0801000100bf0b010002003b0d01002e070200010000000000000000007b3dc0ff180016000000000000000000000000000000000000000000000000000000000000000000000000000000000000000000000000000000000000000000000000000000,89d9,89d9
GROUND,14,DOCKER,11,ea07051b071a063d0800000100c00b01000100390d01002d07020001000000000000000000793dbfff180016000000000000000000000000000000000000000000000000000000000000000000000000000000000000000000000000000000000000000000000000000000,db11,db11
GROUND,14,DOCKER,11,ea07051b071a07400800000100b80b01000100440d020027070200020000000000000000007b3dc1ff180017000000000000000000000000000000000000000000000000000000000000000000000000000000000000000000000000000000000000000000000000000000,da5f,da5f
GROUND,14,DOCKER,11,ea07051b071a083a0801000100c40b010002003b0d02002707020001000000000000000000793dc2ff180018000000000000000000000000000000000000000000000000000000000000000000000000000000000000000000000000000000000000000000000000000000,128b,128b
GROUND,14,DOCKER,11,ea07051b071a09440801000000c20b010001003f0d01002c070200020000000000000000007a3dc1ff180017000000000000000000000000000000000000000000000000000000000000000000000000000000000000000000000000000000000000000000000000000000,3ced,3ced
GROUND,14,DOCKER,11,ea07051b071a0a3d0802000100c20b010002003d0d010026070200010000000000000000007a3dc3ff180017000000000000000000000000000000000000000000000000000000000000000000000000000000000000000000000000000000000000000000000000000000,b7e2,b7e2
GROUND,14,DOCKER,11,ea07051b071a0b400801000100b80b010001003b0d02002607020001000000000000000000793dbfff180017000000000000000000000000000000000000000000000000000000000000000000000000000000000000000000000000000000000000000000000000000000,6aab,6aab
GROUND,14,DOCKER,11,ea07051b071a0c480801000100b20b01000100470d010028070200020000000000000000007a3dc2ff180016000000000000000000000000000000000000000000000000000000000000000000000000000000000000000000000000000000000000000000000000000000,605a,605a
GROUND,14,DOCKER,11,ea07051b071a0d430801000100b70b01000100390d02002d070100010000000000000000007b3dc1ff1800170000000000000000000000000000000000000000000000000000000000000000000000000000000000000000000000000000000000000000000000000000,0036,09c0
GROUND,14,DOCKER,11,ea07051b071a0e440801000100b40b020001004a0d000026070200010000000000000000007b3dc0ff180017000000000000000000000000000000000000000000000000000000000000000000000000000000000000000000000000000000000000000000000000000000,981d,981d
GROUND,14,DOCKER,11,ea07051b071a0f400800000100b30b02000100400d01002b070200020000000000000000007a3dc0ff180016000000000000000000000000000000000000000000000000000000000000000000000000000000000000000000000000000000000000000000000000000000,2682,2682
GROUND,14,DOCKER,11,ea07051b071a104a0801000100c00b02000000470d010031070200020000000000000000007a3dc2ff180017000000000000000000000000000000000000000000000000000000000000000000000000000000000000000000000000000000000000000000000000000000,550d,550d
GROUND,14,DOCKER,11,ea07051b071a113d0800000100c50b010001004a0d010028070200020000000000000000007a3dc2ff180018000000000000000000000000000000000000000000000000000000000000000000000000000000000000000000000000000000000000000000000000000000,8cbc,8cbc
GROUND,14,DOCKER,11,ea07051b071a12410801000100bf0b010001003b0d01002e070200010000000000000000007a3dc2ff180018000000000000000000000000000000000000000000000000000000000000000000000000000000000000000000000000000000000000000000000000000000,89f3,89f3
GROUND,14,DOCKER,11,ea07051b071a13480801000000c00b010001003f0d000030070200020000000000000000007a3dbdff180017000000000000000000000000000000000000000000000000000000000000000000000000000000000000000000000000000000000000000000000000000000,0174,0174
GROUND,14,DOCKER,11,ea07051b071a143f0800000100bf0b02000000400d01002b07020001000000000000000000793dc2ff180018000000000000000000000000000000000000000000000000000000000000000000000000000000000000000000000000000000000000000000000000000000,b1dc,b1dc
GROUND,14,DOCKER,11,ea07051b071a15400801000200b70b02000100390d01002d07010002000000000000000000793dc2ff180017000000000000000000000000000000000000000000000000000000000000000000000000000000000000000000000000000000000000000000000000000000,e7d5,e7d5
GROUND,14,DOCKER,11,ea07051b071a163f0801000100b90b010001003f0d01002c07010002000000000000000000783dc2ff180017000000000000000000000000000000000000000000000000000000000000000000000000000000000000000000000000000000000000000000000000000000,8ea2,8ea2
GROUND,14,DOCKER,11,ea07051b071a173f0800000100b60b01000200470d00002807020002000000000000000000783dc2ff180017000000000000000000000000000000000000000000000000000000000000000000000000000000000000000000000000000000000000000000000000000000,0439,0439
GROUND,14,DOCKER,11,ea07051b071a18400801000100b80b01000100400d01002707020001000000000000000000783dc1ff180018000000000000000000000000000000000000000000000000000000000000000000000000000000000000000000000000000000000000000000000000000000,f5bd,f5bd
GROUND,14,DOCKER,11,ea07051b071a19400801000100bf0b01000100340d02002b07020001000000000000000000783dc1ff180016000000000000000000000000000000000000000000000000000000000000000000000000000000000000000000000000000000000000000000000000000000,282a,282a
GROUND,14,DOCKER,11,ea07051b071a1a400800000100c40b010002003a0d02002907020001000000000000000000783dc1ff180018000000000000000000000000000000000000000000000000000000000000000000000000000000000000000000000000000000000000000000000000000000,6d59,6d59
GROUND,14,DOCKER,11,ea07051b071a1b400800000100bf0b01000100400d0100260702001c000000000000000000793dc2ff180018000000000000000000000000000000000000000000000000000000000000000000000000000000000000000000000000000000000000000000000000000000,94ef,94ef
GROUND,14,DOCKER,11,ea07051b071a1c3d0800000100b70b01000100360d02002907020001000000000000000000793dbfff180017000000000000000000000000000000000000000000000000000000000000000000000000000000000000000000000000000000000000000000000000000000,53df,53df
GROUND,14,DOCKER,11,ea07051b071a1d480801000000b90b020000004a0d02002507020002000000000000000000783dc0ff180018000000000000000000000000000000000000000000000000000000000000000000000000000000000000000000000000000000000000000000000000000000,0095,0095
GROUND,14,DOCKER,11,ea07051b071a1e3d0800000100b50b02000200440d020025070200010000000000000000007a3dc2ff180018000000000000000000000000000000000000000000000000000000000000000000000000000000000000000000000000000000000000000000000000000000,3f10,3f10
GROUND,14,DOCKER,11,ea07051b071a1f430800000100c00b01000100510d02002707020002000000000000000000783dc3ff180018000000000000000000000000000000000000000000000000000000000000000000000000000000000000000000000000000000000000000000000000000000,b767,b767
GROUND,14,DOCKER,11,ea07051b071a20440801000100b60b01000000470d01002c07020002000000000000000000783dc0ff180017000000000000000000000000000000000000000000000000000000000000000000000000000000000000000000000000000000000000000000000000000000,d245,d245
GROUND,14,DOCKER,11,ea07051b071a213f0801000100bf0b010002003b0d01003307020001000000000000000000783dc1ff180018000000000000000000000000000000000000000000000000000000000000000000000000000000000000000000000000000000000000000000000000000000,40b6,40b6
GROUND,14,DOCKER,11,ea07051b071a22470802000100c10b010001003d0d01002c07020002000000000000000000793dc0ff180016000000000000000000000000000000000000000000000000000000000000000000000000000000000000000000000000000000000000000000000000000000,408c,408c
GROUND,14,DOCKER,11,ea07051b071a23420801000100b80b01000100440d01002a07020002000000000000000000783dc1ff180017000000000000000000000000000000000000000000000000000000000000000000000000000000000000000000000000000000000000000000000000000000,020d,020d
GROUND,14,DOCKER,11,ea07051b071a24400801000100be0b020001003b0d01002c07020002000000000000000000763dc1ff180017000000000000000000000000000000000000000000000000000000000000000000000000000000000000000000000000000000000000000000000000000000,017a,017a
GROUND,14,DOCKER,11,ea07051b071a25470801000000bb0b01000100370d01002707020040000000000000000000793dc0ff180018000000000000000000000000000000000000000000000000000000000000000000000000000000000000000000000000000000000000000000000000000000,958a,958a
GROUND,14,DOCKER,11,ea07051b071a26460801000000c00b010001003f0d02002807020008000000000000000000753dabff180017000000000000000000000000000000000000000000000000000000000000000000000000000000000000000000000000000000000000000000000000000000,12c3,12c3
GROUND,14,DOCKER,11,ea07051b071a27430800000100c20b01000200360d00002507020003000000000000000000733dacff180018000000000000000000000000000000000000000000000000000000000000000000000000000000000000000000000000000000000000000000000000000000,69a0,69a0
GROUND,14,DOCKER,11,ea07051b071a284a0801000100ba0b010001003f0d02002e07020039000000000000000000743db0ff180017000000000000000000000000000000000000000000000000000000000000000000000000000000000000000000000000000000000000000000000000000000,0fd3,0fd3
GROUND,14,DOCKER,11,ea07051b071a293f0800000100b10b02000100490d0200280702003b000000000000000000743dacff180017000000000000000000000000000000000000000000000000000000000000000000000000000000000000000000000000000000000000000000000000000000,e5d6,e5d6
GROUND,14,DOCKER,11,ea07051b071a2a4a0801000000b80b02000100400d01002707020026000000000000000000743dabff180017000000000000000000000000000000000000000000000000000000000000000000000000000000000000000000000000000000000000000000000000000000,0d52,0d52
GROUND,14,DOCKER,11,ea07051b071a2b400800000100b50b02000000480d02002607020058000000000000000000743daeff180018000000000000000000000000000000000000000000000000000000000000000000000000000000000000000000000000000000000000000000000000000000,e6c6,e6c6
GROUND,14,DOCKER,11,ea07051b071a2c3f0801000200bb0b02000100400d01002607020008000000000000000000733dafff180018000000000000000000000000000000000000000000000000000000000000000000000000000000000000000000000000000000000000000000000000000000,94b8,94b8
GROUND,14,DOCKER,11,ea07051b071a2d480801000000c00b010002003b0d01002b07020052000000000000000000723dadff180018000000000000000000000000000000000000000000000000000000000000000000000000000000000000000000000000000000000000000000000000000000,95aa,95aa
GROUND,14,DOCKER,11,ea07051b071a2e470801000000bf0b02000100370d02002b07020024000000000000000000723daeff180017000000000000000000000000000000000000000000000000000000000000000000000000000000000000000000000000000000000000000000000000000000,b706,b706
GROUND,14,DOCKER,11,ea07051b071a2f3e0800000100b30b020001003f0d01002507020045000000000000000000733db0ff180017000000000000000000000000000000000000000000000000000000000000000000000000000000000000000000000000000000000000000000000000000000,1316,1316
GROUND,14,DOCKER,11,ea07051b071a30400801000100bb0b02000100480d01002507020049000000000000000000723daeff180019000000000000000000000000000000000000000000000000000000000000000000000000000000000000000000000000000000000000000000000000000000,6bdd,6bdd
GROUND,14,DOCKER,11,ea07051b071a31440802000000b40b02000100370d02002e07020072000000000000000000743db0ff180019000000000000000000000000000000000000000000000000000000000000000000000000000000000000000000000000000000000000000000000000000000,0142,0142
GROUND,14,DOCKER,11,ea07051b071a32400801000100c70b00000100380d02002b07020003000000000000000000743dabff180017000000000000000000000000000000000000000000000000000000000000000000000000000000000000000000000000000000000000000000000000000000,71b2,71b2
GROUND,14,DOCKER,11,ea07051b071a333e0800000100b70b02000100370d01002b0702004d000000000000000000713da9ff180018000000000000000000000000000000000000000000000000000000000000000000000000000000000000000000000000000000000000000000000000000000,00a7,00a7
GROUND,14,DOCKER,11,ea07051b071a343f0801000100b40b020000003a0d01002e07020004000000000000000000713dadff180017000000000000000000000000000000000000000000000000000000000000000000000000000000000000000000000000000000000000000000000000000000,6b51,6b51
GROUND,14,DOCKER,11,ea07051b071a35400800000100c20b02000200380d01002707020008000000000000000000713db0ff180018000000000000000000000000000000000000000000000000000000000000000000000000000000000000000000000000000000000000000000000000000000,fe89,fe89
GROUND,14,DOCKER,11,ea07051b071a36460801000100b90b01000100430d01003007020012000000000000000000733dafff180017000000000000000000000000000000000000000000000000000000000000000000000000000000000000000000000000000000000000000000000000000000,6f7b,6f7b
GROUND,14,DOCKER,11,ea07051b071a37440801000100b70b02000200390d01002b07010004000000000000000000733db0ff180017000000000000000000000000000000000000000000000000000000000000000000000000000000000000000000000000000000000000000000000000000000,f470,f470
GROUND,14,DOCKER,11,ea07051b071a383d0800000100c30b020000004b0d00002807020002000000000000000000723dafff180017000000000000000000000000000000000000000000000000000000000000000000000000000000000000000000000000000000000000000000000000000000,a801,a801
GROUND,14,DOCKER,11,ea07051b071a39430801000000b90b010001003f0d02002e07020053000000000000000000733dacff180017000000000000000000000000000000000000000000000000000000000000000000000000000000000000000000000000000000000000000000000000000000,3704,3704
GROUND,14,DOCKER,11,ea07051b071a3a3f0800000100c40b010001003b0d01002c0702005c000000000000000000743dafff180018000000000000000000000000000000000000000000000000000000000000000000000000000000000000000000000000000000000000000000000000000000,8a02,8a02
GROUND,14,DOCKER,11,ea07051b071a3b450800000000c20b02000100470d0100240702003b000000000000000000723db0ff180017000000000000000000000000000000000000000000000000000000000000000000000000000000000000000000000000000000000000000000000000000000,2fed,2fed
GROUND,14,DOCKER,11,ea07051b071b00470801000000bd0b010001003d0d01002d07020013000000000000000000723dacff180017000000000000000000000000000000000000000000000000000000000000000000000000000000000000000000000000000000000000000000000000000000,a2f7,a2f7
GROUND,14,DOCKER,11,ea07051b071b01440801000100b50b02000000480d02002507020019000000000000000000723daeff180018000000000000000000000000000000000000000000000000000000000000000000000000000000000000000000000000000000000000000000000000000000,3e3f,3e3f
GROUND,14,DOCKER,11,ea07051b071b023f0801000000c40b020001003b0d02002d07020032000000000000000000713dabff180018000000000000000000000000000000000000000000000000000000000000000000000000000000000000000000000000000000000000000000000000000000,a8aa,a8aa
GROUND,14,DOCKER,11,ea07051b071b033e0801000100ba0b000001003a0d02002b0702002d000000000000000000713daeff180018000000000000000000000000000000000000000000000000000000000000000000000000000000000000000000000000000000000000000000000000000000,989f,989f
GROUND,14,DOCKER,11,ea07051b071b043e0801000000b30b02000100440d02002707020015000000000000000000723dadff180018000000000000000000000000000000000000000000000000000000000000000000000000000000000000000000000000000000000000000000000000000000,8843,8843
GROUND,14,DOCKER,11,ea07051b071b053b0801000100c00b020001003f0d01002c07020007000000000000000000713dafff180017000000000000000000000000000000000000000000000000000000000000000000000000000000000000000000000000000000000000000000000000000000,87b2,87b2
GROUND,14,DOCKER,11,ea07051b071b06450801000100b50b020000003f0d02002f0703003e000000000000000000723dafff180018000000000000000000000000000000000000000000000000000000000000000000000000000000000000000000000000000000000000000000000000000000,f9d6,f9d6
GROUND,14,DOCKER,11,ea07051b071f2300000000000000000000000000000000000000000000000000000000000000000000000000000000000000000000000000000000000000000000000000000000000000000000000000000000000000000000000000000000000000000000000000000000,cb94,cb94
GROUND,14,DOCKER,11,ea07051b071f2400000000000000000000000000000000000000000000000000000000000000000000000000000000000000000000000000000000000000000000000000000000000000000000000000000000000000000000000000000000000000000000000000000000,e982,e982
GROUND,14,DOCKER,11,ea07051b071f2500000000000000000000000000000000000000000000000000000000000000000000000000000000000000000000000000000000000000000000000000000000000000000000000000000000000000000000000000000000000000000000000000000000,e4e8,e4e8
GROUND,14,DOCKER,11,ea07051b071f2600000000000000000000000000000000000000000000000000000000000000000000000000000000000000000000000000000000000000000000000000000000000000000000000000000000000000000000000000000000000000000000000000000000,f356,f356
GROUND,14,DOCKER,11,ea07051b071f2700000000000000000000000000000000000000000000000000000000000000000000000000000000000000000000000000000000000000000000000000000000000000000000000000000000000000000000000000000000000000000000000000000000,fe3c,fe3c
GROUND,14,DOCKER,11,ea07051b071f2800000000000000000000000000000000000000000000000000000000000000000000000000000000000000000000000000000000000000000000000000000000000000000000000000000000000000000000000000000000000000000000000000000000,b77a,b77a
GROUND,14,DOCKER,11,ea07051b071f2900000000000000000000000000000000000000000000000000000000000000000000000000000000000000000000000000000000000000000000000000000000000000000000000000000000000000000000000000000000000000000000000000000000,ba10,ba10
GROUND,14,DOCKER,11,ea07051b071f2a00000000000000000000000000000000000000000000000000000000000000000000000000000000000000000000000000000000000000000000000000000000000000000000000000000000000000000000000000000000000000000000000000000000,adae,adae
GROUND,14,DOCKER,11,ea07051b071f2b00000000000000000000000000000000000000000000000000000000000000000000000000000000000000000000000000000000000000000000000000000000000000000000000000000000000000000000000000000000000000000000000000000000,a0c4,a0c4
GROUND,14,DOCKER,11,ea07051b071f2c00000000000000000000000000000000000000000000000000000000000000000000000000000000000000000000000000000000000000000000000000000000000000000000000000000000000000000000000000000000000000000000000000000000,82d2,82d2
GROUND,14,DOCKER,11,ea07051b071f2d00000000000000000000000000000000000000000000000000000000000000000000000000000000000000000000000000000000000000000000000000000000000000000000000000000000000000000000000000000000000000000000000000000000,8fb8,8fb8
GROUND,14,DOCKER,11,ea07051b071f2e00000000000000000000000000000000000000000000000000000000000000000000000000000000000000000000000000000000000000000000000000000000000000000000000000000000000000000000000000000000000000000000000000000000,9806,9806
GROUND,14,DOCKER,11,ea07051b071f2f00000000000000000000000000000000000000000000000000000000000000000000000000000000000000000000000000000000000000000000000000000000000000000000000000000000000000000000000000000000000000000000000000000000,956c,956c
GROUND,14,DOCKER,11,ea07051b071f3000000000000000000000000000000000000000000000000000000000000000000000000000000000000000000000000000000000000000000000000000000000000000000000000000000000000000000000000000000000000000000000000000000000,0a8a,0a8a
GROUND,14,DOCKER,11,ea07051b071f3100000000000000000000000000000000000000000000000000000000000000000000000000000000000000000000000000000000000000000000000000000000000000000000000000000000000000000000000000000000000000000000000000000000,07e0,07e0
GROUND,14,DOCKER,11,ea07051b071f3200000000000000000000000000000000000000000000000000000000000000000000000000000000000000000000000000000000000000000000000000000000000000000000000000000000000000000000000000000000000000000000000000000000,105e,105e
GROUND,14,DOCKER,11,ea07051b07231d00000000000000000000000000000000000000000000000000000000000000000000000000000000000000000000000000000000000000000000000000000000000000000000000000000000000000000000000000000000000000000000000000000000,61a5,61a5
GROUND,14,DOCKER,11,ea07051b07231e00000000000000000000000000000000000000000000000000000000000000000000000000000000000000000000000000000000000000000000000000000000000000000000000000000000000000000000000000000000000000000000000000000000,761b,761b
GROUND,14,DOCKER,11,ea07051b07231f00000000000000000000000000000000000000000000000000000000000000000000000000000000000000000000000000000000000000000000000000000000000000000000000000000000000000000000000000000000000000000000000000000000,7b71,7b71
GROUND,14,DOCKER,11,ea07051b07232000000000000000000000000000000000000000000000000000000000000000000000000000000000000000000000000000000000000000000000000000000000000000000000000000000000000000000000000000000000000000000000000000000000,41c6,41c6
GROUND,14,DOCKER,11,ea07051b07232100000000000000000000000000000000000000000000000000000000000000000000000000000000000000000000000000000000000000000000000000000000000000000000000000000000000000000000000000000000000000000000000000000000,4cac,4cac
GROUND,14,DOCKER,11,ea07051b07232200000000000000000000000000000000000000000000000000000000000000000000000000000000000000000000000000000000000000000000000000000000000000000000000000000000000000000000000000000000000000000000000000000000,5b12,5b12
GROUND,14,DOCKER,11,ea07051b07232300000000000000000000000000000000000000000000000000000000000000000000000000000000000000000000000000000000000000000000000000000000000000000000000000000000000000000000000000000000000000000000000000000000,5678,5678
GROUND,14,DOCKER,11,ea07051b07232400000000000000000000000000000000000000000000000000000000000000000000000000000000000000000000000000000000000000000000000000000000000000000000000000000000000000000000000000000000000000000000000000000000,746e,746e
GROUND,14,DOCKER,11,ea07051b07232500000000000000000000000000000000000000000000000000000000000000000000000000000000000000000000000000000000000000000000000000000000000000000000000000000000000000000000000000000000000000000000000000000000,7904,7904
GROUND,14,DOCKER,11,ea07051b07232600000000000000000000000000000000000000000000000000000000000000000000000000000000000000000000000000000000000000000000000000000000000000000000000000000000000000000000000000000000000000000000000000000000,6eba,6eba
GROUND,14,DOCKER,11,ea07051b07232700000000000000000000000000000000000000000000000000000000000000000000000000000000000000000000000000000000000000000000000000000000000000000000000000000000000000000000000000000000000000000000000000000000,63d0,63d0
GROUND,14,DOCKER,11,ea07051b07232800000000000000000000000000000000000000000000000000000000000000000000000000000000000000000000000000000000000000000000000000000000000000000000000000000000000000000000000000000000000000000000000000000000,2a96,2a96
GROUND,14,DOCKER,11,ea07051b07232900000000000000000000000000000000000000000000000000000000000000000000000000000000000000000000000000000000000000000000000000000000000000000000000000000000000000000000000000000000000000000000000000000000,27fc,27fc
GROUND,14,DOCKER,11,ea07051b07232a00000000000000000000000000000000000000000000000000000000000000000000000000000000000000000000000000000000000000000000000000000000000000000000000000000000000000000000000000000000000000000000000000000000,3042,3042
GROUND,14,DOCKER,11,ea07051b07232b00000000000000000000000000000000000000000000000000000000000000000000000000000000000000000000000000000000000000000000000000000000000000000000000000000000000000000000000000000000000000000000000000000000,3d28,3d28
GROUND,14,DOCKER,11,ea07051b07232c00000000000000000000000000000000000000000000000000000000000000000000000000000000000000000000000000000000000000000000000000000000000000000000000000000000000000000000000000000000000000000000000000000000,1f3e,1f3e
GROUND,14,DOCKER,11,ea07051b07232d00000000000000000000000000000000000000000000000000000000000000000000000000000000000000000000000000000000000000000000000000000000000000000000000000000000000000000000000000000000000000000000000000000000,1254,1254
GROUND,14,DOCKER,11,ea07051b07232e00000000000000000000000000000000000000000000000000000000000000000000000000000000000000000000000000000000000000000000000000000000000000000000000000000000000000000000000000000000000000000000000000000000,05ea,05ea
GROUND,14,DOCKER,11,ea07051b07232f00000000000000000000000000000000000000000000000000000000000000000000000000000000000000000000000000000000000000000000000000000000000000000000000000000000000000000000000000000000000000000000000000000000,0880,0880
GROUND,14,DOCKER,11,ea07051b07233000000000000000000000000000000000000000000000000000000000000000000000000000000000000000000000000000000000000000000000000000000000000000000000000000000000000000000000000000000000000000000000000000000000,9766,9766
GROUND,14,DOCKER,11,ea07051b07233100000000000000000000000000000000000000000000000000000000000000000000000000000000000000000000000000000000000000000000000000000000000000000000000000000000000000000000000000000000000000000000000000000000,9a0c,9a0c
GROUND,14,DOCKER,11,ea07051b07233200000000000000000000000000000000000000000000000000000000000000000000000000000000000000000000000000000000000000000000000000000000000000000000000000000000000000000000000000000000000000000000000000000000,8db2,8db2
GROUND,14,DOCKER,11,ea07051b07233300000000000000000000000000000000000000000000000000000000000000000000000000000000000000000000000000000000000000000000000000000000000000000000000000000000000000000000000000000000000000000000000000000000,80d8,80d8
GROUND,14,DOCKER,11,ea07051b07233400000000000000000000000000000000000000000000000000000000000000000000000000000000000000000000000000000000000000000000000000000000000000000000000000000000000000000000000000000000000000000000000000000000,a2ce,a2ce
GROUND,14,DOCKER,11,ea07051b07233500000000000000000000000000000000000000000000000000000000000000000000000000000000000000000000000000000000000000000000000000000000000000000000000000000000000000000000000000000000000000000000000000000000,afa4,afa4
GROUND,14,DOCKER,11,ea07051b07233600000000000000000000000000000000000000000000000000000000000000000000000000000000000000000000000000000000000000000000000000000000000000000000000000000000000000000000000000000000000000000000000000000000,b81a,b81a
GROUND,14,DOCKER,11,ea07051b07233700000000000000000000000000000000000000000000000000000000000000000000000000000000000000000000000000000000000000000000000000000000000000000000000000000000000000000000000000000000000000000000000000000000,b570,b570
GROUND,14,DOCKER,11,ea07051b07233800000000000000000000000000000000000000000000000000000000000000000000000000000000000000000000000000000000000000000000000000000000000000000000000000000000000000000000000000000000000000000000000000000000,fc36,fc36
GROUND,14,DOCKER,11,ea07051b07233900000000000000000000000000000000000000000000000000000000000000000000000000000000000000000000000000000000000000000000000000000000000000000000000000000000000000000000000000000000000000000000000000000000,f15c,f15c
GROUND,14,DOCKER,11,ea07051b07233a00000000000000000000000000000000000000000000000000000000000000000000000000000000000000000000000000000000000000000000000000000000000000000000000000000000000000000000000000000000000000000000000000000000,e6e2,e6e2
GROUND,14,DOCKER,11,ea07051b07233b00000000000000000000000000000000000000000000000000000000000000000000000000000000000000000000000000000000000000000000000000000000000000000000000000000000000000000000000000000000000000000000000000000000,eb88,eb88
GROUND,14,DOCKER,11,ea07051b07240000000000000000000000000000000000000000000000000000000000000000000000000000000000000000000000000000000000000000000000000000000000000000000000000000000000000000000000000000000000000000000000000000000000,9102,9102
GROUND,14,DOCKER,11,ea07051b07240100000000000000000000000000000000000000000000000000000000000000000000000000000000000000000000000000000000000000000000000000000000000000000000000000000000000000000000000000000000000000000000000000000000,9c68,9c68
GROUND,14,DOCKER,11,ea07051b07240200000000000000000000000000000000000000000000000000000000000000000000000000000000000000000000000000000000000000000000000000000000000000000000000000000000000000000000000000000000000000000000000000000000,8bd6,8bd6
GROUND,14,DOCKER,11,ea07051b07240300000000000000000000000000000000000000000000000000000000000000000000000000000000000000000000000000000000000000000000000000000000000000000000000000000000000000000000000000000000000000000000000000000000,86bc,86bc
GROUND,14,DOCKER,11,ea07051b07240400000000000000000000000000000000000000000000000000000000000000000000000000000000000000000000000000000000000000000000000000000000000000000000000000000000000000000000000000000000000000000000000000000000,a4aa,a4aa
GROUND,14,DOCKER,11,ea07051b07240500000000000000000000000000000000000000000000000000000000000000000000000000000000000000000000000000000000000000000000000000000000000000000000000000000000000000000000000000000000000000000000000000000000,a9c0,a9c0
GROUND,14,DOCKER,11,ea07051b07240600000000000000000000000000000000000000000000000000000000000000000000000000000000000000000000000000000000000000000000000000000000000000000000000000000000000000000000000000000000000000000000000000000000,be7e,be7e
GROUND,14,DOCKER,11,ea07051b07240700000000000000000000000000000000000000000000000000000000000000000000000000000000000000000000000000000000000000000000000000000000000000000000000000000000000000000000000000000000000000000000000000000000,b314,b314
GROUND,14,DOCKER,11,ea07051b07240800000000000000000000000000000000000000000000000000000000000000000000000000000000000000000000000000000000000000000000000000000000000000000000000000000000000000000000000000000000000000000000000000000000,fa52,fa52
GROUND,14,DOCKER,11,ea07051b07240900000000000000000000000000000000000000000000000000000000000000000000000000000000000000000000000000000000000000000000000000000000000000000000000000000000000000000000000000000000000000000000000000000000,f738,f738
GROUND,14,DOCKER,11,ea07051b07240a00000000000000000000000000000000000000000000000000000000000000000000000000000000000000000000000000000000000000000000000000000000000000000000000000000000000000000000000000000000000000000000000000000000,e086,e086
GROUND,14,DOCKER,11,ea07051b07240b00000000000000000000000000000000000000000000000000000000000000000000000000000000000000000000000000000000000000000000000000000000000000000000000000000000000000000000000000000000000000000000000000000000,edec,edec
GROUND,14,DOCKER,11,ea07051b07240c00000000000000000000000000000000000000000000000000000000000000000000000000000000000000000000000000000000000000000000000000000000000000000000000000000000000000000000000000000000000000000000000000000000,cffa,cffa
GROUND,14,DOCKER,11,ea07051b07240d00000000000000000000000000000000000000000000000000000000000000000000000000000000000000000000000000000000000000000000000000000000000000000000000000000000000000000000000000000000000000000000000000000000,c290,c290
GROUND,14,DOCKER,11,ea07051b07240e00000000000000000000000000000000000000000000000000000000000000000000000000000000000000000000000000000000000000000000000000000000000000000000000000000000000000000000000000000000000000000000000000000000,d52e,d52e
GROUND,14,DOCKER,11,ea07051b07240f00000000000000000000000000000000000000000000000000000000000000000000000000000000000000000000000000000000000000000000000000000000000000000000000000000000000000000000000000000000000000000000000000000000,d844,d844
GROUND,14,DOCKER,11,ea07051b07241000000000000000000000000000000000000000000000000000000000000000000000000000000000000000000000000000000000000000000000000000000000000000000000000000000000000000000000000000000000000000000000000000000000,47a2,47a2
GROUND,14,DOCKER,11,ea07051b07241100000000000000000000000000000000000000000000000000000000000000000000000000000000000000000000000000000000000000000000000000000000000000000000000000000000000000000000000000000000000000000000000000000000,4ac8,4ac8
GROUND,14,DOCKER,11,ea07051b07241200000000000000000000000000000000000000000000000000000000000000000000000000000000000000000000000000000000000000000000000000000000000000000000000000000000000000000000000000000000000000000000000000000000,5d76,5d76
GROUND,14,DOCKER,11,ea07051b07241300000000000000000000000000000000000000000000000000000000000000000000000000000000000000000000000000000000000000000000000000000000000000000000000000000000000000000000000000000000000000000000000000000000,501c,501c
GROUND,14,DOCKER,11,ea07051b07241400000000000000000000000000000000000000000000000000000000000000000000000000000000000000000000000000000000000000000000000000000000000000000000000000000000000000000000000000000000000000000000000000000000,720a,720a
GROUND,14,DOCKER,11,ea07051b07241500000000000000000000000000000000000000000000000000000000000000000000000000000000000000000000000000000000000000000000000000000000000000000000000000000000000000000000000000000000000000000000000000000000,7f60,7f60
GROUND,14,DOCKER,11,ea07051b07241600000000000000000000000000000000000000000000000000000000000000000000000000000000000000000000000000000000000000000000000000000000000000000000000000000000000000000000000000000000000000000000000000000000,68de,68de
GROUND,14,DOCKER,11,ea07051b07241700000000000000000000000000000000000000000000000000000000000000000000000000000000000000000000000000000000000000000000000000000000000000000000000000000000000000000000000000000000000000000000000000000000,65b4,65b4
GROUND,14,DOCKER,11,ea07051b07241800000000000000000000000000000000000000000000000000000000000000000000000000000000000000000000000000000000000000000000000000000000000000000000000000000000000000000000000000000000000000000000000000000000,2cf2,2cf2
GROUND,14,DOCKER,11,ea07051b07241900000000000000000000000000000000000000000000000000000000000000000000000000000000000000000000000000000000000000000000000000000000000000000000000000000000000000000000000000000000000000000000000000000000,2198,2198
GROUND,14,DOCKER,11,ea07051b07241a00000000000000000000000000000000000000000000000000000000000000000000000000000000000000000000000000000000000000000000000000000000000000000000000000000000000000000000000000000000000000000000000000000000,3626,3626
GROUND,14,DOCKER,11,ea07051b07241b00000000000000000000000000000000000000000000000000000000000000000000000000000000000000000000000000000000000000000000000000000000000000000000000000000000000000000000000000000000000000000000000000000000,3b4c,3b4c
GROUND,14,DOCKER,11,ea07051b07241c00000000000000000000000000000000000000000000000000000000000000000000000000000000000000000000000000000000000000000000000000000000000000000000000000000000000000000000000000000000000000000000000000000000,195a,195a
GROUND,14,DOCKER,11,ea07051b07241d00000000000000000000000000000000000000000000000000000000000000000000000000000000000000000000000000000000000000000000000000000000000000000000000000000000000000000000000000000000000000000000000000000000,1430,1430
GROUND,14,DOCKER,11,ea07051b07241e00000000000000000000000000000000000000000000000000000000000000000000000000000000000000000000000000000000000000000000000000000000000000000000000000000000000000000000000000000000000000000000000000000000,038e,038e
GROUND,14,DOCKER,11,ea07051b07241f00000000000000000000000000000000000000000000000000000000000000000000000000000000000000000000000000000000000000000000000000000000000000000000000000000000000000000000000000000000000000000000000000000000,0ee4,0ee4
GROUND,14,DOCKER,11,ea07051b07242000000000000000000000000000000000000000000000000000000000000000000000000000000000000000000000000000000000000000000000000000000000000000000000000000000000000000000000000000000000000000000000000000000000,3453,3453
GROUND,14,DOCKER,11,ea07051b07242100000000000000000000000000000000000000000000000000000000000000000000000000000000000000000000000000000000000000000000000000000000000000000000000000000000000000000000000000000000000000000000000000000000,3939,3939
GROUND,14,DOCKER,11,ea07051b07242200000000000000000000000000000000000000000000000000000000000000000000000000000000000000000000000000000000000000000000000000000000000000000000000000000000000000000000000000000000000000000000000000000000,2e87,2e87
GROUND,14,DOCKER,11,ea07051b07242300000000000000000000000000000000000000000000000000000000000000000000000000000000000000000000000000000000000000000000000000000000000000000000000000000000000000000000000000000000000000000000000000000000,23ed,23ed
GROUND,14,DOCKER,11,ea07051b07242400000000000000000000000000000000000000000000000000000000000000000000000000000000000000000000000000000000000000000000000000000000000000000000000000000000000000000000000000000000000000000000000000000000,01fb,01fb
GROUND,14,DOCKER,11,ea07051b07242500000000000000000000000000000000000000000000000000000000000000000000000000000000000000000000000000000000000000000000000000000000000000000000000000000000000000000000000000000000000000000000000000000000,0c91,0c91
GROUND,14,DOCKER,11,ea07051b07242600000000000000000000000000000000000000000000000000000000000000000000000000000000000000000000000000000000000000000000000000000000000000000000000000000000000000000000000000000000000000000000000000000000,1b2f,1b2f
GROUND,14,DOCKER,11,ea07051b07242700000000000000000000000000000000000000000000000000000000000000000000000000000000000000000000000000000000000000000000000000000000000000000000000000000000000000000000000000000000000000000000000000000000,1645,1645
GROUND,14,DOCKER,11,ea07051b07242800000000000000000000000000000000000000000000000000000000000000000000000000000000000000000000000000000000000000000000000000000000000000000000000000000000000000000000000000000000000000000000000000000000,5f03,5f03
GROUND,14,DOCKER,11,ea07051b07242900000000000000000000000000000000000000000000000000000000000000000000000000000000000000000000000000000000000000000000000000000000000000000000000000000000000000000000000000000000000000000000000000000000,5269,5269
GROUND,14,DOCKER,11,ea07051b07242a00000000000000000000000000000000000000000000000000000000000000000000000000000000000000000000000000000000000000000000000000000000000000000000000000000000000000000000000000000000000000000000000000000000,45d7,45d7
GROUND,14,DOCKER,11,ea07051b07242b00000000000000000000000000000000000000000000000000000000000000000000000000000000000000000000000000000000000000000000000000000000000000000000000000000000000000000000000000000000000000000000000000000000,48bd,48bd
GROUND,14,DOCKER,11,ea07051b07242c00000000000000000000000000000000000000000000000000000000000000000000000000000000000000000000000000000000000000000000000000000000000000000000000000000000000000000000000000000000000000000000000000000000,6aab,6aab
GROUND,14,DOCKER,11,ea07051b07242d00000000000000000000000000000000000000000000000000000000000000000000000000000000000000000000000000000000000000000000000000000000000000000000000000000000000000000000000000000000000000000000000000000000,67c1,67c1
GROUND,14,DOCKER,11,ea07051b07242e00000000000000000000000000000000000000000000000000000000000000000000000000000000000000000000000000000000000000000000000000000000000000000000000000000000000000000000000000000000000000000000000000000000,707f,707f
GROUND,14,DOCKER,11,ea07051b07242f00000000000000000000000000000000000000000000000000000000000000000000000000000000000000000000000000000000000000000000000000000000000000000000000000000000000000000000000000000000000000000000000000000000,7d15,7d15
GROUND,14,DOCKER,11,ea07051b07243000000000000000000000000000000000000000000000000000000000000000000000000000000000000000000000000000000000000000000000000000000000000000000000000000000000000000000000000000000000000000000000000000000000,e2f3,e2f3
GROUND,14,DOCKER,11,ea07051b07243100000000000000000000000000000000000000000000000000000000000000000000000000000000000000000000000000000000000000000000000000000000000000000000000000000000000000000000000000000000000000000000000000000000,ef99,ef99
GROUND,14,DOCKER,11,ea07051b07243200000000000000000000000000000000000000000000000000000000000000000000000000000000000000000000000000000000000000000000000000000000000000000000000000000000000000000000000000000000000000000000000000000000,f827,f827
GROUND,14,DOCKER,11,ea07051b07243300000000000000000000000000000000000000000000000000000000000000000000000000000000000000000000000000000000000000000000000000000000000000000000000000000000000000000000000000000000000000000000000000000000,f54d,f54d
GROUND,14,DOCKER,11,ea07051b07243400000000000000000000000000000000000000000000000000000000000000000000000000000000000000000000000000000000000000000000000000000000000000000000000000000000000000000000000000000000000000000000000000000000,d75b,d75b
GROUND,14,DOCKER,11,ea07051b07243500000000000000000000000000000000000000000000000000000000000000000000000000000000000000000000000000000000000000000000000000000000000000000000000000000000000000000000000000000000000000000000000000000000,da31,da31
GROUND,14,DOCKER,11,ea07051b07243600000000000000000000000000000000000000000000000000000000000000000000000000000000000000000000000000000000000000000000000000000000000000000000000000000000000000000000000000000000000000000000000000000000,cd8f,cd8f
GROUND,14,DOCKER,11,ea07051b07243700000000000000000000000000000000000000000000000000000000000000000000000000000000000000000000000000000000000000000000000000000000000000000000000000000000000000000000000000000000000000000000000000000000,c0e5,c0e5
GROUND,14,DOCKER,11,ea07051b07243800000000000000000000000000000000000000000000000000000000000000000000000000000000000000000000000000000000000000000000000000000000000000000000000000000000000000000000000000000000000000000000000000000000,89a3,89a3
GROUND,14,DOCKER,11,ea07051b07243900000000000000000000000000000000000000000000000000000000000000000000000000000000000000000000000000000000000000000000000000000000000000000000000000000000000000000000000000000000000000000000000000000000,84c9,84c9
GROUND,14,DOCKER,11,ea07051b07243a00000000000000000000000000000000000000000000000000000000000000000000000000000000000000000000000000000000000000000000000000000000000000000000000000000000000000000000000000000000000000000000000000000000,9377,9377
GROUND,14,DOCKER,11,ea07051b07243b00000000000000000000000000000000000000000000000000000000000000000000000000000000000000000000000000000000000000000000000000000000000000000000000000000000000000000000000000000000000000000000000000000000,9e1d,9e1d
GROUND,14,DOCKER,11,ea07051b07250000000000000000000000000000000000000000000000000000000000000000000000000000000000000000000000000000000000000000000000000000000000000000000000000000000000000000000000000000000000000000000000000000000000,5d53,5d53
GROUND,14,DOCKER,11,ea07051b07250100000000000000000000000000000000000000000000000000000000000000000000000000000000000000000000000000000000000000000000000000000000000000000000000000000000000000000000000000000000000000000000000000000000,5039,5039
GROUND,14,DOCKER,11,ea07051b07250200000000000000000000000000000000000000000000000000000000000000000000000000000000000000000000000000000000000000000000000000000000000000000000000000000000000000000000000000000000000000000000000000000000,4787,4787
GROUND,14,DOCKER,11,ea07051b07250300000000000000000000000000000000000000000000000000000000000000000000000000000000000000000000000000000000000000000000000000000000000000000000000000000000000000000000000000000000000000000000000000000000,4aed,4aed
GROUND,14,DOCKER,11,ea07051b07250400000000000000000000000000000000000000000000000000000000000000000000000000000000000000000000000000000000000000000000000000000000000000000000000000000000000000000000000000000000000000000000000000000000,68fb,68fb
GROUND,14,DOCKER,11,ea07051b07261500000000000000000000000000000000000000000000000000000000000000000000000000000000000000000000000000000000000000000000000000000000000000000000000000000000000000000000000000000000000000000000000000000000,efd3,efd3
GROUND,14,DOCKER,11,ea07051b07261600000000000000000000000000000000000000000000000000000000000000000000000000000000000000000000000000000000000000000000000000000000000000000000000000000000000000000000000000000000000000000000000000000000,f86d,f86d
GROUND,14,DOCKER,11,ea07051b07261700000000000000000000000000000000000000000000000000000000000000000000000000000000000000000000000000000000000000000000000000000000000000000000000000000000000000000000000000000000000000000000000000000000,f507,f507
GROUND,14,DOCKER,11,ea07051b07261800000000000000000000000000000000000000000000000000000000000000000000000000000000000000000000000000000000000000000000000000000000000000000000000000000000000000000000000000000000000000000000000000000000,bc41,bc41
GROUND,14,DOCKER,11,ea07051b07261900000000000000000000000000000000000000000000000000000000000000000000000000000000000000000000000000000000000000000000000000000000000000000000000000000000000000000000000000000000000000000000000000000000,b12b,b12b
GROUND,14,DOCKER,11,ea07051b07261a00000000000000000000000000000000000000000000000000000000000000000000000000000000000000000000000000000000000000000000000000000000000000000000000000000000000000000000000000000000000000000000000000000000,a695,a695
GROUND,14,DOCKER,11,ea07051b07261b00000000000000000000000000000000000000000000000000000000000000000000000000000000000000000000000000000000000000000000000000000000000000000000000000000000000000000000000000000000000000000000000000000000,abff,abff
GROUND,14,DOCKER,11,ea07051b07261c00000000000000000000000000000000000000000000000000000000000000000000000000000000000000000000000000000000000000000000000000000000000000000000000000000000000000000000000000000000000000000000000000000000,89e9,89e9
GROUND,14,DOCKER,11,ea07051b07261d00000000000000000000000000000000000000000000000000000000000000000000000000000000000000000000000000000000000000000000000000000000000000000000000000000000000000000000000000000000000000000000000000000000,8483,8483
GROUND,14,DOCKER,11,ea07051b07261e00000000000000000000000000000000000000000000000000000000000000000000000000000000000000000000000000000000000000000000000000000000000000000000000000000000000000000000000000000000000000000000000000000000,933d,933d
GROUND,14,DOCKER,11,ea07051b07261f00000000000000000000000000000000000000000000000000000000000000000000000000000000000000000000000000000000000000000000000000000000000000000000000000000000000000000000000000000000000000000000000000000000,9e57,9e57
GROUND,14,DOCKER,11,ea07051b07262000000000000000000000000000000000000000000000000000000000000000000000000000000000000000000000000000000000000000000000000000000000000000000000000000000000000000000000000000000000000000000000000000000000,a4e0,a4e0
GROUND,14,DOCKER,11,ea07051b07262100000000000000000000000000000000000000000000000000000000000000000000000000000000000000000000000000000000000000000000000000000000000000000000000000000000000000000000000000000000000000000000000000000000,a98a,a98a
GROUND,14,DOCKER,11,ea07051b07262200000000000000000000000000000000000000000000000000000000000000000000000000000000000000000000000000000000000000000000000000000000000000000000000000000000000000000000000000000000000000000000000000000000,be34,be34
GROUND,14,DOCKER,11,ea07051b07262300000000000000000000000000000000000000000000000000000000000000000000000000000000000000000000000000000000000000000000000000000000000000000000000000000000000000000000000000000000000000000000000000000000,b35e,b35e
GROUND,14,DOCKER,11,ea07051b07262400000000000000000000000000000000000000000000000000000000000000000000000000000000000000000000000000000000000000000000000000000000000000000000000000000000000000000000000000000000000000000000000000000000,9148,9148
GROUND,14,DOCKER,11,ea07051b07262500000000000000000000000000000000000000000000000000000000000000000000000000000000000000000000000000000000000000000000000000000000000000000000000000000000000000000000000000000000000000000000000000000000,9c22,9c22
GROUND,14,DOCKER,11,ea07051b07262600000000000000000000000000000000000000000000000000000000000000000000000000008af14640988b3e405a3b9b3f0000000000000000000000000000000000000000000000000000000000000000000000000000000000000000000000000000,216e,216e
GROUND,14,DOCKER,11,ea07051b07262700000000000000000000000000000000000000000000000000000000000000000000000000001285b93dd1b5e83da2e401c00000000000000000000000000000000000000000000000000000000000000000000000000000000000000000000000000000,71fc,71fc
GROUND,14,DOCKER,11,ea07051b07262800000000000000000000000000000000000000000000000000000000000000000000000000008116bc3da599ed3d3ccb01c000000000000000000000000000000000000000000000000000000000000000000000000000000000000000000000000000,00bc,71ae
GROUND,14,DOCKER,11,ea07051b072629000000000000000000000000000000000000000000000000000000000000000000000000000014babd3dfb3dee3d64e501c00000000000000000000000000000000000000000000000000000000000000000000000000000000000000000000000000000,cc9f,cc9f
GROUND,14,DOCKER,11,ea07051b07262a0000000000000000000000000000000000000000000000000000000000000000000000000000eb75be3ded20ee3d82e201c00000000000000000000000000000000000000000000000000000000000000000000000000000000000000000000000000000,133f,133f
GROUND,14,DOCKER,11,ea07051b07262b00000000000000000000000000000000000000000000000000000000000000000000000000002019bf3d168dee3decdc01c00000000000000000000000000000000000000000000000000000000000000000000000000000000000000000000000000000,5fa3,5fa3
GROUND,14,DOCKER,11,ea07051b07262c0000000000000000000000000000000000000000000000000000000000000000000000000000a894bf3d7f67ee3d39f301c00000000000000000000000000000000000000000000000000000000000000000000000000000000000000000000000000000,209e,209e
GROUND,14,DOCKER,11,ea07051b07262d0000000000000000000000000000000000000000000000000000000000000000000000000000698dbf3dff03ed3deaf801c00000000000000000000000000000000000000000000000000000000000000000000000000000000000000000000000000000,3cfd,3cfd
GROUND,14,DOCKER,11,ea07051b07262e00000000000000000000000000000000000000000000000000000000000000000000000000007a56c03d3863ed3dcdfc01c00000000000000000000000000000000000000000000000000000000000000000000000000000000000000000000000000000,ce3f,ce3f
GROUND,14,DOCKER,11,ea07051b07262f00000000000000000000000000000000000000000000000000000000000000000000000000001287c03dd459ed3dc0f701c00000000000000000000000000000000000000000000000000000000000000000000000000000000000000000000000000000,e1f5,e1f5
GROUND,14,DOCKER,11,ea07051b07263000000000000000000000000000000000000000000000000000000000000000000000000000003b08c13d05cfed3d40f801c00000000000000000000000009a8cc1bd9a8c41be7429913e000070c1000070c1000070c10000000000000000000000000000,d947,d947
GROUND,14,DOCKER,11,ea07051b0726310000000000000000000000000000000000000000000000000000000000000000000000000000748fc13d6efeee3d5ef301c0000000000000000000000000ee07a1bdee0721bee58b713e000070c1000070c1000070c10000000000000000000000000000,c8b2,c8b2
GROUND,14,DOCKER,11,ea07051b07263200000000000000000000000000000000000000000000000000000000000000000000000000001aafc03d49f9ed3d02eb01c00000000000000000000000008018643d8018e43d60122bbe000070c1000070c1000070c10000000000000000000000000000,5133,5133
GROUND,14,DOCKER,11,ea07051b0726330000000000000000000000000000000000000000000000000000000000000000000000000000e565c13d78adee3d0ee801c0000000000000000000000000c8d572bdc8d5f2bd5620363e000070c1000070c1000070c10000000000000000000000000000,629a,629a
GROUND,14,DOCKER,11,ea07051b0726340000000000000000000000000000000000000000000000000000000000000000000000000000f7bcc13dfcd9ed3dc8e701c00000000000000000000000002b81993c2b81193dc14166bd000070c1000070c1000070c10000000000000000000000000000,6b77,6b77
GROUND,14,DOCKER,11,ea07051b0726350000000000000000000000000000000000000000000000000000000000000000000000000000c4bdc13d8828ee3d52e801c000000000000000000000000072add53c72ad553d1642a0bd000070c1000070c1000070c10000000000000000000000000000,09ed,09ed
GROUND,14,DOCKER,11,ea07051b072636000000000000000000000000000000000000000000000000000000000000000000000000000059cec13d321cee3d06e601c00000000000000000000000005708a1bd570821be838c713e000070c1000070c1000070c10000000000000000000000000000,e9d8,e9d8
GROUND,14,DOCKER,11,ea07051b07263700000000000000000000000000000000000000000000000000000000000000000000000000006682c13d8a88ee3d76e701c0000000000000000000000000defb8ebddefb0ebecd79563e000070c1000070c1000070c10000000000000000000000000000,9027,9027
GROUND,14,DOCKER,11,ea07051b0726380000000000000000000000000000000000000000000000000000000000000000000000000000f686c23d52cbee3dcae901c0000000000000000000000000932b96bd932b16be5d41613e000070c1000070c1000070c10000000000000000000000000000,86fb,86fb
GROUND,14,DOCKER,11,ea07051b0726390000000000000000000000000000000000000000000000000000000000000000000000000000d671c23d4b64ed3de8e801c00000000000000000000000004f112c3d4f11ac3dfc0c01be000070c1000070c1000070c10000000000000000000000000000,e85d,e85d
GROUND,14,DOCKER,11,ea07051b07263a0000000000000000000000000000000000000000000000000000000000000000000000000000d441c33d327fee3d1bef01c0000000000000000000000000081baabd081b2abe8d287f3e000070c1000070c1000070c10000000000000000000000000000,5d2f,5d2f
GROUND,14,DOCKER,11,ea07051b07263b00000000000000000000000000000000000000000000000000000000000000000000000000004730c23d4cd7ee3da8ef01c00000000000000000000000008f9adf3c8f9a5f3debb3a7bd000070c1000070c1000070c10000000000000000000000000000,3b56,3b56
GROUND,14,DOCKER,11,ea07051b07270000000000000000000000000000000000000000000000000000000000000000000000000000009facc33d4f4bee3d0cfd01c0000000000000000000000000c77786bdc77706beaab3493e000070c1000070c1000070c10000000000000000000000000000,0465,0465
GROUND,14,DOCKER,11,ea07051b07270100000000000000000000000000000000000000000000000000000000000000000000000000006294c43df46cef3d480802c0000000000000000000000000bb10433dbb10c33d8d4c12be000070c1000070c1000070c10000000000000000000000000000,4405,4405
GROUND,14,DOCKER,11,ea07051b07270200000000000000000000000000000000000000000000000000000000000000000000000000001577c53de6e7ee3d360b02c0000000000000000000000000fec8163dfec8963d7d2de2bd000070c1000070c1000070c10000000000000000000000000000,d557,d557
GROUND,14,DOCKER,11,ea07051b0727030000000000000000000000000000000000000000000000000000000000000000000000000000dcddc43d2635ee3d040802c000000000000000000000000039d2493d39d2c93dab5d17be000070c1000070c1000070c10000000000000000000000000000,7930,7930
GROUND,14,DOCKER,11,ea07051b0727040000000000000000000000000000000000000000000000000000000000000000000000000000d2a6c53dd3e4ee3d7e1002c000000000000000000000000078eeb0bd78ee30bedab2843e000070c1000070c1000070c10000000000000000000000000000,0326,0326
GROUND,14,DOCKER,11,ea07051b0727050000000000000000000000000000000000000000000000000000000000000000000000000000d47fc53dd480ee3d881502c000000000000000000000000037eda7bd37ed27bed3e37b3e000070c1000070c1fee16fc10000000000000000000000000000,a32d,a32d
GROUND,14,DOCKER,11,ea07051b0727060000000000000000000000000000000000000000000000000000000000000000000000000000d300c63d75dbee3d361702c000000000000000000000000031bcc13c31bc413d254d91bd000070c1000070c1000070c10000000000000000000000000000,a8cc,a8cc
GROUND,14,DOCKER,11,ea07051b0727070000000000000000000000000000000000000000000000000000000000000000000000000000f14dc63db023ef3dfc1e02c0000000000000000000000000bfab6e3dbfabee3dcf0033be000070c1000070c1000070c10000000000000000000000000000,ddd3,ddd3
GROUND,14,DOCKER,11,ea07051b0727080000000000000000000000000000000000000000000000000000000000000000000000000000cba9c53d1aa0ee3df91f02c0000000000000000000000000c6b891bdc6b811be29955a3e000070c1000070c1000070c10000000000000000000000000000,6333,6333
GROUND,14,DOCKER,11,ea07051b07270900000000000000000000000000000000000000000000000000000000000000000000000000006867ee3b6b6e393e258505c0000000000000000000000000ef0a7b3def0afb3d33483cbe000070c1000070c1000070c10000803f00000000000000000000,c6af,c6af
GROUND,14,DOCKER,11,ea07051b07270a0000000000000000000000000000000000000000000000000000000000000000000000000000abea243f4acdf73d5bb437c0000000000000000000000000930a97bd930a17bedd8f623e000070c1000070c1000070c10000803f00000000000000000000,64c3,64c3
GROUND,14,DOCKER,11,ea07051b07270b0000000000000000000000000000000000000000000000000000000000000000000000000000f0541d3f190bc73ec3c33dc0000000000000000000000000db37ccbddb374cbee529993e000070c1000070c1000070c10000803f00000000000000000000,8859,8859
GROUND,14,DOCKER,11,ea07051b07270c000000000000000000000000000000000000000000000000000000000000000000000000000091167f3f45beb63ee4294640000000000000000000000000e7652e3de765ae3d6ecc02be000070c1000070c1000070c10000803f00000000000000000000,8e07,8e07
GROUND,14,DOCKER,11,ea07051b07270d0000000000000000000000000000000000000000000000000000000000000000000000000000819ca43f9879813e75893a400000000000000000000000005776bcbd57763cbec2588d3e000070c1000070c1000070c10000803f00000000000000000000,81a7,81a7
GROUND,14,DOCKER,11,ea07051b07270e0000000000000000000000000000000000000000000000000000000000000000000000000000aefa953f582b963e213c3f40000000000000000000000000a7b2b23ca7b2323dfd0586bd000070c1000070c1000070c10000803f00000000000000000000,a663,a663
GROUND,14,DOCKER,11,ea07051b07270f0000000000000000000000000000000000000000000000000000000000000000000000000000242e803e19cd3e3e6aa038c00000000000000000000000000b20c13d0b20413e08d890be000070c1000070c1000070c10000803f00000000000000000000,dc67,dc67
GROUND,14,DOCKER,11,ea07051b07271000000000000000000000000000000000000000000000000000000000000000000000000000007c17b33ee01c833e35cf36c00000000000000000000000007e122c3d7e12ac3ddf0d01be000070c1000070c1000070c10000803f00000000000000000000,dc06,dc06
GROUND,14,DOCKER,11,ea07051b0727110000000000000000000000000000000000000000000000000000000000000000000000000000c205723cb941e43ec6f631c0000000000000000000000000cabfc63ccabf463dd80f95bd000070c1000070c1000070c10000803f00000000000000000000,3916,3916
GROUND,14,DOCKER,11,ea07051b0727120000000000000000000000000000000000000000000000000000000000000000000000000000dc994440ce542840d5eacd3e000000000000000000000000dfd1aabddfd12abe681d803e000070c1000070c1000070c10000803f00000000000000000000,3333,3333
GROUND,14,DOCKER,11,ea07051b0727130000000000000000000000000000000000000000000000000000000000000000000000000000deb74340feaf2840a090d53e000000000000000000000000d9c4243bd9c4a43b4627f7bb000070c1000070c1000070c10000000000000000000000000000,7c45,7c45
GROUND,14,DOCKER,11,ea07051b07271400000000000000000000000000000000000000000000000000000000000000000000000000005fba4440ef072a40dc29d83e0000000000000000000000003dabc43d3dab443e6e8093be000070c1000070c1000070c10000803f00000000000000000000,9964,9964
GROUND,14,DOCKER,11,ea07051b07271500000000000000000000000000000000000000000000000000000000000000000000000000008add4740c0492c402eced63e0000000000000000000000000549aebd05492ebec4b6823e000070c1000070c1000070c10000803f00000000000000000000,d686,d686
GROUND,14,DOCKER,11,ea07051b072716000000000000000000000000000000000000000000000000000000000000000000000000000053cb4740907b2c404bd9de3e000000000000000000000000748d813d748d013e2f5442be000070c1000070c1000070c10000803f00000000000000000000,475d,475d
GROUND,14,DOCKER,11,ea07051b07271700000000000000000000000000000000000000000000000000000000000000000000000000002e3ada3d845ab13ef4942ec00000000000000000000000005281503d5281d03dfe601cbe000070c1000070c1000070c10000803f00000000000000000000,4550,4550
GROUND,14,DOCKER,11,ea07051b0727180000000000000000000000000000000000000000000000000000000000000000000000000000ca3b643da03cb73e49362fc0000000000000000000000000cf789abdcf781abe37b5673e000070c1000070c1000070c10000803f00000000000000000000,1d71,1d71
GROUND,14,DOCKER,11,ea07051b0727190000000000000000000000000000000000000000000000000000000000000000000000000000bbdced3d2e6c9f3e7ac42fc00000000000000000000000009803f7ba980377bbb242b93b000070c1000070c1000070c10000803f00000000000000000000,1409,1409
GROUND,14,DOCKER,11,ea07051b07271a0000000000000000000000000000000000000000000000000000000000000000000000000000c2e2eb3d7b56ae3ee71930c00000000000000000000000009e59bfbd9e593fbe37838f3e000070c1000070c1000070c10000803f00000000000000000000,6578,6578
GROUND,14,DOCKER,11,ea07051b07271b0000000000000000000000000000000000000000000000000000000000000000000000000000d5c2493d7f2fc43eca222ec00000000000000000000000002f3ab93b2f3a393ca4eb8abc000070c1000070c1000070c10000803f00000000000000000000,1db1,1db1
GROUND,14,DOCKER,11,ea07051b07271c0000000000000000000000000000000000000000000000000000000000000000000000000000164e37407c0526406bb81b3f000000000000000000000000b68d1b3db68d9b3d9154e9bd000070c1000070c1000070c10000803f00000000000000000000,1ab7,1ab7
GROUND,14,DOCKER,11,ea07051b07271d00000000000000000000000000000000000000000000000000000000000000000000000000007cef2540bc8722402b934c3f000000000000000000000000b75968bdb759e8bd49432e3e000070c1000070c1000070c10000803f00000000000000000000,2f25,2f25
GROUND,14,DOCKER,11,ea07051b07271e0000000000000000000000000000000000000000000000000000000000000000000000000000fc272740735f2640be395a3f00000000000000000000000077ab223d77aba23d3301f4bd000070c1000070c1000070c10000803f00000000000000000000,d2be,d2be
GROUND,14,DOCKER,11,ea07051b07271f00000000000000000000000000000000000000000000000000000000000000000000000000008eae4840c065474018e6333f000000000000000000000000e89aadbde89a2dbe2e34823e000070c1000070c1000070c10000000000000000000000000000,a4ab,a4ab
GROUND,14,DOCKER,11,ea07051b072720000000000000000000000000000000000000000000000000000000000000000000000000000077c2783bb040993bb6281dc00000000000000000000000006f15b4bd6f1534be1310873e000070c1000070c1000070c10000000000000000000000000000,d6e4,d6e4
GROUND,14,DOCKER,11,ea07051b072721000000000000000000000000000000000000000000000000000000000000000000000000000077c2783bb040993bb6281dc00000000000000000000000006f15b4bd6f1534be1310873e000070c1000070c1000070c10000000000000000000000000000,db8e,db8e
GROUND,14,DOCKER,11,ea07051b072722000000000000000000000000000000000000000000000000000000000000000000000000000077c2783bb040993bb6281dc00000000000000000000000006f15b4bd6f1534be1310873e000070c1000070c1000070c10000000000000000000000000000,cc30,cc30
GROUND,14,DOCKER,11,ea07051b072723000000000000000000000000000000000000000000000000000000000000000000000000000077c2783bb040993bb6281dc00000000000000000000000006f15b4bd6f1534be1310873e000070c1000070c1000070c10000000000000000000000000000,c15a,c15a
GROUND,14,DOCKER,11,ea07051b072724000000000000000000000000000000000000000000000000000000000000000000000000000077c2783bb040993bb6281dc00000000000000000000000006f15b4bd6f1534be1310873e000070c1000070c1000070c10000000000000000000000000000,e34c,e34c
GROUND,14,DOCKER,11,ea07051b072725000000000000000000000000000000000000000000000000000000000000000000000000000077c2783bb040993bb6281dc00000000000000000000000006f15b4bd6f1534be1310873e000070c1000070c1000070c10000000000000000000000000000,ee26,ee26
GROUND,14,DOCKER,11,ea07051b072726000000000000000000000000000000000000000000000000000000000000000000000000000077c2783bb040993bb6281dc00000000000000000000000006f15b4bd6f1534be1310873e000070c1000070c1000070c10000000000000000000000000000,f998,f998
GROUND,14,DOCKER,11,ea07051b072727000000000000000000000000000000000000000000000000000000000000000000000000000077c2783bb040993bb6281dc00000000000000000000000006f15b4bd6f1534be1310873e000070c1000070c1000070c10000000000000000000000000000,f4f2,f4f2
GROUND,14,DOCKER,11,ea07051b072728000000000000000000000000000000000000000000000000000000000000000000000000000077c2783bb040993bb6281dc00000000000000000000000006f15b4bd6f1534be1310873e000070c1000070c1000070c10000000000000000000000000000,bdb4,bdb4
GROUND,14,DOCKER,11,ea07051b072729000000000000000000000000000000000000000000000000000000000000000000000000000077c2783bb040993bb6281dc00000000000000000000000006f15b4bd6f1534be1310873e000070c1000070c1000070c10000000000000000000000000000,b0de,b0de
GROUND,14,DOCKER,11,ea07051b07272a000000000000000000000000000000000000000000000000000000000000000000000000000077c2783bb040993bb6281dc00000000000000000000000006f15b4bd6f1534be1310873e000070c1000070c1000070c10000000000000000000000000000,a760,a760
GROUND,14,DOCKER,11,ea07051b07272b000000000000000000000000000000000000000000000000000000000000000000000000000077c2783bb040993bb6281dc00000000000000000000000006f15b4bd6f1534be1310873e000070c1000070c1000070c10000000000000000000000000000,aa0a,aa0a
GROUND,14,DOCKER,11,ea07051b07272c000000000000000000000000000000000000000000000000000000000000000000000000000077c2783bb040993bb6281dc00000000000000000000000006f15b4bd6f1534be1310873e000070c1000070c1000070c10000000000000000000000000000,881c,881c
GROUND,14,DOCKER,11,ea07051b07272d000000000000000000000000000000000000000000000000000000000000000000000000000077c2783bb040993bb6281dc00000000000000000000000006f15b4bd6f1534be1310873e000070c1000070c1000070c10000000000000000000000000000,8576,8576
GROUND,14,DOCKER,11,ea07051b07272e000000000000000000000000000000000000000000000000000000000000000000000000000077c2783bb040993bb6281dc00000000000000000000000006f15b4bd6f1534be1310873e000070c1000070c1000070c10000000000000000000000000000,92c8,92c8
GROUND,14,DOCKER,11,ea07051b07272f000000000000000000000000000000000000000000000000000000000000000000000000000077c2783bb040993bb6281dc00000000000000000000000006f15b4bd6f1534be1310873e000070c1000070c1000070c10000000000000000000000000000,9fa2,9fa2
GROUND,14,DOCKER,11,ea07051b072730000000000000000000000000000000000000000000000000000000000000000000000000000064af3f403d6b43407814ae3f0000000000000000000000000000000000000000000000000000000000000000000000000000000000000000000000000000,8b01,8b01
GROUND,14,DOCKER,11,ea07051b07273100000000000000000000000000000000000000000000000000000000000000000000000000006aa33f402c15454001c6ad3f0000000000000000000000000000000000000000000000000000000000000000000000000000000000000000000000000000,5afa,5afa
GROUND,14,DOCKER,11,ea07051b0727320000000000000000000000000000000000000000000000000000000000000000000000000000309c3f40802f4540095fae3f0000000000000000000000000000000000000000000000000000000000000000000000000000000000000000000000000000,7f93,7f93
GROUND,14,DOCKER,11,ea07051b0727330000000000000000000000000000000000000000000000000000000000000000000000000000479d3f40252f4540a688ae3f0000000000000000000000000000000000000000000000000000000000000000000000000000000000000000000000000000,59f4,59f4
GROUND,14,DOCKER,11,ea07051b0727340000000000000000000000000000000000000000000000000000000000000000000000000000789f3f40c7234540bd76ae3f0000000000000000000000000000000000000000000000000000000000000000000000000000000000000000000000000000,fcb4,fcb4
GROUND,14,DOCKER,11,ea07051b07273500000000000000000000000000000000000000000000000000000000000000000000000000006ea13f408d234540ff7aae3f0000000000000000000000000000000000000000000000000000000000000000000000000000000000000000000000000000,eff2,eff2
GROUND,14,DOCKER,11,ea07051b072736000000000000000000000000000000000000000000000000000000000000000000000000000084a13f40f52045401b8aae3f0000000000000000000000000000000000000000000000000000000000000000000000000000000000000000000000000000,861b,861b
GROUND,14,DOCKER,11,ea07051b0727370000000000000000000000000000000000000000000000000000000000000000000000000000dca33f40a22545401986ae3f0000000000000000000000000000000000000000000000000000000000000000000000000000000000000000000000000000,390f,390f
GROUND,14,DOCKER,11,ea07051b07273800000000000000000000000000000000000000000000000000000000000000000000000000008ba73f4085124540ae7fae3f0000000000000000000000000000000000000000000000000000000000000000000000000000000000000000000000000000,ef50,ef50
GROUND,14,DOCKER,11,ea07051b0727390000000000000000000000000000000000000000000000000000000000000000000000000000461840402adc44408112ac3f0000000000000000000000000000000000000000000000000000000000000000000000000000803f00000000000000000000,9dc5,9dc5
GROUND,14,DOCKER,11,ea07051b07273a000000000000000000000000000000000000000000000000000000000000000000000000000079033f40792e45c044a4a83f0000000000000000000000000000000000000000000000000000000000000000000000000000803f00000000000000000000,46b8,46b8
GROUND,14,DOCKER,11,ea07051b07273b00000000000000000000000000000000000000000000000000000000000000000000000000006bce42407cf245c0f6dd2f3f0000000000000000000000000000000000000000000000000000000000000000000000000000803f00000000000000000000,10fc,10fc
GROUND,14,DOCKER,11,ea07051b072800000000000000000000000000000000000000000000000000000000000000000000000000000076fbb93ebed0a7be20321ac00000000000000000000000000000000000000000000000000000000000000000000000000000803f00000000000000000000,2032,2032
GROUND,14,DOCKER,11,ea07051b0728010000000000000000000000000000000000000000000000000000000000000000000000000000ef66a13d6f9108be9d1717c00000000000000000000000000000000000000000000000000000000000000000000000000000803f00000000000000000000,3cee,3cee
GROUND,14,DOCKER,11,ea07051b0728020000000000000000000000000000000000000000000000000000000000000000000000000000bf104840b86a43c0d9be3a3f0000000000000000000000000000000000000000000000000000000000000000000000000000803f00000000000000000000,0970,0970
GROUND,14,DOCKER,11,ea07051b072803000000000000000000000000000000000000000000000000000000000000000000000000000048ab4740b9c345c03f4d333f0000000000000000000000000000000000000000000000000000000000000000000000000000803f00000000000000000000,0f1c,0f1c
GROUND,14,DOCKER,11,ea07051b07280400000000000000000000000000000000000000000000000000000000000000000000000000007bc3393b29fb6ebd66561ec00000000000000000000000000000000000000000000000000000000000000000000000000000000000000000000000000000,0508,0508
GROUND,14,DOCKER,11,ea07051b07280500000000000000000000000000000000000000000000000000000000000000000000000000003850c73c0319a0bd0e3620c00000000000000000000000000000000000000000000000000000000000000000000000000000803f00000000000000000000,6333,6333
GROUND,14,DOCKER,11,ea07051b072806000000000000000000000000000000000000000000000000000000000000000000000000000011ba3f40a2ad484016e4123f00000000000000000000000000000000000000000000000000000000000000000000000016a6fe3e00000000000000000000,78b5,78b5
GROUND,14,DOCKER,11,ea07051b072807000000000000000000000000000000000000000000000000000000000000000000000000000033853f40ea6d48405adc0e3f0000000000000000000000000000000000000000000000000000000000000000000000008c6b453f00000000000000000000,6362,6362
GROUND,14,DOCKER,11,ea07051b07280800000000000000000000000000000000000000000000000000000000000000000000000000006903833d184b14be5c2f25c000000000000000000000000068fa9c3d68fa1c3e9d776bbe000070c1000070c1000070c10000803f00000000000000000000,1798,1798
GROUND,14,DOCKER,11,ea07051b0728090000000000000000000000000000000000000000000000000000000000000000000000000000e704993ebbab99bea2af1dc0000000000000000000000000bb9aad3dbb9a2d3e0c3482be000070c1000070c1000070c10000803f00000000000000000000,c032,c032
GROUND,14,DOCKER,11,ea07051b07280a00000000000000000000000000000000000000000000000000000000000000000000000000009106963e2107afbeb47e1ac00000000000000000000000006363a33d6363233e141575be000070c1000070c1000070c10000000000000000000000000000,34b4,34b4
GROUND,14,DOCKER,11,ea07051b07280b000000000000000000000000000000000000000000000000000000000000000000000000000098cb36402e6938408858263f0000000000000000000000007c47b03d7c47303e9d3584be000070c1000070c1000070c10000803f00000000000000000000,17ae,17ae
GROUND,14,DOCKER,11,ea07051b07280c00000000000000000000000000000000000000000000000000000000000000000000000000004a503a405f6639405f04123f00000000000000000000000017e7743d17e7f43d51ad37be000070c1000070c1000070c10000803f00000000000000000000,8273,8273
GROUND,14,DOCKER,11,ea07051b07280d000000000000000000000000000000000000000000000000000000000000000000000000000005843840e1533940efd4053f0000000000000000000000007aa45d3d7aa4dd3d5c3b26be000070c1000070c1fee16fc10000803f00000000000000000000,057f,057f
GROUND,14,DOCKER,11,ea07051b07280e0000000000000000000000000000000000000000000000000000000000000000000000000000806a374087683940c695063f00000000000000000000000047112c3d4711ac3df50c01be000070c1000070c1000070c10000803f00000000000000000000,150c,150c
GROUND,14,DOCKER,11,ea07051b07280f000000000000000000000000000000000000000000000000000000000000000000000000000094fc374028e03940268f0a3f00000000000000000000000040cd403d40cdc03df09910be000070c1000070c1000070c10000803f00000000000000000000,4eca,4eca
GROUND,14,DOCKER,11,ea07051b0728100000000000000000000000000000000000000000000000000000000000000000000000000000f952063e32c896be86bc20c00000000000000000000000006707253d6707a53d1a8bf7bd000070c1fee16fc1000070c10000803f00000000000000000000,08b6,08b6
GROUND,14,DOCKER,11,ea07051b07281100000000000000000000000000000000000000000000000000000000000000000000000000009331ce3dc2cfa7bea44020c000000000000000000000000021509b3d21501b3e32f868be000070c1000070c1000070c10000803f00000000000000000000,accd,accd
GROUND,14,DOCKER,11,ea07051b0728120000000000000000000000000000000000000000000000000000000000000000000000000000e33c513defad8abe42ce21c000000000000000000000000034ebac3d34eb2c3e67b081be000070c1000070c1000070c10000803f00000000000000000000,a4d4,a4d4
GROUND,14,DOCKER,11,ea07051b07281300000000000000000000000000000000000000000000000000000000000000000000000000008af03b40623430c026b00c3f000000000000000000000000768b823d768b023e31d143be000070c1000070c1000070c10000000000000000000000000000,5b22,5b22
GROUND,14,DOCKER,11,ea07051b0728140000000000000000000000000000000000000000000000000000000000000000000000000000185a3c40fb3c30c0bc2c0f3f000000000000000000000000f34e8a3df34e0a3e6d764fbe000070c1000070c1000070c10000000000000000000000000000,e676,e676
GROUND,14,DOCKER,11,ea07051b072815000000000000000000000000000000000000000000000000000000000000000000000000000088053d40a34d30c027c8123f000000000000000000000000afd0903dafd0103e063959be000070c1000070c1000070c10000000000000000000000000000,15af,15af
GROUND,14,DOCKER,11,ea07051b072816000000000000000000000000000000000000000000000000000000000000000000000000000066263d40b12730c0dc47153f000000000000000000000000c0259c3dc0251c3ea1386abe000070c1000070c1000070c10000000000000000000000000000,ec53,ec53
GROUND,14,DOCKER,11,ea07051b0728170000000000000000000000000000000000000000000000000000000000000000000000000000af6a3d40371330c0f212173f000000000000000000000000cb39ac3dcb392c3e592b81be000070c1000070c1000070c10000000000000000000000000000,d260,d260
GROUND,14,DOCKER,11,ea07051b072818000000000000000000000000000000000000000000000000000000000000000000000000000044843d402a0030c02231183f0000000000000000000000008e652ebd8e65aebd2bcc023e000070c1000070c1000070c10000000000000000000000000000,6c08,6c08
GROUND,14,DOCKER,11,ea07051b0728190000000000000000000000000000000000000000000000000000000000000000000000000000d0bb3d4080ee2fc0e2531a3f000000000000000000000000f5a1cb3df5a14b3e78b998be000070c1000070c1000070c10000000000000000000000000000,f90c,f90c
GROUND,14,DOCKER,11,ea07051b07281a00000000000000000000000000000000000000000000000000000000000000000000000000001ce13d4010e72fc0c49e1b3f00000000000000000000000095789a3d95781a3ee0b467be000070c1000070c1000070c10000000000000000000000000000,5803,5803
GROUND,14,DOCKER,11,ea07051b07281b0000000000000000000000000000000000000000000000000000000000000000000000000000fcfc3d4087d82fc0d3ec1c3f00000000000000000000000033484e3d3348ce3d27b61abe000070c1000070c1000070c10000000000000000000000000000,0203,0203
GROUND,14,DOCKER,11,ea07051b07281c000000000000000000000000000000000000000000000000000000000000000000000000000056153e4038ce2fc0bc0c1e3f0000000000000000000000007b8e1b3d7b8e9b3db955e9bd000070c1000070c1000070c10000000000000000000000000000,bead,bead
GROUND,14,DOCKER,11,ea07051b07281d0000000000000000000000000000000000000000000000000000000000000000000000000000f4363e403dc42fc08d481f3f0000000000000000000000003752453d3752c53da9fd13be000070c1000070c1000070c10000000000000000000000000000,239d,239d
GROUND,14,DOCKER,11,ea07051b07281e00000000000000000000000000000000000000000000000000000000000000000000000000004a533e40b6bc2fc05670203f000000000000000000000000cd7dcb3dcd7d4b3e5a9e98be000070c1000070c1000070c10000000000000000000000000000,28a8,28a8
GROUND,14,DOCKER,11,ea07051b07281f0000000000000000000000000000000000000000000000000000000000000000000000000000cf613e408aae2fc04429213f00000000000000000000000055127d3d5512fd3dc0cd3dbe000070c1000070c1000070c10000000000000000000000000000,3adc,3adc
GROUND,14,DOCKER,11,ea07051b0728200000000000000000000000000000000000000000000000000000000000000000000000000000d8733e40d7a52fc0a411223f000000000000000000000000fa474e3dfa47ce3dfcb51abe000070c1000070c1000070c10000000000000000000000000000,a8b7,a8b7
GROUND,14,DOCKER,11,ea07051b0728210000000000000000000000000000000000000000000000000000000000000000000000000000ca9f3e40fca32fc01224233f00000000000000000000000099d8ca3d99d84a3e732298be000070c1fcc36fc1000070c10000000000000000000000000000,1eb4,1eb4
GROUND,14,DOCKER,11,ea07051b07282200000000000000000000000000000000000000000000000000000000000000000000000000002cae3e40c29f2fc0a9c8233f000000000000000000000000cdcccc3dcdcc4c3e9a9999be000070c1000070c1000070c10000000000000000000000000000,2300,2300
GROUND,14,DOCKER,11,ea07051b0728230000000000000000000000000000000000000000000000000000000000000000000000000000cac03e40b59a2fc07484243f0000000000000000000000006c85933d6c85133e23485dbe000070c1000070c1000070c10000000000000000000000000000,4ec6,4ec6
GROUND,14,DOCKER,11,ea07051b07282400000000000000000000000000000000000000000000000000000000000000000000000000005dd03e40b0952fc0504c253f00000000000000000000000040dec73d40de473eb0e695be000070c1000070c1000070c10000000000000000000000000000,67b2,67b2
GROUND,14,DOCKER,11,ea07051b0728250000000000000000000000000000000000000000000000000000000000000000000000000000a4da3e40fc8c2fc01ae8253f00000000000000000000000006fc8e3d06fc0e3e097a56be000070c1000070c1000070c10000000000000000000000000000,d6ca,d6ca
GROUND,14,DOCKER,11,ea07051b0728260000000000000000000000000000000000000000000000000000000000000000000000000000d3ec3e4070862fc04caa263f000000000000000000000000bf74bd3dbf743d3e90178ebe000070c1000070c1000070c10000000000000000000000000000,35e3,35e3
GROUND,14,DOCKER,11,ea07051b0728270000000000000000000000000000000000000000000000000000000000000000000000000000da073f400e832fc07028273f000000000000000000000000cdcccc3dcdcc4c3e9a9999be000070c1000070c1fee16fc10000000000000000000000000000,23b6,23b6
GROUND,14,DOCKER,11,ea07051b0728280000000000000000000000000000000000000000000000000000000000000000000000000000c2123f4014822fc08db0273f000000000000000000000000d5926c3dd592ec3d206e31be000070c1fee16fc1000070c10000000000000000000000000000,5fa0,5fa0
GROUND,14,DOCKER,11,ea07051b072829000000000000000000000000000000000000000000000000000000000000000000000000000083163f400f762fc06c55283f000000000000000000000000ee70bb3dee703b3eb3948cbe000070c1000070c1000070c10000000000000000000000000000,01a7,01a7
GROUND,14,DOCKER,11,ea07051b07282a0000000000000000000000000000000000000000000000000000000000000000000000000000a3273f40eb792fc0e1a9283f0000000000000000000000006966883d6966083e9e994cbe000070c1000070c1000070c10000000000000000000000000000,70dd,70dd
GROUND,14,DOCKER,11,ea07051b07282b000000000000000000000000000000000000000000000000000000000000000000000000000051393f406c772fc0fa1f293f00000000000000000000000003f1bd3d03f13d3ec2748ebe000070c1000070c1000070c10000000000000000000000000000,0f20,0f20
GROUND,14,DOCKER,11,ea07051b07282c00000000000000000000000000000000000000000000000000000000000000000000000000006b463f40fb732fc04996293f000000000000000000000000af5dc63daf5d463e43c694be000070c1000070c1000070c10000000000000000000000000000,3e2a,3e2a
GROUND,14,DOCKER,11,ea07051b07282d000000000000000000000000000000000000000000000000000000000000000000000000000098483f402d6d2fc0e4052a3f000000000000000000000000ed0e8e3ded0e0e3e641655be000070c1000070c1000070c10000000000000000000000000000,ff5a,ff5a
GROUND,14,DOCKER,11,ea07051b07282e0000000000000000000000000000000000000000000000000000000000000000000000000000a2443f40ee622fc00e3e2a3f000000000000000000000000f5863e3df586be3d38e50ebe000070c1fee16fc1000070c10000000000000000000000000000,1033,1033
GROUND,14,DOCKER,11,ea07051b07282f0000000000000000000000000000000000000000000000000000000000000000000000000000590531407dc5434027136d3f0000000000000000000000006ba55d3d6ba5dd3d113c26be000070c1000070c1000070c10000803f00000000000000000000,f9d1,f9d1
GROUND,14,DOCKER,11,ea07051b0728300000000000000000000000000000000000000000000000000000000000000000000000000000000b9c3e21dd943e33f00ac000000000000000000000000083acc83d83ac483e628196be000070c1000070c1000070c10000803f00000000000000000000,0b1b,0b1b
GROUND,14,DOCKER,11,ea07051b0728310000000000000000000000000000000000000000000000000000000000000000000000000000f12d304049933d4031bf873f000000000000000000000000c4c6c23dc4c6423e131592be000070c1000070c1000070c10000803f00000000000000000000,1b1a,1b1a
GROUND,14,DOCKER,11,ea07051b0728320000000000000000000000000000000000000000000000000000000000000000000000000000b8283d40d60849c05c63763f0000000000000000000000000869943d0869143e8d9d5ebe000070c1000070c1000070c10000803f00000000000000000000,ebbf,ebbf
GROUND,14,DOCKER,11,ea07051b07283300000000000000000000000000000000000000000000000000000000000000000000000000007f5d7e3e6e5f853e4ff9febf000000000000000000000000ba863e3dba86be3d0ce50ebe000070c1000070c1000070c10000803f00000000000000000000,d408,d408
GROUND,14,DOCKER,11,ea07051b0728340000000000000000000000000000000000000000000000000000000000000000000000000000eceb2f401cd44140ea47993f0000000000000000000000008a7f503d8a7fd03da85f1cbe000070c1000070c1000070c10000803f00000000000000000000,9034,9034
GROUND,14,DOCKER,11,ea07051b07283500000000000000000000000000000000000000000000000000000000000000000000000000006363bf3debc0043fec87c6bf0000000000000000000000005d6d9f3d5d6d1f3e0c246fbe000070c1000070c1000070c10000803f00000000000000000000,2b38,2b38
GROUND,14,DOCKER,11,ea07051b072836000000000000000000000000000000000000000000000000000000000000000000000000000079ea3b40fd504140b994a43f0000000000000000000000006c2c193d6c2c993da3c2e5bd000070c1000070c1000070c10000803f00000000000000000000,f450,f450
GROUND,14,DOCKER,11,ea07051b07283700000000000000000000000000000000000000000000000000000000000000000000000000006c9b354007c13140a311e33f00000000000000000000000032926c3d3292ec3da66d31be000070c1000070c1000070c10000803f00000000000000000000,bf46,bf46
GROUND,14,DOCKER,11,ea07051b072838000000000000000000000000000000000000000000000000000000000000000000000000000072107c3be4c0a03f093adebf000000000000000000000000c95b893dc95b093eae094ebe000070c1fee16fc1000070c10000803f00000000000000000000,feb5,feb5
GROUND,14,DOCKER,11,ea07051b07283900000000000000000000000000000000000000000000000000000000000000000000000000003042583ed2a2ae3f27e0f5bf000000000000000000000000a9d0903da9d0103efe3859befcc36fc1000070c1000070c10000803f00000000000000000000,4372,4372
GROUND,14,DOCKER,11,ea07051b07283a0000000000000000000000000000000000000000000000000000000000000000000000000000089a40405c272740756bb73f000000000000000000000000b869c83db869483e4a4f96be000070c1000070c1000070c10000803f00000000000000000000,5da1,5da1
GROUND,14,DOCKER,11,ea07051b07283b000000000000000000000000000000000000000000000000000000000000000000000000000048a53d406dc440403462b73f00000000000000000000000070a55d3d70a5dd3d143c26be000070c1000070c1000070c10000803f00000000000000000000,02cb,02cb
GROUND,14,DOCKER,11,ea07051b072900000000000000000000000000000000000000000000000000000000000000000000000000000055f22b402df936404c1dba3f00000000000000000000000022e3be3d22e33e3e5a2a8fbe000070c1000070c1000070c10000803f00000000000000000000,034e,034e
GROUND,14,DOCKER,11,ea07051b0729010000000000000000000000000000000000000000000000000000000000000000000000000000bea79a3edb51b03e6a5fdabf0000000000000000000000008f8d803d8f8d003e57d440be000070c1fee16fc1000070c10000803f00000000000000000000,7885,7885
GROUND,14,DOCKER,11,ea07051b0729020000000000000000000000000000000000000000000000000000000000000000000000000000b13d45407d2f2a40a2b6c93f000000000000000000000000f5f4613df5f4e13db87729be000070c1000070c1000070c10000803f00000000000000000000,6f7f,6f7f
GROUND,14,DOCKER,11,ea07051b07290300000000000000000000000000000000000000000000000000000000000000000000000000006dd94840bb774040923dc23f000000000000000000000000b95ec53db95e453e0b0794be000070c1000070c1000070c10000803f00000000000000000000,ff14,ff14
GROUND,14,DOCKER,11,ea07051b0729040000000000000000000000000000000000000000000000000000000000000000000000000000cdf62d3d154cc2bca09bc6bf000000000000000000000000c0795b3dc079db3d509b24be000070c1000070c1000070c10000803f00000000000000000000,bd76,bd76
GROUND,14,DOCKER,11,ea07051b07290500000000000000000000000000000000000000000000000000000000000000000000000000007fab3a3d0c4ccbbc0a68c7bf000000000000000000000000aa8c813daa8c013eff5242be000070c1000070c1000070c10000000000000000000000000000,9d92,9d92
GROUND,14,DOCKER,11,ea07051b0729060000000000000000000000000000000000000000000000000000000000000000000000000000b672453d697be9bc2d25c8bf000000000000000000000000a94bb53da94b353ebff887be000070c1000070c1000070c10000000000000000000000000000,f8ea,f8ea
GROUND,14,DOCKER,11,ea07051b0729070000000000000000000000000000000000000000000000000000000000000000000000000000ce25493d56b8eebc6e80c8bf00000000000000000000000060127d3d6012fd3dc8cd3dbe000070c1000070c1000070c10000000000000000000000000000,8560,8560
GROUND,14,DOCKER,11,ea07051b072908000000000000000000000000000000000000000000000000000000000000000000000000000048144c3d36e2fbbc8de9c8bf0000000000000000000000002878863d2878063e3db449be000070c1000070c1000070c10000000000000000000000000000,94fb,94fb
GROUND,14,DOCKER,11,ea07051b0729090000000000000000000000000000000000000000000000000000000000000000000000000000be934e3dcb7f01bd292fc9bf000000000000000000000000542fcb3d542f4b3e7f6398be000070c1000070c1000070c10000000000000000000000000000,1a4e,1a4e
GROUND,14,DOCKER,11,ea07051b07290a0000000000000000000000000000000000000000000000000000000000000000000000000000df864e3d2c7f03bd305ec9bf0000000000000000000000004fcd9d3d4fcd1d3ef7b36cbe000070c1000070c1000070c10000000000000000000000000000,da63,da63
GROUND,14,DOCKER,11,ea07051b07290b0000000000000000000000000000000000000000000000000000000000000000000000000000bc634f3d428107bd9365c9bf000000000000000000000000251f573d251fd73d5c5721be000070c1000070c1000070c10000000000000000000000000000,db58,db58
GROUND,14,DOCKER,11,ea07051b07290c00000000000000000000000000000000000000000000000000000000000000000000000000008d19513d01d60cbdf884c9bf0000000000000000000000009f6e873d9f6e073eef254bbe000070c1000070c1000070c10000000000000000000000000000,f3e3,f3e3
GROUND,14,DOCKER,11,ea07051b07290d000000000000000000000000000000000000000000000000000000000000000000000000000010e7523dda6f0dbd4d88c9bf00000000000000000000000036bccc3d36bc4c3e298d99be000070c1000070c1000070c10000000000000000000000000000,aac3,aac3
GROUND,14,DOCKER,11,ea07051b07290e000000000000000000000000000000000000000000000000000000000000000000000000000005af513d84f210bd5d76c9bf000000000000000000000000d5d8ca3dd5d84a3ea02298be000070c1000070c1000070c10000000000000000000000000000,068f,068f
GROUND,14,DOCKER,11,ea07051b07290f0000000000000000000000000000000000000000000000000000000000000000000000000000d6ed503d6ee813bd1972c9bf0000000000000000000000009e54453d9e54c53d77ff13be000070c1000070c1000070c10000000000000000000000000000,ef82,ef82
GROUND,14,DOCKER,11,ea07051b0729100000000000000000000000000000000000000000000000000000000000000000000000000000e378503dc04a15bdcf6bc9bf000000000000000000000000d2aadabcd2aa5abd1e00a43d000070c1000070c1000070c10000000000000000000000000000,186c,186c
GROUND,14,DOCKER,11,ea07051b072911000000000000000000000000000000000000000000000000000000000000000000000000000022f0513dd7af1dbda279c9bf000000000000000000000000e53b3c3de53bbc3dec2c0dbe000070c1000070c1000070c10000000000000000000000000000,b848,b848
GROUND,14,DOCKER,11,ea07051b0729120000000000000000000000000000000000000000000000000000000000000000000000000000409e503d612c20bd5e61c9bf000000000000000000000000e26f873de26f073ed3274bbe000070c1000070c1000070c10000000000000000000000000000,74cc,74cc
GROUND,14,DOCKER,11,ea07051b07291300000000000000000000000000000000000000000000000000000000000000000000000000002874503de8951ebdbc48c9bf0000000000000000000000006786ab3d67862b3ecda480be000070c1000070c1000070c10000000000000000000000000000,8650,8650
GROUND,14,DOCKER,11,ea07051b07291400000000000000000000000000000000000000000000000000000000000000000000000000009fea4f3d0e371dbda729c9bf000000000000000000000000378c823d378c023e53d243be000070c1000070c1000070c10000000000000000000000000000,ba1b,ba1b
GROUND,14,DOCKER,11,ea07051b0729150000000000000000000000000000000000000000000000000000000000000000000000000000de3c4f3d144d24bddc19c9bf000000000000000000000000bdfa113dbdfa913d1cf8dabd000070c1000070c1000070c10000000000000000000000000000,86c5,86c5
GROUND,14,DOCKER,11,ea07051b07291600000000000000000000000000000000000000000000000000000000000000000000000000008bcc4f3d624523bd1406c9bf000000000000000000000000a09ca23da09c223ef1ea73be000070c1000070c1000070c10000000000000000000000000000,4b6f,4b6f
GROUND,14,DOCKER,11,ea07051b0729170000000000000000000000000000000000000000000000000000000000000000000000000000f41d523d787422bdafeec8bf0000000000000000000000005406c53d5406453ebfc493be000070c1000070c1000070c10000000000000000000000000000,c5a4,c5a4
GROUND,14,DOCKER,11,ea07051b07291800000000000000000000000000000000000000000000000000000000000000000000000000009cef503d707925bd7db3c8bf00000000000000000000000051edc83d51ed483efdb196be000070c1000070c1fee16fc10000000000000000000000000000,1ba2,1ba2
GROUND,14,DOCKER,11,ea07051b07291900000000000000000000000000000000000000000000000000000000000000000000000000008c35513dffcc29bda2a6c8bf000000000000000000000000f778cc3df7784c3eb95a99be000070c1000070c1fee16fc10000000000000000000000000000,ccda,ccda
GROUND,14,DOCKER,11,ea07051b07291a000000000000000000000000000000000000000000000000000000000000000000000000000036b4503d0edf2cbdd59ec8bf000000000000000000000000a157cb3da1574b3eb98198be000070c1000070c1000070c10000000000000000000000000000,2318,2318
GROUND,14,DOCKER,11,ea07051b07291b00000000000000000000000000000000000000000000000000000000000000000000000000001b29523df58c2cbdd8a0c8bf000000000000000000000000cf4f9b3dcf4f1b3eb6f768be000070c1000070c1000070c10000000000000000000000000000,755b,755b
GROUND,14,DOCKER,11,ea07051b07291c0000000000000000000000000000000000000000000000000000000000000000000000000000793c533d4fb02cbd9590c8bf000000000000000000000000adcf903dadcf103e843759be000070c1000070c1000070c10000000000000000000000000000,f673,f673
GROUND,14,DOCKER,11,ea07051b07291d0000000000000000000000000000000000000000000000000000000000000000000000000000dca2533dda3b2cbdaf7ec8bf00000000000000000000000036eea43d36ee243e516577be000070c1000070c1000070c10000000000000000000000000000,4a24,4a24
GROUND,14,DOCKER,11,ea07051b07291e00000000000000000000000000000000000000000000000000000000000000000000000000004aa7533d72fa2ebd6a71c8bf0000000000000000000000006765cc3d67654c3e0e4c99be000070c1000070c1000070c10000000000000000000000000000,636d,636d
GROUND,14,DOCKER,11,ea07051b07291f00000000000000000000000000000000000000000000000000000000000000000000000000003675533de27a2fbddb67c8bf0000000000000000000000003f926c3d3f92ec3daf6d31be000070c1fee16fc1000070c10000000000000000000000000000,65ca,65ca
GROUND,14,DOCKER,11,ea07051b07292000000000000000000000000000000000000000000000000000000000000000000000000000001cba533dae602fbdaf5cc8bf00000000000000000000000068167f3d6816ff3dce503fbe000070c1000070c1000070c10000000000000000000000000000,4f22,4f22
GROUND,14,DOCKER,11,ea07051b0729210000000000000000000000000000000000000000000000000000000000000000000000000000712d533d1fa232bdf55fc8bf000000000000000000000000cb70873dcb70073e30294bbe000070c1000070c1000070c10000000000000000000000000000,367c,367c
GROUND,14,DOCKER,11,ea07051b07292200000000000000000000000000000000000000000000000000000000000000000000000000004b75543d2ae235bd8d5fc8bf00000000000000000000000054c4983d54c4183e7f2665be000070c1000070c1000070c10000000000000000000000000000,2592,2592
GROUND,14,DOCKER,11,ea07051b07292300000000000000000000000000000000000000000000000000000000000000000000000000009e26543d215b33bd2364c8bf00000000000000000000000033228d3d33220d3e4cb353be000070c1fee16fc1000070c10000000000000000000000000000,a9e1,a9e1
GROUND,14,DOCKER,11,ea07051b07292400000000000000000000000000000000000000000000000000000000000000000000000000006ccc543d403d36bd9d53c8bf000000000000000000000000e79aad3de79a2d3e2e3482be000070c1000070c1000070c10000000000000000000000000000,cf84,cf84
GROUND,14,DOCKER,11,ea07051b0729250000000000000000000000000000000000000000000000000000000000000000000000000000c16b563dd18435bd6654c8bf000000000000000000000000a34f9b3da34f1b3e75f768be000070c1000070c1000070c10000000000000000000000000000,419c,419c
GROUND,14,DOCKER,11,ea07051b0729260000000000000000000000000000000000000000000000000000000000000000000000000000a4ab523d68e438bd1249c8bf000000000000000000000000c2d1903dc2d1103ea33a59be000070c1000070c1000070c10000000000000000000000000000,ac28,ac28
GROUND,14,DOCKER,11,ea07051b0729270000000000000000000000000000000000000000000000000000000000000000000000000000d347533d5f7f3abd1835c8bf000000000000000000000000bad1aa3dbad12a3e4c1d80be000070c1000070c1000070c10000000000000000000000000000,14c7,14c7
GROUND,14,DOCKER,11,ea07051b072928000000000000000000000000000000000000000000000000000000000000000000000000000054d8543d401b3dbd5025c8bf0000000000000000000000001585843d1585043ea0c746be000070c1000070c1000070c10000000000000000000000000000,4f3d,4f3d
GROUND,14,DOCKER,11,ea07051b07292900000000000000000000000000000000000000000000000000000000000000000000000000004e99563d117639bd3a28c8bf000000000000000000000000752bc33d752b433e986092be000070c1000070c1000070c10000000000000000000000000000,f19a,f19a
GROUND,14,DOCKER,11,ea07051b07292a000000000000000000000000000000000000000000000000000000000000000000000000000044de573dae3c38bd5823c8bf00000000000000000000000018863e3d1886be3d92e40ebe000070c1fee16fc1000070c10000000000000000000000000000,89d7,89d7
GROUND,14,DOCKER,11,ea07051b07292b00000000000000000000000000000000000000000000000000000000000000000000000000003a51573d80cf40bd3b26c8bf00000000000000000000000003efb03d03ef303e42b384be000070c1000070c1000070c10000000000000000000000000000,6f21,6f21
GROUND,14,DOCKER,11,ea07051b07292c00000000000000000000000000000000000000000000000000000000000000000000000000006b42573dc0ee40bdf02dc8bf000000000000000000000000931fc13d931f413eafd790be000070c1000070c1000070c10000000000000000000000000000,b7f8,b7f8
GROUND,14,DOCKER,11,ea07051b07292d0000000000000000000000000000000000000000000000000000000000000000000000000000b58d583d482344bd5c27c8bf0000000000000000000000005633b83d5633383e81268abe000070c1000070c1000070c10000000000000000000000000000,fe64,fe64
GROUND,14,DOCKER,11,ea07051b07292e0000000000000000000000000000000000000000000000000000000000000000000000000000f0165a3d02ce46bdde18c8bf00000000000000000000000077785b3d7778db3d599a24be000070c1000070c1000070c10000000000000000000000000000,f06b,f06b
GROUND,14,DOCKER,11,ea07051b07292f0000000000000000000000000000000000000000000000000000000000000000000000000000be595a3d491447bd7405c8bf0000000000000000000000007debba3d7deb3a3e9e308cbe000070c1000070c1000070c10000000000000000000000000000,9aa2,9aa2
GROUND,14,DOCKER,11,ea07051b072930000000000000000000000000000000000000000000000000000000000000000000000000000090ba5a3d69fd48bd4c0bc8bf000000000000000000000000294ec43d294e443e9f3a93be000070c1000070c1000070c10000000000000000000000000000,33ef,33ef
GROUND,14,DOCKER,11,ea07051b072931000000000000000000000000000000000000000000000000000000000000000000000000000001925b3db5404abdec0dc8bf000000000000000000000000dbf7763ddbf7f63de53939be000070c1000070c1000070c10000000000000000000000000000,a4db,a4db
GROUND,14,DOCKER,11,ea07051b07293200000000000000000000000000000000000000000000000000000000000000000000000000000f495c3d7e5d49bd9518c8bf000000000000000000000000f776b33df776333e399986befcc36fc1000070c1000070c10000000000000000000000000000,8666,8666
GROUND,14,DOCKER,11,ea07051b072933000000000000000000000000000000000000000000000000000000000000000000000000000004f15a3dd1204abdb513c8bf000000000000000000000000439aad3d439a2d3eb23382be000070c1000070c1000070c10000000000000000000000000000,deae,deae
GROUND,14,DOCKER,11,ea07051b07293400000000000000000000000000000000000000000000000000000000000000000000000000000a5f5a3d2c764bbdec0fc8bf0000000000000000000000003f63ba3d3f633a3e6fca8bbe000070c1000070c1000070c10000000000000000000000000000,7bb6,7bb6
GROUND,14,DOCKER,11,ea07051b0729350000000000000000000000000000000000000000000000000000000000000000000000000000eb005b3dab174dbdd30dc8bf0000000000000000000000004248b03d4248303e323684be000070c1000070c1000070c10000000000000000000000000000,2aec,2aec
GROUND,14,DOCKER,11,ea07051b072936000000000000000000000000000000000000000000000000000000000000000000000000000004075b3d8fb84ebd3e0ac8bf000000000000000000000000f776bc3df7763c3e39598dbe000070c1000070c1000070c10000000000000000000000000000,619e,619e
GROUND,14,DOCKER,11,ea07051b072937000000000000000000000000000000000000000000000000000000000000000000000000000047845c3dd4344ebd860ac8bf0000000000000000000000000d32b83d0d32383e8a258abe000070c1000070c1000070c10000000000000000000000000000,c228,c228
GROUND,14,DOCKER,11,ea07051b072938000000000000000000000000000000000000000000000000000000000000000000000000000074865c3d19eb4ebd9908c8bf000000000000000000000000c059bf3dc0593f3e50838fbe000070c1000070c1000070c10000000000000000000000000000,b8ba,b8ba
GROUND,14,DOCKER,11,ea07051b0729390000000000000000000000000000000000000000000000000000000000000000000000000000899d5b3d9da04fbdb006c8bf0000000000000000000000005dfdc63d5dfd463e063e95be000070c1fee16fc1000070c10000000000000000000000000000,4534,4534
GROUND,14,DOCKER,11,ea07051b07293a000000000000000000000000000000000000000000000000000000000000000000000000000092b95b3db33351bd1d06c8bf0000000000000000000000004d766a3d4d76ea3dbad82fbefee16fc1000070c1000070c10000000000000000000000000000,9bc4,9bc4
GROUND,14,DOCKER,11,ea07051b07293b0000000000000000000000000000000000000000000000000000000000000000000000000000097e5b3dd7d751bd7903c8bf000000000000000000000000d865883dd865083ec5984cbe000070c1000070c1000070c10000000000000000000000000000,dd04,dd04
GROUND,14,DOCKER,11,ea07051b072a00000000000000000000000000000000000000000000000000000000000000000000000000000099c75b3db3e550bdb502c8bf000000000000000000000000f337cc3df3374c3ef62999be000070c1000070c1000070c10000000000000000000000000000,6270,6270
GROUND,14,DOCKER,11,ea07051b072a0100000000000000000000000000000000000000000000000000000000000000000000000000006fd15b3dc3a050bd9c00c8bf000000000000000000000000cf29193dcf29993db6bee5bd000070c1000070c1000070c10000000000000000000000000000,1584,1584
GROUND,14,DOCKER,11,ea07051b072a02000000000000000000000000000000000000000000000000000000000000000000000000000031395c3d9c2d53bdf6fdc7bf0000000000000000000000006410433d6410c33d4b4c12be000070c1000070c1000070c10000000000000000000000000000,7544,7544
GROUND,14,DOCKER,11,ea07051b072a030000000000000000000000000000000000000000000000000000000000000000000000000000d2b55b3d5c8a54bd2dfcc7bf000000000000000000000000a7930f3da7938f3d7b5dd7bd000070c1000070c1000070c10000000000000000000000000000,49e5,49e5
GROUND,14,DOCKER,11,ea07051b072a0400000000000000000000000000000000000000000000000000000000000000000000000000004ba35c3df17455bd57fac7bf00000000000000000000000015137d3d1513fd3d50ce3dbe000070c1fee16fc1000070c10000000000000000000000000000,5972,5972
GROUND,14,DOCKER,11,ea07051b072a050000000000000000000000000000000000000000000000000000000000000000000000000000a3985c3d1df355bde800c8bf00000000000000000000000018d05f3d18d0df3d12dc27be000070c1000070c1000070c10000000000000000000000000000,5182,5182
GROUND,14,DOCKER,11,ea07051b072a060000000000000000000000000000000000000000000000000000000000000000000000000000f2555f3d40f259bd33e8c7bf000000000000000000000000feb6303dfeb6b03d3f8904be000070c1000070c1000070c10000000000000000000000000000,8946,8946
GROUND,14,DOCKER,11,ea07051b072a070000000000000000000000000000000000000000000000000000000000000000000000000000633b613d1d6156bdcccbc7bf000000000000000000000000a6efc33da6ef433ebdf392be000070c1000070c1000070c10000000000000000000000000000,5153,5153
GROUND,14,DOCKER,11,ea07051b072a080000000000000000000000000000000000000000000000000000000000000000000000000000db34603d9a8257bdbbc6c7bf0000000000000000000000001d789a3d1d781a3e2cb467be000070c1000070c1000070c10000000000000000000000000000,76c7,76c7
GROUND,14,DOCKER,11,ea07051b072a0900000000000000000000000000000000000000000000000000000000000000000000000000007c0d5f3d3c5a57bd85c5c7bf000000000000000000000000ccddc73dccdd473e59e695be000070c1000070c1000070c10000000000000000000000000000,fc2b,fc2b
GROUND,14,DOCKER,11,ea07051b072a0a000000000000000000000000000000000000000000000000000000000000000000000000000098f65d3d3e4257bd47c5c7bf0000000000000000000000001e1ecc3d1e1e4c3e971699be000070c1000070c1000070c10000000000000000000000000000,2185,2185
GROUND,14,DOCKER,11,ea07051b072a0b0000000000000000000000000000000000000000000000000000000000000000000000000000a92f603d241158bd2dbbc7bf000000000000000000000000c4cbcc3dc4cb4c3ed39899be000070c1fee16fc1000070c10000000000000000000000000000,09f5,09f5
GROUND,14,DOCKER,11,ea07051b072a0c000000000000000000000000000000000000000000000000000000000000000000000000000072fd5f3decba5abdd2bdc7bf0000000000000000000000002f328c3d2f320c3e464b52be000070c1000070c1000070c10000000000000000000000000000,06cc,06cc
GROUND,14,DOCKER,11,ea07051b072a0d000000000000000000000000000000000000000000000000000000000000000000000000000042a55e3dfe455cbda0bcc7bf0000000000000000000000009b936c3d9b93ec3db56e31be000070c1000070c1000070c10000000000000000000000000000,f459,f459
GROUND,14,DOCKER,11,ea07051b072a0e0000000000000000000000000000000000000000000000000000000000000000000000000000bc125f3dcb3e5abd92bdc7bf00000000000000000000000020f5393d20f5b93dd8770bbe000070c1000070c1000070c10000000000000000000000000000,3159,3159
GROUND,14,DOCKER,11,ea07051b072a0f0000000000000000000000000000000000000000000000000000000000000000000000000000dbfb5e3d49e158bd7cc6c7bf00000000000000000000000084e78f3d84e70f3e47db57be000070c1000070c1000070c10000000000000000000000000000,b134,b134
GROUND,14,DOCKER,11,ea07051b072a1000000000000000000000000000000000000000000000000000000000000000000000000000001e705e3d846259bd3dc3c7bf0000000000000000000000005308333d5308b33d3e4606be000070c1000070c1000070c10000000000000000000000000000,7759,7759
GROUND,14,DOCKER,11,ea07051b072a1100000000000000000000000000000000000000000000000000000000000000000000000000000a905f3d4c7d5abd4cc2c7bf000000000000000000000000a72c963da72c163efb4261be000070c1000070c1000070c10000000000000000000000000000,4d12,4d12
GROUND,14,DOCKER,11,ea07051b072a1200000000000000000000000000000000000000000000000000000000000000000000000000008ea85f3d46175bbd85c1c7bf00000000000000000000000057dcc93d57dc493e426597be000070c1000070c1000070c10000000000000000000000000000,b189,b189
GROUND,14,DOCKER,11,ea07051b072a130000000000000000000000000000000000000000000000000000000000000000000000000000ed18603dcbe259bdd3c1c7bf00000000000000000000000011abc43d11ab443e4d8093be000070c1000070c1000070c10000000000000000000000000000,b3ce,b3ce
GROUND,14,DOCKER,11,ea07051b072a1400000000000000000000000000000000000000000000000000000000000000000000000000006f46603db15859bdb8c1c7bf0000000000000000000000001450203d1450a03d1f78f0bdfee16fc1fee16fc1000070c10000000000000000000000000000,37f0,37f0
GROUND,14,DOCKER,11,ea07051b072a1500000000000000000000000000000000000000000000000000000000000000000000000000007ead603d6c0659bda8c4c7bf0000000000000000000000006e5dc63d6e5d463e13c694be000070c1000070c1000070c10000000000000000000000000000,75af,75af
GROUND,14,DOCKER,11,ea07051b072a1600000000000000000000000000000000000000000000000000000000000000000000000000007bae613d0fb15bbd90c3c7bf000000000000000000000000fe318c3dfe310c3efd4a52be000070c1000070c1000070c10000000000000000000000000000,9c28,9c28
GROUND,14,DOCKER,11,ea07051b072a170000000000000000000000000000000000000000000000000000000000000000000000000000552f613d3a8d61bdf6a2c7bf000000000000000000000000732fa73d732f273e2cc77abe000070c1000070c1000070c10000000000000000000000000000,8233,8233
GROUND,14,DOCKER,11,ea07051b072a1800000000000000000000000000000000000000000000000000000000000000000000000000005fe05f3d9b485bbdbea4c7bf0000000000000000000000003c5c893d3c5c093e5b0a4ebe000070c1000070c1000070c10000000000000000000000000000,6ad8,6ad8
GROUND,14,DOCKER,11,ea07051b072a190000000000000000000000000000000000000000000000000000000000000000000000000000a16d5f3d02a85abd33cac7bf0000000000000000000000006b9f923d6b9f123e21ef5bbe000070c1000070c1000070c10000000000000000000000000000,021a,021a
GROUND,14,DOCKER,11,ea07051b072a1a0000000000000000000000000000000000000000000000000000000000000000000000000000aead603d1a925cbd96cbc7bf000000000000000000000000bccd9d3dbccd1d3e9bb46cbefcc36fc1000070c1000070c10000000000000000000000000000,c02f,c02f
GROUND,14,DOCKER,11,ea07051b072a1b00000000000000000000000000000000000000000000000000000000000000000000000000000abe5f3d05c35bbd6bc9c7bf000000000000000000000000f74b953df74b153ef3f15fbe000070c1000070c1000070c10000000000000000000000000000,2159,2159
GROUND,14,DOCKER,11,ea07051b072a1c000000000000000000000000000000000000000000000000000000000000000000000000000078a4603d7b055dbd8ab4c7bf000000000000000000000000a9c8cc3da9c84c3e7f9699be000070c1000070c1000070c10000000000000000000000000000,977f,977f
GROUND,14,DOCKER,11,ea07051b072a1d0000000000000000000000000000000000000000000000000000000000000000000000000000aa0f623d72195abdcda5c7bf000000000000000000000000229acc3d229a4c3e9a7399be000070c1000070c1000070c10000000000000000000000000000,2c74,2c74
GROUND,14,DOCKER,11,ea07051b072a1e0000000000000000000000000000000000000000000000000000000000000000000000000000ceae643db6a761bd6da6c7bf0000000000000000000000000eaaa83c0eaa283d15ff7cbd000070c1000070c1000070c10000803f00000000000000000000,d519,d519
GROUND,14,DOCKER,11,ea07051b072a1f000000000000000000000000000000000000000000000000000000000000000000000000000098fd613d7a8f5fbd6ebcc7bf000000000000000000000000037d853d037d053e843b48be000070c1000070c1000070c10000000000000000000000000000,bd1b,bd1b
GROUND,14,DOCKER,11,ea07051b072a2000000000000000000000000000000000000000000000000000000000000000000000000000003fbe623d01505fbdf5e1c7bf0000000000000000000000003f208d3d3f200d3e5eb053be000070c1000070c1000070c10000000000000000000000000000,b855,b855
GROUND,14,DOCKER,11,ea07051b072a2100000000000000000000000000000000000000000000000000000000000000000000000000003753613d29015cbdb8e3c7bf0000000000000000000000005669c93d5669493e010f97be000070c1000070c1000070c10000000000000000000000000000,2379,2379
GROUND,14,DOCKER,11,ea07051b072a22000000000000000000000000000000000000000000000000000000000000000000000000000057ad603db9615cbdf8ecc7bf0000000000000000000000002dc4cb3d2dc44b3e22d398be000070c1000070c1000070c10000000000000000000000000000,680a,680a
GROUND,14,DOCKER,11,ea07051b072a230000000000000000000000000000000000000000000000000000000000000000000000000000e8c3613da2ac5dbd45edc7bf0000000000000000000000003baa223d3baaa23d58fff3bd000070c1fee16fc1000070c10000000000000000000000000000,cebb,cebb
GROUND,14,DOCKER,11,ea07051b072a240000000000000000000000000000000000000000000000000000000000000000000000000000d2df603d1cfb5ebd48ecc7bf0000000000000000000000001f5d353d1f5db53dd70508be000070c1000070c1000070c10000000000000000000000000000,de97,de97
GROUND,14,DOCKER,11,ea07051b072a250000000000000000000000000000000000000000000000000000000000000000000000000000a9f9603d50155fbdcaebc7bf000000000000000000000000d42c193dd42c993d3fc3e5bd000070c1000070c1000070c10000000000000000000000000000,f656,f656
GROUND,14,DOCKER,11,ea07051b072a260000000000000000000000000000000000000000000000000000000000000000000000000000ba435f3df9ad5fbd0ffac7bf00000000000000000000000047eca73d47ec273e6ae27bbe000070c1000070c1000070c10000000000000000000000000000,2157,2157
GROUND,14,DOCKER,11,ea07051b072a270000000000000000000000000000000000000000000000000000000000000000000000000000ee5d613d78d35dbd65fbc7bf0000000000000000000000000218573d0218d73d025221be000070c1000070c1000070c10000000000000000000000000000,d34a,d34a
GROUND,14,DOCKER,11,ea07051b072a2800000000000000000000000000000000000000000000000000000000000000000000000000002e21603d30ba5dbd0affc7bf000000000000000000000000bff5bb3dbff53b3e50f88cbe000070c1000070c1000070c10000000000000000000000000000,8996,8996
GROUND,14,DOCKER,11,ea07051b072a290000000000000000000000000000000000000000000000000000000000000000000000000000c587603d69b25dbd5cffc7bf000000000000000000000000a30e8e3da30e0e3ef41555be000070c1000070c1000070c10000000000000000000000000000,3196,3196
GROUND,14,DOCKER,11,ea07051b072a2a0000000000000000000000000000000000000000000000000000000000000000000000000000e8f75f3daaeb5bbd1101c8bf0000000000000000000000006f6abe3d6f6a3e3ed3cf8ebe000070c1000070c1000070c10000000000000000000000000000,5663,5663
GROUND,14,DOCKER,11,ea07051b072a2b00000000000000000000000000000000000000000000000000000000000000000000000000006aea603d1c515dbd3506c8bf0000000000000000000000002c8e813d2c8e013e435542be000070c1000070c1000070c10000000000000000000000000000,d8b4,d8b4
GROUND,14,DOCKER,11,ea07051b072a2c0000000000000000000000000000000000000000000000000000000000000000000000000000d0a6613da0aa5ebd1c04c8bf0000000000000000000000001aa2cb3d1aa24b3e94b998be000070c1000070c1000070c10000000000000000000000000000,4b78,4b78
GROUND,14,DOCKER,11,ea07051b072a2d00000000000000000000000000000000000000000000000000000000000000000000000000001a27613d76235bbdff04c8bf0000000000000000000000006a519b3d6a511b3e1ffa68be000070c1000070c1000070c10000000000000000000000000000,500e,500e
GROUND,14,DOCKER,11,ea07051b072a2e0000000000000000000000000000000000000000000000000000000000000000000000000000f183613dd7ca5ebd8403c8bf0000000000000000000000003435b23d3435323ee7a785be000070c1000070c1000070c10000000000000000000000000000,b363,b363
GROUND,14,DOCKER,11,ea07051b072a2f00000000000000000000000000000000000000000000000000000000000000000000000000001a68623d96d25fbdce02c8bf0000000000000000000000006e38ac3d6e382c3e532a81be000070c1fcc36fc1000070c10000000000000000000000000000,0b03,0b03
GROUND,14,DOCKER,11,ea07051b072a300000000000000000000000000000000000000000000000000000000000000000000000000000d0ae623d16b15abd150ac8bf00000000000000000000000067428b3d67420b3e9ae350be000070c1000070c1000070c10000000000000000000000000000,d6f9,d6f9
GROUND,14,DOCKER,11,ea07051b072a3100000000000000000000000000000000000000000000000000000000000000000000000000005736623d7c815cbd7131c8bf00000000000000000000000049a2cb3d49a24b3eb7b998be000070c1000070c1000070c10000000000000000000000000000,45e0,45e0
GROUND,14,DOCKER,11,ea07051b072a3200000000000000000000000000000000000000000000000000000000000000000000000000000637613d28505fbdbc2cc8bf000000000000000000000000449ba23d449b223ee7e873be000070c1000070c1000070c10000000000000000000000000000,4014,4014
GROUND,14,DOCKER,11,ea07051b072a33000000000000000000000000000000000000000000000000000000000000000000000000000026d9603d28335ebd132dc8bf0000000000000000000000005b13643d5b13e43d850e2bbe000070c1000070c1000070c10000000000000000000000000000,2639,2639
GROUND,14,DOCKER,11,ea07051b072a34000000000000000000000000000000000000000000000000000000000000000000000000000071e6603d0c7f5dbde92dc8bf0000000000000000000000003675bd3d36753d3ee9178ebe000070c1000070c1fee16fc10000000000000000000000000000,6076,6076
GROUND,14,DOCKER,11,ea07051b072a350000000000000000000000000000000000000000000000000000000000000000000000000000ef60603d32bc5cbd112ec8bf000000000000000000000000c72f8c3dc72f0c3eaa4752be000070c1000070c1000070c10000000000000000000000000000,b953,b953
GROUND,14,DOCKER,11,ea07051b072a360000000000000000000000000000000000000000000000000000000000000000000000000000ffa6603d57035ebd1e2dc8bf000000000000000000000000debc293ddebca93d4d9bfebd000070c1000070c1000070c10000000000000000000000000000,b48c,b48c
GROUND,14,DOCKER,11,ea07051b072a370000000000000000000000000000000000000000000000000000000000000000000000000000d1d7603db18b5fbd582cc8bf00000000000000000000000060b5523d60b5d23d08081ebe000070c1000070c1000070c10000000000000000000000000000,b8d7,b8d7
GROUND,14,DOCKER,11,ea07051b072a380000000000000000000000000000000000000000000000000000000000000000000000000000966e613d9b0d5cbd7f2dc8bf00000000000000000000000054c6983d54c6183e7f2965be000070c1000070c1fee16fc10000000000000000000000000000,9b48,9b48
GROUND,14,DOCKER,11,ea07051b072a390000000000000000000000000000000000000000000000000000000000000000000000000000759a613d12f25dbd062cc8bf000000000000000000000000d25dc63dd25d463e5ec694be000070c1000070c1000070c10000000000000000000000000000,1c38,1c38
GROUND,14,DOCKER,11,ea07051b072a3a0000000000000000000000000000000000000000000000000000000000000000000000000000cef35f3daf5b60bd1f35c8bf000000000000000000000000002fcb3d002f4b3e406398befcc36fc1000070c1000070c10000000000000000000000000000,7a1d,7a1d
GROUND,14,DOCKER,11,ea07051b072a3b0000000000000000000000000000000000000000000000000000000000000000000000000000aca0643de3b65ebd49d1c8bf000000000000000000000000ed29a43ded29243ee43e76be000070c1fee16fc1000070c10000000000000000000000000000,0bc0,0bc0
GROUND,14,DOCKER,11,ea07051b072b0000000000000000000000000000000000000000000000000000000000000000000000000000004be4643d69945dbd59f1c8bf0000000000000000000000000be4cb3d0be44b3e08eb98be000070c1000070c1000070c10000000000000000000000000000,4a73,4a73
GROUND,14,DOCKER,11,ea07051b072b0100000000000000000000000000000000000000000000000000000000000000000000000000008434653d57eb5cbd9cf1c8bf000000000000000000000000c347ca3dc3474a3ed2b597be000070c1000070c1000070c10000000000000000000000000000,609a,609a
GROUND,14,DOCKER,11,ea07051b072b020000000000000000000000000000000000000000000000000000000000000000000000000000d60e653d578e60bde8efc8bf000000000000000000000000b3c8cc3db3c84c3e869699be000070c1000070c1000070c10000000000000000000000000000,fe61,fe61
GROUND,14,DOCKER,11,ea07051b072b0300000000000000000000000000000000000000000000000000000000000000000000000000003312643d33aa5cbdd3f0c8bf00000000000000000000000020a15d3d20a1dd3dd83826be000070c1000070c1000070c10000000000000000000000000000,c70b,c70b
GROUND,14,DOCKER,11,ea07051b072b0400000000000000000000000000000000000000000000000000000000000000000000000000000778633db3715fbd56efc8bf0000000000000000000000008c64ba3d8c643a3e69cb8bbe000070c1000070c1000070c10000000000000000000000000000,d381,d381
GROUND,14,DOCKER,11,ea07051b072b050000000000000000000000000000000000000000000000000000000000000000000000000000ce2f633da2b45fbdd9eec8bf000000000000000000000000ba4dc43dba4d443e4c3a93be000070c1000070c1000070c10000000000000000000000000000,dcb2,dcb2
GROUND,14,DOCKER,11,ea07051b072b06000000000000000000000000000000000000000000000000000000000000000000000000000040c9623d3b265ebd05efc8bf00000000000000000000000073f0393d73f0b93d57740bbe000070c1000070c1000070c10000000000000000000000000000,c2e6,c2e6
GROUND,14,DOCKER,11,ea07051b072b07000000000000000000000000000000000000000000000000000000000000000000000000000070ef613dfe755ebd2eeec8bf000000000000000000000000eb0ac63deb0a463e318894be000070c1000070c1000070c10000000000000000000000000000,bdd9,bdd9
GROUND,14,DOCKER,11,ea07051b072b080000000000000000000000000000000000000000000000000000000000000000000000000000b7c6613da3905fbdab02c9bf00000000000000000000000013afa53d13af253e9d8678be000070c1000070c1000070c10000000000000000000000000000,990b,990b
GROUND,14,DOCKER,11,ea07051b072b09000000000000000000000000000000000000000000000000000000000000000000000000000003fb613dd1be5ebda309c9bf000000000000000000000000e89d9e3de89d1e3eddec6dbe000070c1000070c1000070c10000000000000000000000000000,9102,9102
GROUND,14,DOCKER,11,ea07051b072b0a0000000000000000000000000000000000000000000000000000000000000000000000000000dd82623d361c5dbd8c0ec9bf00000000000000000000000005f6ae3d05f62e3e843883be000070c1fee16fc1000070c10000000000000000000000000000,d083,d083
GROUND,14,DOCKER,11,ea07051b072b0b0000000000000000000000000000000000000000000000000000000000000000000000000000f2f6613d72255fbdbd0dc9bf0000000000000000000000003f6f873d3f6f073edf264bbe000070c1000070c1000070c10000000000000000000000000000,773c,773c
GROUND,14,DOCKER,11,ea07051b072b0c00000000000000000000000000000000000000000000000000000000000000000000000000001d0c623d90e65dbd040ec9bf000000000000000000000000171ecc3d171e4c3e921699be000070c1000070c1000070c10000000000000000000000000000,a489,a489
GROUND,14,DOCKER,11,ea07051b072b0d0000000000000000000000000000000000000000000000000000000000000000000000000000f01d623d57475fbdab0dc9bf000000000000000000000000649c9e3d649c1e3e97ea6dbe000070c1fee16fc1000070c10000000000000000000000000000,332c,332c
GROUND,14,DOCKER,11,ea07051b072b0e000000000000000000000000000000000000000000000000000000000000000000000000000000e6613d47325abd660fc9bf0000000000000000000000009415b43d9415343e2f1087be000070c1000070c1000070c10000000000000000000000000000,8541,8541
GROUND,14,DOCKER,11,ea07051b072b0f0000000000000000000000000000000000000000000000000000000000000000000000000000c20c623d84765cbd360ec9bf000000000000000000000000ae59bf3dae593f3e43838fbe000070c1000070c1000070c10000000000000000000000000000,d422,d422
GROUND,14,DOCKER,11,ea07051b072b1000000000000000000000000000000000000000000000000000000000000000000000000000000719623da1495cbd0b0ec9bf000000000000000000000000f579b63df579363e78db88be000070c1000070c1000070c10000000000000000000000000000,5985,5985
GROUND,14,DOCKER,11,ea07051b072b11000000000000000000000000000000000000000000000000000000000000000000000000000024ac623d52a35dbd9f0dc9bf000000000000000000000000318dc13d318d413ee52991be000070c1000070c1000070c10000000000000000000000000000,dff8,dff8
GROUND,14,DOCKER,11,ea07051b072b12000000000000000000000000000000000000000000000000000000000000000000000000000071ca623dd7cc5ebde30cc9bf000000000000000000000000532aa43d532a243e7c3f76be000070c1000070c1000070c10000000000000000000000000000,f7d5,f7d5
GROUND,14,DOCKER,11,ea07051b072b13000000000000000000000000000000000000000000000000000000000000000000000000000032b8623d91615ebded0cc9bf000000000000000000000000ab7e5b3dab7edb3d019f24be000070c1000070c1000070c10000000000000000000000000000,c6b4,c6b4
GROUND,14,DOCKER,11,ea07051b072b1400000000000000000000000000000000000000000000000000000000000000000000000000007c87623dd17c5fbdbe0bc9bf0000000000000000000000001d30a73d1d30273e2cc87abe000070c1000070c1000070c10000000000000000000000000000,403e,403e
GROUND,14,DOCKER,11,ea07051b072b1500000000000000000000000000000000000000000000000000000000000000000000000000003c6a623d579c5fbd210bc9bf00000000000000000000000020b3523d20b3d23d58061ebe000070c1000070c1fee16fc10000000000000000000000000000,7442,7442
GROUND,14,DOCKER,11,ea07051b072b1600000000000000000000000000000000000000000000000000000000000000000000000000001295633d1b2c5fbdbe0bc9bf0000000000000000000000005fd3aa3d5fd32a3e871e80be000070c1000070c1000070c10000000000000000000000000000,8a2d,8a2d
GROUND,14,DOCKER,11,ea07051b072b170000000000000000000000000000000000000000000000000000000000000000000000000000b0df623d4c2460bde70ac9bf000000000000000000000000063ca03d063c203e095a70be000070c1000070c1000070c10000000000000000000000000000,df02,df02
GROUND,14,DOCKER,11,ea07051b072b1800000000000000000000000000000000000000000000000000000000000000000000000000003656623dcd055ebd8d0bc9bf000000000000000000000000fdff003dfdff803dfc7fc1bd000070c1000070c1000070c10000000000000000000000000000,4d5e,4d5e
GROUND,14,DOCKER,11,ea07051b072b190000000000000000000000000000000000000000000000000000000000000000000000000000a0e7613da2dc5cbd2214c9bf000000000000000000000000caeca73dcaec273e2fe37bbe000070c1000070c1000070c10000000000000000000000000000,4e5d,4e5d
GROUND,14,DOCKER,11,ea07051b072b1a00000000000000000000000000000000000000000000000000000000000000000000000000004f39633d19ea5cbd5123c9bf000000000000000000000000ccc3cb3dccc34b3ed9d298be000070c1000070c1000070c10000000000000000000000000000,f585,f585
GROUND,14,DOCKER,11,ea07051b072b1b000000000000000000000000000000000000000000000000000000000000000000000000000013d1633dc86f5cbda51cc9bf0000000000000000000000002ba1993d2ba1193ec07166be000070c1000070c1000070c10000000000000000000000000000,cd1f,cd1f
GROUND,14,DOCKER,11,ea07051b072b1c0000000000000000000000000000000000000000000000000000000000000000000000000000d682643d9a955bbdfd1cc9bf0000000000000000000000001da85d3d1da8dd3d163e26be000070c1000070c1fee16fc10000000000000000000000000000,a535,a535
GROUND,14,DOCKER,11,ea07051b072b1d00000000000000000000000000000000000000000000000000000000000000000000000000003c36643d67ac5dbded1bc9bf000000000000000000000000efd2723defd2f23d331e36be000070c1000070c1000070c10000000000000000000000000000,12d2,12d2
GROUND,14,DOCKER,11,ea07051b072b1e00000000000000000000000000000000000000000000000000000000000000000000000000001dda633d91e25fbdc61ac9bf000000000000000000000000596f9f3d596f1f3e06276fbe000070c1000070c1000070c10000000000000000000000000000,f0b2,f0b2
GROUND,14,DOCKER,11,ea07051b072b1f00000000000000000000000000000000000000000000000000000000000000000000000000000b4b633df8c85ebd051bc9bf0000000000000000000000007f769a3d7f761a3ebeb167be000070c1000070c1000070c10000000000000000000000000000,5fef,5fef
GROUND,14,DOCKER,11,ea07051b072b200000000000000000000000000000000000000000000000000000000000000000000000000000278c633d4d385cbda41cc9bf000000000000000000000000250fb73d250f373e5c4b89be000070c1000070c1000070c10000000000000000000000000000,7825,7825
GROUND,14,DOCKER,11,ea07051b072b210000000000000000000000000000000000000000000000000000000000000000000000000000ae9e633d17bd5cbd7c1cc9bf00000000000000000000000012c95f3d12c9df3dced627be000070c1000070c1000070c10000000000000000000000000000,a69d,a69d
GROUND,14,DOCKER,11,ea07051b072b220000000000000000000000000000000000000000000000000000000000000000000000000000289f643d4dc45bbdf71ec9bf00000000000000000000000033b5303d33b5b03de68704be000070c1000070c1000070c10000000000000000000000000000,d249,d249
GROUND,14,DOCKER,11,ea07051b072b2300000000000000000000000000000000000000000000000000000000000000000000000000007f72643d549b5dbdaf34c9bf000000000000000000000000e719573de719d73d6d5321be000070c1000070c1000070c10000000000000000000000000000,bd94,bd94
GROUND,14,DOCKER,11,ea07051b072b240000000000000000000000000000000000000000000000000000000000000000000000000000f79c633d5e0560bd8833c9bf000000000000000000000000c35f273dc35fa73da40ffbbd000070c1000070c1000070c10000000000000000000000000000,f136,f136
GROUND,14,DOCKER,11,ea07051b072b2500000000000000000000000000000000000000000000000000000000000000000000000000006ead633ddfe75dbd3334c9bf000000000000000000000000273b3c3d273bbc3d5e2c0dbe000070c1fcc36fc1000070c10000000000000000000000000000,cb18,cb18
GROUND,14,DOCKER,11,ea07051b072b260000000000000000000000000000000000000000000000000000000000000000000000000000f818633d2d8e5ebdad33c9bf00000000000000000000000080f2613d80f2e13de07529be000070c1000070c1000070c10000000000000000000000000000,9191,9191
GROUND,14,DOCKER,11,ea07051b072b270000000000000000000000000000000000000000000000000000000000000000000000000000e6a5633d0a645ebd4f34c9bf000000000000000000000000b3c0b83db3c0383e87908abe000070c1fee16fc1000070c10000000000000000000000000000,cf19,cf19
GROUND,14,DOCKER,11,ea07051b072b280000000000000000000000000000000000000000000000000000000000000000000000000000a49c633dc5e55cbddc34c9bf0000000000000000000000007b408b3d7b400b3eb8e050be000070c1000070c1000070c10000000000000000000000000000,eb47,eb47
GROUND,14,DOCKER,11,ea07051b072b2900000000000000000000000000000000000000000000000000000000000000000000000000009a15633d6f4f5cbd9f34c9bf000000000000000000000000ad147d3dad14fd3d82cf3dbe000070c1000070c1000070c10000000000000000000000000000,82c3,82c3
GROUND,14,DOCKER,11,ea07051b072b2a0000000000000000000000000000000000000000000000000000000000000000000000000000aa7a633db7445fbd0f34c9bf000000000000000000000000677a9a3d677a1a3e9ab767be000070c1000070c1000070c10000000000000000000000000000,018d,018d
GROUND,14,DOCKER,11,ea07051b072b2b00000000000000000000000000000000000000000000000000000000000000000000000000009d3c633db3045ebd8534c9bf000000000000000000000000af1aaa3daf1a2a3e07287fbe000070c1000070c1fee16fc10000000000000000000000000000,0c8a,0c8a
GROUND,14,DOCKER,11,ea07051b072b2c00000000000000000000000000000000000000000000000000000000000000000000000000009b15643d72045fbd4234c9bf0000000000000000000000006feda43d6fed243e266477be000070c1000070c1fee16fc10000000000000000000000000000,7fed,7fed
GROUND,14,DOCKER,11,ea07051b072b2d0000000000000000000000000000000000000000000000000000000000000000000000000000e31f643d885561bd1333c9bf0000000000000000000000007b9bad3d7b9b2d3e9d3482be000070c1000070c1000070c10000000000000000000000000000,c678,c678
GROUND,14,DOCKER,11,ea07051b072b2e0000000000000000000000000000000000000000000000000000000000000000000000000000e869643d661864bdf631c9bf0000000000000000000000003364ba3d33643a3e27cb8bbe000070c1000070c1000070c10000000000000000000000000000,0444,0444
GROUND,14,DOCKER,11,ea07051b072b2f00000000000000000000000000000000000000000000000000000000000000000000000000003aa3633d0aad5ebdd033c9bf000000000000000000000000d501cc3dd5014c3e600199be000070c1000070c1000070c10000000000000000000000000000,0ce7,0ce7
GROUND,14,DOCKER,11,ea07051b072b30000000000000000000000000000000000000000000000000000000000000000000000000000045b9623d077b5fbd3533c9bf00000000000000000000000071a1993d71a1193e2a7266be000070c1000070c1000070c10000000000000000000000000000,09ac,09ac
GROUND,14,DOCKER,11,ea07051b072b310000000000000000000000000000000000000000000000000000000000000000000000000000baa2623dfc935ebdd833c9bf000000000000000000000000e878b33de878333eae9a86be000070c1000070c1fee16fc10000000000000000000000000000,a480,a480
GROUND,14,DOCKER,11,ea07051b072b320000000000000000000000000000000000000000000000000000000000000000000000000000afce623d4b605cbde734c9bf00000000000000000000000027102c3d2710ac3d1d0c01be000070c1000070c1000070c10000000000000000000000000000,26b5,26b5
GROUND,14,DOCKER,11,ea07051b072b330000000000000000000000000000000000000000000000000000000000000000000000000000d843623d26d65ebdd533c9bf000000000000000000000000166f9f3d166f1f3ea1266fbe000070c1000070c1000070c10000000000000000000000000000,1a3a,1a3a
GROUND,14,DOCKER,11,ea07051b072b3400000000000000000000000000000000000000000000000000000000000000000000000000001d2f633d3c2e5fbd2634c9bf000000000000000000000000de3fc03dde3f403ee72f90be000070c1000070c1fee16fc10000000000000000000000000000,de22,de22
GROUND,14,DOCKER,11,ea07051b072b350000000000000000000000000000000000000000000000000000000000000000000000000000d4a3633dba9660bdb333c9bf000000000000000000000000de5f353dde5fb53de70708be000070c1000070c1000070c10000000000000000000000000000,3e5f,3e5f
GROUND,14,DOCKER,11,ea07051b072b360000000000000000000000000000000000000000000000000000000000000000000000000000e0f8643dbc0660bda128c9bf00000000000000000000000059b5c53d59b5453e034894be000070c1000070c1000070c10000000000000000000000000000,bdf7,bdf7
GROUND,14,DOCKER,11,ea07051b072b370000000000000000000000000000000000000000000000000000000000000000000000000000175e633d3a6f5fbd1025c9bf000000000000000000000000704eb93d704e393ed4fa8abe000070c1000070c1000070c10000000000000000000000000000,6fb7,6fb7
GROUND,14,DOCKER,11,ea07051b072b380000000000000000000000000000000000000000000000000000000000000000000000000000c831623d293160bde820c9bf000000000000000000000000cefcc63dcefc463e9b3d95be000070c1000070c1000070c10000000000000000000000000000,c5b4,c5b4
GROUND,14,DOCKER,11,ea07051b072b390000000000000000000000000000000000000000000000000000000000000000000000000000ae81623d8bd25dbd1a22c9bf000000000000000000000000e30b253de30ba53dd491f7bd000070c1000070c1000070c10000000000000000000000000000,e6c3,e6c3
GROUND,14,DOCKER,11,ea07051b072b3a00000000000000000000000000000000000000000000000000000000000000000000000000009f83623d8aac5bbd4a23c9bf00000000000000000000000047bccc3d47bc4c3e368d99be000070c1fee16fc1000070c10000000000000000000000000000,33dc,33dc
GROUND,14,DOCKER,11,ea07051b072b3b000000000000000000000000000000000000000000000000000000000000000000000000000023d8623d429e5cbd0b23c9bf00000000000000000000000052aaca3d52aa4a3ebeff97be000070c1000070c1000070c10000000000000000000000000000,f98e,f98e
GROUND,14,DOCKER,11,ea07051b072c000000000000000000000000000000000000000000000000000000000000000000000000000000179b633daf865fbdfd21c9bf0000000000000000000000005886833d5886033e854945be000070c1000070c1000070c10000000000000000000000000000,00ac,00ac
GROUND,14,DOCKER,11,ea07051b072c010000000000000000000000000000000000000000000000000000000000000000000000000000c5ac623d01a65fbd4721c9bf000000000000000000000000ff4c593dff4cd93dbff922be000070c1000070c1000070c10000000000000000000000000000,653c,653c
GROUND,14,DOCKER,11,ea07051b072c020000000000000000000000000000000000000000000000000000000000000000000000000000f6d0633d01bf5fbd5221c9bf0000000000000000000000003507a13d3507213ed08a71be000070c1000070c1000070c10000000000000000000000000000,32f0,32f0
GROUND,14,DOCKER,11,ea07051b072c03000000000000000000000000000000000000000000000000000000000000000000000000000072de613d4f9d5dbd4024c9bf00000000000000000000000038efb03d38ef303e6ab384be000070c1000070c1000070c10000000000000000000000000000,9655,9655
GROUND,14,DOCKER,11,ea07051b072c040000000000000000000000000000000000000000000000000000000000000000000000000000a889633da55b60bdb217c9bf00000000000000000000000010f7bc3d10f73c3e4cb98dbe000070c1000070c1000070c10000000000000000000000000000,f0e8,f0e8
GROUND,14,DOCKER,11,ea07051b072c0500000000000000000000000000000000000000000000000000000000000000000000000000004042643d1e9761bd6117c9bf000000000000000000000000290ac63d290a463e9f8794be000070c1000070c1000070c10000000000000000000000000000,4594,4594
GROUND,14,DOCKER,11,ea07051b072c060000000000000000000000000000000000000000000000000000000000000000000000000000cc53633d4dcd5cbd1e19c9bf00000000000000000000000087ce163d87ce963dcb35e2bd000070c1000070c1000070c10000000000000000000000000000,315c,315c
GROUND,14,DOCKER,11,ea07051b072c070000000000000000000000000000000000000000000000000000000000000000000000000000f9b3633d0fd65fbd2018c9bf000000000000000000000000154bc73d154b473e507895be000070c1000070c1000070c10000000000000000000000000000,6587,6587
GROUND,14,DOCKER,11,ea07051b072c0800000000000000000000000000000000000000000000000000000000000000000000000000001ce8633d8af560bdce17c9bf0000000000000000000000009747b03d9747303eb13584be000070c1000070c1000070c100000000000000000000000000,0066,9cb2
GROUND,14,DOCKER,11,ea07051b072c0900000000000000000000000000000000000000000000000000000000000000000000000000000148633d0ef061bda016c9bf0000000000000000000000003d58353d3d58b53d2e0208be000070c1000070c1000070c10000000000000000000000000000,b652,b652
GROUND,14,DOCKER,11,ea07051b072c0a0000000000000000000000000000000000000000000000000000000000000000000000000000e173633de87f5ebd4218c9bf0000000000000000000000003f5fc23d3f5f423e70c791be000070c1000070c1000070c10000000000000000000000000000,ed66,ed66
GROUND,14,DOCKER,11,ea07051b072c0b0000000000000000000000000000000000000000000000000000000000000000000000000000aa3e633dd0405ebd4318c9bf000000000000000000000000bfeaac3dbfea2c3e0fb081be000070c1000070c1000070c10000000000000000000000000000,8c28,8c28
GROUND,14,DOCKER,11,ea07051b072c0c0000000000000000000000000000000000000000000000000000000000000000000000000000f994633dbac75ebd0c18c9bf0000000000000000000000007bcb403d7bcbc03d9d9810be000070c1000070c1000070c10000000000000000000000000000,0d8d,0d8d
GROUND,14,DOCKER,11,ea07051b072c0d0000000000000000000000000000000000000000000000000000000000000000000000000000af07643dd6795ebdae18c9bf000000000000000000000000e3c3cb3de3c34b3eebd298be000070c1fee16fc1000070c10000000000000000000000000000,2dc0,2dc0
GROUND,14,DOCKER,11,ea07051b072c0e000000000000000000000000000000000000000000000000000000000000000000000000000080ee633d33e75dbdfc18c9bf0000000000000000000000004308a13d4308213e648c71be000070c1000070c1000070c10000000000000000000000000000,7f8b,7f8b
GROUND,14,DOCKER,11,ea07051b072c0f00000000000000000000000000000000000000000000000000000000000000000000000000006867633df1875cbd6919c9bf00000000000000000000000078ca5f3d78cadf3ddad727be000070c1000070c1000070c10000000000000000000000000000,fb8e,fb8e
GROUND,14,DOCKER,11,ea07051b072c100000000000000000000000000000000000000000000000000000000000000000000000000000a6fb623d70815dbd1b19c9bf000000000000000000000000176bbe3d176b3e3e52d08ebe000070c1000070c1000070c10000000000000000000000000000,a267,a267
GROUND,14,DOCKER,11,ea07051b072c11000000000000000000000000000000000000000000000000000000000000000000000000000075db623d95305fbd1b18c9bf0000000000000000000000008db2b43d8db2343eea8587be000070c1000070c1000070c10000000000000000000000000000,3ab2,3ab2
GROUND,14,DOCKER,11,ea07051b072c12000000000000000000000000000000000000000000000000000000000000000000000000000050ba623dcd4d61bd4317c9bf0000000000000000000000001c7a9a3d1c7a1a3e2bb767be000070c1000070c1000070c10000000000000000000000000000,f81a,f81a
GROUND,14,DOCKER,11,ea07051b072c130000000000000000000000000000000000000000000000000000000000000000000000000000b187623dc6f65ebd1818c9bf0000000000000000000000008f0d7b3d8f0dfb3d2b4a3cbe000070c1000070c1000070c10000000000000000000000000000,e433,e433
GROUND,14,DOCKER,11,ea07051b072c140000000000000000000000000000000000000000000000000000000000000000000000000000e1a6633d48ad60bd7417c9bf0000000000000000000000004ad25f3d4ad2df3db8dd27be000070c1000070c1000070c10000000000000000000000000000,cf51,cf51
GROUND,14,DOCKER,11,ea07051b072c1500000000000000000000000000000000000000000000000000000000000000000000000000002175633de44460bd6e17c9bf000000000000000000000000c8652e3dc865ae3d56cc02befee16fc1000070c1000070c10000000000000000000000000000,a533,a533
GROUND,14,DOCKER,11,ea07051b072c1600000000000000000000000000000000000000000000000000000000000000000000000000001caa623d21cb60bd1617c9bf0000000000000000000000004d8fc33d4d8f433e7aab92be000070c1000070c1000070c10000000000000000000000000000,1c1c,1c1c
GROUND,14,DOCKER,11,ea07051b072c170000000000000000000000000000000000000000000000000000000000000000000000000000851c633d331163bd8f16c9bf0000000000000000000000003bcdbf3d3bcd3f3eecd98fbe000070c1000070c1000070c10000000000000000000000000000,27f4,27f4
GROUND,14,DOCKER,11,ea07051b072c180000000000000000000000000000000000000000000000000000000000000000000000000000b9c9623d1ea160bd6f17c9bf0000000000000000000000009970873d9970073ee6284bbe000070c1000070c1000070c10000000000000000000000000000,1e41,1e41
GROUND,14,DOCKER,11,ea07051b072c1900000000000000000000000000000000000000000000000000000000000000000000000000001e5a633dc67e5ebd7118c9bf0000000000000000000000008c921b3d8c929b3dd35be9bd000070c1000070c1000070c10000000000000000000000000000,6790,6790
GROUND,14,DOCKER,11,ea07051b072c1a0000000000000000000000000000000000000000000000000000000000000000000000000000fe3c643daa2360bdd018c9bf000000000000000000000000558e473d558ec73dc0aa15be000070c1000070c1000070c10000000000000000000000000000,cbb5,cbb5
GROUND,14,DOCKER,11,ea07051b072c1b0000000000000000000000000000000000000000000000000000000000000000000000000000f24a633d80a45dbd3917c9bf000000000000000000000000fb2bc33dfb2b433efc6092be000070c1000070c1000070c10000000000000000000000000000,1d47,1d47
GROUND,14,DOCKER,11,ea07051b072c1c0000000000000000000000000000000000000000000000000000000000000000000000000000579d633d499a61bd7a19c9bf0000000000000000000000008f519b3d8f511b3e56fa68be000070c1fee16fc1000070c10000000000000000000000000000,d676,d676
GROUND,14,DOCKER,11,ea07051b072c1d00000000000000000000000000000000000000000000000000000000000000000000000000005aa8643d96e65cbdd01bc9bf0000000000000000000000005202cc3d52024c3ebe0199be000070c1fee16fc1000070c10000000000000000000000000000,61bd,61bd
GROUND,14,DOCKER,11,ea07051b072c1e00000000000000000000000000000000000000000000000000000000000000000000000000004c8e643d1bba61bddd19c9bf000000000000000000000000c0f2763dc0f2f63d103639be000070c1000070c1000070c10000000000000000000000000000,1ee1,1ee1
GROUND,14,DOCKER,11,ea07051b072c1f00000000000000000000000000000000000000000000000000000000000000000000000000002d71633ddf0a5ebd751bc9bf00000000000000000000000013238d3d13230d3e9db453be000070c1000070c1000070c10000000000000000000000000000,e94d,e94d
GROUND,14,DOCKER,11,ea07051b072c20000000000000000000000000000000000000000000000000000000000000000000000000000091d6633d78035ebdf31bc9bf0000000000000000000000007760143d7760943db390debd000070c1000070c1000070c10000000000000000000000000000,1216,1216
GROUND,14,DOCKER,11,ea07051b072c2100000000000000000000000000000000000000000000000000000000000000000000000000007673633de9585ebdc01bc9bf000000000000000000000000a43aa03da43a203ef75770be000070c1000070c1000070c10000000000000000000000000000,9312,9312
GROUND,14,DOCKER,11,ea07051b072c2200000000000000000000000000000000000000000000000000000000000000000000000000006b75633d22235ebd3d1bc9bf0000000000000000000000004248b03d4248303e323684be000070c1fee16fc1000070c10000000000000000000000000000,8b59,8b59
GROUND,14,DOCKER,11,ea07051b072c230000000000000000000000000000000000000000000000000000000000000000000000000000ee8f633d4eb65fbdaf1ac9bf0000000000000000000000007b6ac83d7b6a483edc4f96be000070c1000070c1000070c10000000000000000000000000000,592d,592d
GROUND,14,DOCKER,11,ea07051b072c240000000000000000000000000000000000000000000000000000000000000000000000000000bd55633d67055fbdb91ac9bf0000000000000000000000001971033d1971833da629c5bd000070c1000070c1000070c10000000000000000000000000000,37ba,37ba
GROUND,14,DOCKER,11,ea07051b072c250000000000000000000000000000000000000000000000000000000000000000000000000000b48f633d35b860bdcc19c9bf000000000000000000000000e071a63de071263ed1aa79be000070c1000070c1000070c10000000000000000000000000000,8b95,8b95
GROUND,14,DOCKER,11,ea07051b072c2600000000000000000000000000000000000000000000000000000000000000000000000000006ea0643dde105fbdb51ac9bf000000000000000000000000154bb53d154b353e50f887be000070c1000070c1000070c10000000000000000000000000000,d80b,d80b
GROUND,14,DOCKER,11,ea07051b072c2700000000000000000000000000000000000000000000000000000000000000000000000000001c4c643d287060bdf719c9bf0000000000000000000000002d40c03d2d40403e223090befee16fc1000070c1000070c10000000000000000000000000000,82d4,82d4
GROUND,14,DOCKER,11,ea07051b072c28000000000000000000000000000000000000000000000000000000000000000000000000000065b2633de4f55dbdbd1ac9bf0000000000000000000000007307a13d7307213e2d8b71be000070c1000070c1000070c10000000000000000000000000000,9a4b,9a4b
GROUND,14,DOCKER,11,ea07051b072c29000000000000000000000000000000000000000000000000000000000000000000000000000088e7633d82a45ebd2c1ac9bf000000000000000000000000e135b23de135323e69a885be000070c1000070c1000070c10000000000000000000000000000,d8f4,d8f4
GROUND,14,DOCKER,11,ea07051b072c2a0000000000000000000000000000000000000000000000000000000000000000000000000000575b643d074a60bdc019c9bf000000000000000000000000aac8cc3daac84c3e809699be000070c1000070c1000070c10000000000000000000000000000,945d,945d
GROUND,14,DOCKER,11,ea07051b072c2b0000000000000000000000000000000000000000000000000000000000000000000000000000fd87633d687762bd3a18c9bf0000000000000000000000006510433d6510c33d4c4c12be000070c1000070c1000070c10000000000000000000000000000,3f80,3f80
GROUND,14,DOCKER,11,ea07051b072c2c0000000000000000000000000000000000000000000000000000000000000000000000000000600a643d3edb5ebd371ac9bf000000000000000000000000a312ca3da3124a3efa8d97be000070c1000070c1000070c10000000000000000000000000000,6444,6444
GROUND,14,DOCKER,11,ea07051b072d140000000000000000000000000000000000000000000000000000000000000000000000000000a377633dffb360bdf755c9bf00000000000000000000000021b7053c21b7853cb292c8bc000070c1000070c1000070c10000000000000000000000000000,b878,b878
GROUND,14,DOCKER,11,ea07051b072d1500000000000000000000000000000000000000000000000000000000000000000000000000009395623dc50e5dbd7957c9bf00000000000000000000000016bcccbd16bc4cbe118d993e000070c1fee16fc1fee16fc10000000000000000000000000000,4448,4448
GROUND,14,DOCKER,11,ea07051b072d16000000000000000000000000000000000000000000000000000000000000000000000000000084eb623dcb4860bdd855c9bf0000000000000000000000001767ee3c17676e3d51cdb2bd000070c1000070c1000070c10000000000000000000000000000,b34d,b34d
GROUND,14,DOCKER,11,ea07051b072d170000000000000000000000000000000000000000000000000000000000000000000000000000f81b633d75c35fbdd955c9bf000000000000000000000000cdccccbdcdcc4cbe9a99993e000070c1000070c1000070c10000000000000000000000000000,1783,1783
GROUND,14,DOCKER,11,ea07051b072d180000000000000000000000000000000000000000000000000000000000000000000000000000b0a7633d9a585ebd2d57c9bf0000000000000000000000006285573c6285d73c0aa421bd000070c1000070c1000070c10000000000000000000000000000,b5a5,b5a5
GROUND,14,DOCKER,11,ea07051b072d1900000000000000000000000000000000000000000000000000000000000000000000000000000472633d12275fbd2656c9bf000000000000000000000000ec79b6bdec7936be71db883e000070c1000070c1000070c10000000000000000000000000000,5e81,5e81
GROUND,14,DOCKER,11,ea07051b072d1a00000000000000000000000000000000000000000000000000000000000000000000000000005593633d4e2661bd7555c9bf000000000000000000000000d91f10bcd91f90bcc62fd83c000070c1000070c1000070c10000000000000000000000000000,be1b,be1b
GROUND,14,DOCKER,11,ea07051b072d1b000000000000000000000000000000000000000000000000000000000000000000000000000049e2623dae8261bd0255c9bf000000000000000000000000f8f0c3bdf8f043bebaf4923e000070c1000070c1000070c10000000000000000000000000000,41f9,41f9
GROUND,14,DOCKER,11,ea07051b072d1c0000000000000000000000000000000000000000000000000000000000000000000000000000e9e7623d8eec5fbd8b55c9bf0000000000000000000000006567cdbb65674dbc8c0d9a3c000070c1000070c1000070c10000000000000000000000000000,661e,661e
GROUND,14,DOCKER,11,ea07051b072d1d000000000000000000000000000000000000000000000000000000000000000000000000000093f9613d69c560bd3754c9bf000000000000000000000000dc05cbbddc054bbe6544983e000070c1000070c1000070c10000000000000000000000000000,7230,7230
GROUND,14,DOCKER,11,ea07051b072d1e00000000000000000000000000000000000000000000000000000000000000000000000000002c2b623d1bb45cbd9e5cc9bf00000000000000000000000093a8ad3c93a82d3d6e3e82bd000070c1000070c1000070c10000000000000000000000000000,25c9,25c9
GROUND,14,DOCKER,11,ea07051b072d1f00000000000000000000000000000000000000000000000000000000000000000000000000000781613d93305ebdb7a8c9bf000000000000000000000000c1f4bbbdc1f43bbe91f78c3e000070c1000070c1000070c10000000000000000000000000000,ebb8,ebb8
GROUND,14,DOCKER,11,ea07051b072d200000000000000000000000000000000000000000000000000000000000000000000000000000a638613d431f61bdedd0c9bf00000000000000000000000086eb97bd86eb17be49e1633e000070c1000070c1000070c10000000000000000000000000000,6216,6216
GROUND,14,DOCKER,11,ea07051b072d2100000000000000000000000000000000000000000000000000000000000000000000000000008730613dccd161bd3fd0c9bf0000000000000000000000000b32f7bb0b3277bc8965b93c000070c1000070c1000070c10000000000000000000000000000,e5b1,e5b1
GROUND,14,DOCKER,11,ea07051b072d2200000000000000000000000000000000000000000000000000000000000000000000000000009a29613dc3a660bd09d0c9bf0000000000000000000000009e5fc2bd9e5f42beb7c7913e000070c1fcc36fc1fee16fc10000000000000000000000000000,b045,b045
GROUND,14,DOCKER,11,ea07051b072d230000000000000000000000000000000000000000000000000000000000000000000000000000629c603dc12e62bd15cfc9bf0000000000000000000000005b65a3bd5b6523be0918753e000070c1000070c1000070c10000000000000000000000000000,42a9,42a9
GROUND,14,DOCKER,11,ea07051b072d24000000000000000000000000000000000000000000000000000000000000000000000000000060d0613df3db61bd5acfc9bf000000000000000000000000554e85bc554e05bd80f5473d000070c1000070c1000070c10000000000000000000000000000,8a47,8a47
GROUND,14,DOCKER,11,ea07051b072d2500000000000000000000000000000000000000000000000000000000000000000000000000004245633dceba61bdd1cfc9bf000000000000000000000000e149c7bde14947be6977953e000070c1000070c1000070c10000000000000000000000000000,6c3b,6c3b
GROUND,14,DOCKER,11,ea07051b072d2600000000000000000000000000000000000000000000000000000000000000000000000000001954633dfdb462bd71cfc9bf00000000000000000000000026a4c9bd26a449be1d3b973e000070c1000070c1000070c10000000000000000000000000000,12c1,12c1
GROUND,14,DOCKER,11,ea07051b072d2700000000000000000000000000000000000000000000000000000000000000000000000000008fdc633d6ffc60bd6ad0c9bf000000000000000000000000efc4c2bdefc442beb413923e000070c1000070c1000070c10000000000000000000000000000,3db8,3db8
GROUND,14,DOCKER,11,ea07051b072d2800000000000000000000000000000000000000000000000000000000000000000000000000003353633dc8a15fbd1cd1c9bf0000000000000000000000004b28a4bd4b2824be703c763e000070c1fee16fc1fee16fc10000000000000000000000000000,aeff,aeff
GROUND,14,DOCKER,11,ea07051b072d290000000000000000000000000000000000000000000000000000000000000000000000000000b68f633da01460bde2d0c9bf000000000000000000000000b88ddf3cb88d5f3d4aaaa7bd000070c1000070c1000070c10000000000000000000000000000,579e,579e
GROUND,14,DOCKER,11,ea07051b072d2a0000000000000000000000000000000000000000000000000000000000000000000000000000e039633db64360bd8bd0c9bf0000000000000000000000001da3b73c1da3373d56ba89bd000070c1000070c1000070c10000000000000000000000000000,eb98,eb98
GROUND,14,DOCKER,11,ea07051b072d2b00000000000000000000000000000000000000000000000000000000000000000000000000002459633d034c66bd8ccec9bf000000000000000000000000427ecbbd427e4bbeb29e983e000070c1000070c1fee16fc10000000000000000000000000000,55cd,55cd
GROUND,14,DOCKER,11,ea07051b072d2c00000000000000000000000000000000000000000000000000000000000000000000000000003535633d9a0963bd2cd0c9bf000000000000000000000000329c9ebc329c1ebd4bea6d3d000070c1000070c1000070c10000000000000000000000000000,0783,0783
GROUND,14,DOCKER,11,ea07051b072d2d00000000000000000000000000000000000000000000000000000000000000000000000000000b00633d3c6664bd1bcfc9bf0000000000000000000000001c0c013d1c0c813d2b92c1bd000070c1000070c1000070c10000000000000000000000000000,31e1,31e1
GROUND,14,DOCKER,11,ea07051b072d2e00000000000000000000000000000000000000000000000000000000000000000000000000001b09643dc22161bd90d0c9bf000000000000000000000000af04c5bdaf0445be84c3933e000070c1000070c1000070c10000000000000000000000000000,6864,6864
GROUND,14,DOCKER,11,ea07051b072d2f00000000000000000000000000000000000000000000000000000000000000000000000000004068633da5b861bd5cd0c9bf0000000000000000000000006dcfbfbd6dcf3fbe92db8f3e000070c1000070c1000070c10000000000000000000000000000,ee26,ee26
GROUND,14,DOCKER,11,ea07051b072d30000000000000000000000000000000000000000000000000000000000000000000000000000013fa623db80161bd73d0c9bf00000000000000000000000065a9a8bc65a928bd18fe7c3d000070c1fee16fc1000070c10000000000000000000000000000,9ca2,9ca2
GROUND,14,DOCKER,11,ea07051b072d310000000000000000000000000000000000000000000000000000000000000000000000000000ea5e633d033f61bde4d0c9bf000000000000000000000000e33d4dbce33dcdbc6bee193d000070c1000070c1000070c10000000000000000000000000000,97dd,97dd
GROUND,14,DOCKER,11,ea07051b072d32000000000000000000000000000000000000000000000000000000000000000000000000000036b9623d477462bdadcfc9bf0000000000000000000000000fc4d03c0fc4503d0b939cbd000070c1000070c1000070c10000000000000000000000000000,510d,510d
GROUND,14,DOCKER,11,ea07051b072d330000000000000000000000000000000000000000000000000000000000000000000000000000a885633db50963bd39cfc9bf0000000000000000000000009e92a33c9e92233ded5b75bd000070c1000070c1000070c10000000000000000000000000000,89a3,89a3
GROUND,14,DOCKER,11,ea07051b072d340000000000000000000000000000000000000000000000000000000000000000000000000000560d633d387360bd04d0c9bf000000000000000000000000ed96e43ced96643d3271abbd000070c1fee16fc1000070c10000000000000000000000000000,24ff,24ff
GROUND,14,DOCKER,11,ea07051b072d3500000000000000000000000000000000000000000000000000000000000000000000000000001704623d199a63bd24ccc9bf0000000000000000000000002594f5ba259475bb1c2fb83b000070c1000070c1000070c10000000000000000000000000000,87b7,87b7
GROUND,14,DOCKER,11,ea07051b072d3600000000000000000000000000000000000000000000000000000000000000000000000000001dfe603d5e6960bdfcc7c9bf000000000000000000000000e744f83ce744783dad33babd000070c1000070c1000070c10000000000000000000000000000,0f92,0f92
GROUND,14,DOCKER,11,ea07051b072d370000000000000000000000000000000000000000000000000000000000000000000000000000e441633df5d061bd3ce3c9bf000000000000000000000000020bc6bd020b46be4288943e000070c1000070c1000070c10000000000000000000000000000,ffd5,ffd5
GROUND,14,DOCKER,11,ea07051b072d380000000000000000000000000000000000000000000000000000000000000000000000000000f270643d2cf960bd37eac9bf000000000000000000000000bed4aabdbed42abe8f1f803e000070c1000070c1000070c10000000000000000000000000000,0c0a,0c0a
GROUND,14,DOCKER,11,ea07051b072d39000000000000000000000000000000000000000000000000000000000000000000000000000012f1633da10263bdc2e5c9bf000000000000000000000000df7bb6bddf7b36bee7dc883e000070c1000070c1000070c10000000000000000000000000000,c20e,c20e
GROUND,14,DOCKER,11,ea07051b072d3a0000000000000000000000000000000000000000000000000000000000000000000000000000f6ad633da48363bdc3e5c9bf000000000000000000000000377f05bc377f85bcd33ec83c000070c1000070c1000070c10000000000000000000000000000,e16c,e16c
GROUND,14,DOCKER,11,ea07051b072d3b00000000000000000000000000000000000000000000000000000000000000000000000000000bd8633d3cb660bd95edc9bf0000000000000000000000000895a43b0895243c8ddf76bc000070c1000070c1000070c10000000000000000000000000000,e0ce,e0ce
GROUND,14,DOCKER,11,ea07051b072e000000000000000000000000000000000000000000000000000000000000000000000000000000be1b633d490f61bd46f8c9bf000000000000000000000000a5f1bdbda5f13dbe3c758e3efcc36fc1000070c1000070c10000000000000000000000000000,dd9f,dd9f
GROUND,14,DOCKER,11,ea07051b072e010000000000000000000000000000000000000000000000000000000000000000000000000000a34e633dc7d363bd6df7c9bf00000000000000000000000090a6da3c90a65a3decfca3bd000070c1000070c1000070c10000000000000000000000000000,7a1a,7a1a
GROUND,14,DOCKER,11,ea07051b072e020000000000000000000000000000000000000000000000000000000000000000000000000000b76e633d33d660bd47f9c9bf000000000000000000000000920ba1bd920b21be5b91713e000070c1000070c1000070c10000000000000000000000000000,8922,8922
GROUND,14,DOCKER,11,ea07051b072e030000000000000000000000000000000000000000000000000000000000000000000000000000f6f2633d79af62bd5ff8c9bf0000000000000000000000000855243c0855a43c8d7ff6bc000070c1000070c1000070c10000000000000000000000000000,1cf0,1cf0
GROUND,14,DOCKER,11,ea07051b072e040000000000000000000000000000000000000000000000000000000000000000000000000000a03b633d66c061bd9ef8c9bf000000000000000000000000449aa3bc449a23bd6767753d000070c1000070c1000070c10000000000000000000000000000,c871,c871
GROUND,14,DOCKER,11,ea07051b072e05000000000000000000000000000000000000000000000000000000000000000000000000000028ce623d602760bd23f9c9bf000000000000000000000000cf354d3ccf35cd3c5be819bd000070c1000070c1000070c10000000000000000000000000000,3930,3930
GROUND,14,DOCKER,11,ea07051b072e0600000000000000000000000000000000000000000000000000000000000000000000000000005d5d623dbe4e61bd53f8c9bf000000000000000000000000a72aa43aa72a243bfb3f76bb000070c1000070c1000070c10000000000000000000000000000,9181,9181
GROUND,14,DOCKER,11,ea07051b072e0700000000000000000000000000000000000000000000000000000000000000000000000000004c2e633dd77963bd1ef8c9bf0000000000000000000000001776bcbd17763cbe91588d3e000070c1000070c1000070c10000000000000000000000000000,4eaf,4eaf
GROUND,14,DOCKER,11,ea07051b072e080000000000000000000000000000000000000000000000000000000000000000000000000000fd6c623dd46761bdb0f8c9bf0000000000000000000000003aa8b73c3aa8373d2cbe89bd000070c1000070c1000070c10000000000000000000000000000,2826,2826
GROUND,14,DOCKER,11,ea07051b072e0900000000000000000000000000000000000000000000000000000000000000000000000000000170623de9bc60bd5c01cabf0000000000000000000000007fa2c9bd7fa249bedf39973e000070c1000070c1000070c10000000000000000000000000000,a14f,a14f
GROUND,14,DOCKER,11,ea07051b072e0a00000000000000000000000000000000000000000000000000000000000000000000000000005d4a623d7f8561bd730ccabf000000000000000000000000f976b3bdf97633be3b99863e000070c1000070c1000070c10000000000000000000000000000,0224,0224
GROUND,14,DOCKER,11,ea07051b072e0b00000000000000000000000000000000000000000000000000000000000000000000000000008bc9623dc96161bd1b10cabf000000000000000000000000942d193d942d993d5fc4e5bd000070c1000070c1000070c10000000000000000000000000000,f8d0,f8d0
GROUND,14,DOCKER,11,ea07051b072e0c00000000000000000000000000000000000000000000000000000000000000000000000000007f82613d684963bd3e17cabf000000000000000000000000a6852ebca685aebc3de4023d000070c1000070c1000070c10000000000000000000000000000,a278,a278
GROUND,14,DOCKER,11,ea07051b072e0d0000000000000000000000000000000000000000000000000000000000000000000000000000464d613ded8463bdfb16cabf000000000000000000000000a8a1ad3ca8a12d3d3e3982bd000070c1000070c1000070c10000000000000000000000000000,4dbb,4dbb
GROUND,14,DOCKER,11,ea07051b072e0e0000000000000000000000000000000000000000000000000000000000000000000000000000fbc3603d4a4c5fbd4f1ecabf0000000000000000000000004bcfbfbd4bcf3fbe79db8f3e000070c1000070c1000070c10000000000000000000000000000,5e2d,5e2d
GROUND,14,DOCKER,11,ea07051b072e0f00000000000000000000000000000000000000000000000000000000000000000000000000001537623d951562bd461bcabf00000000000000000000000009bac63c09ba463d870b95bd000070c1000070c1000070c10000000000000000000000000000,ab3f,ab3f
GROUND,14,DOCKER,11,ea07051b072e10000000000000000000000000000000000000000000000000000000000000000000000000000007f7613d929762bd7f21cabf0000000000000000000000000aeec8bd0aee48be88b2963e000070c1000070c1000070c10000000000000000000000000000,f082,f082
GROUND,14,DOCKER,11,ea07051b072e110000000000000000000000000000000000000000000000000000000000000000000000000000a61a633df15162bd4325cabf000000000000000000000000868ac1bd868a41bee527913e000070c1000070c1000070c10000000000000000000000000000,0b45,0b45
GROUND,14,DOCKER,11,ea07051b072e1200000000000000000000000000000000000000000000000000000000000000000000000000005bde623d48ea60bdb725cabf0000000000000000000000001975bcbd19753cbed3578d3e000070c1000070c1000070c10000000000000000000000000000,b4a9,b4a9
GROUND,14,DOCKER,11,ea07051b072e130000000000000000000000000000000000000000000000000000000000000000000000000000b452623d97df63bd2524cabf000000000000000000000000acf2aebdacf22ebe0136833e000070c1000070c1000070c10000000000000000000000000000,1307,1307
GROUND,14,DOCKER,11,ea07051b072e140000000000000000000000000000000000000000000000000000000000000000000000000000001a623d3a4d64bdee23cabf00000000000000000000000096fcc6bd96fc46be713d953e000070c1000070c1000070c10000000000000000000000000000,41b5,41b5
GROUND,14,DOCKER,11,ea07051b072e150000000000000000000000000000000000000000000000000000000000000000000000000000fedf613d269663bd0124cabf000000000000000000000000a339fd3ca3397d3d3bebbdbd000070c1000070c1000070c10000000000000000000000000000,ce42,ce42
GROUND,14,DOCKER,11,ea07051b072e160000000000000000000000000000000000000000000000000000000000000000000000000000c719623d884464bdb623cabf00000000000000000000000083c3ccbd83c34cbea292993e000070c1fee16fc1000070c10000000000000000000000000000,0203,0203
GROUND,14,DOCKER,11,ea07051b072e170000000000000000000000000000000000000000000000000000000000000000000000000000da91623d4f6b62bd3724cabf000000000000000000000000171caabd171c2abe232a7f3e000070c1000070c1000070c10000000000000000000000000000,f3b2,f3b2
GROUND,14,DOCKER,11,ea07051b072e18000000000000000000000000000000000000000000000000000000000000000000000000000071af623da0e261bd7f24cabf0000000000000000000000005753763b5753f63b81be38bc000070c1000070c1000070c10000000000000000000000000000,b316,b316
GROUND,14,DOCKER,11,ea07051b072e190000000000000000000000000000000000000000000000000000000000000000000000000000cdc3623dd8c665bd0223cabf0000000000000000000000003208f7bb320877bc2646b93c000070c1000070c1000070c10000000000000000000000000000,2253,2253
GROUND,14,DOCKER,11,ea07051b072e1a0000000000000000000000000000000000000000000000000000000000000000000000000000efc7613d6b2d64bddb35cabf000000000000000000000000a3c6c2bda3c642befb14923e000070c1000070c1000070c10000000000000000000000000000,399a,399a
GROUND,14,DOCKER,11,ea07051b072e1b00000000000000000000000000000000000000000000000000000000000000000000000000004d1a613d266069bdf94bcabf000000000000000000000000d4bca83cd4bc283d3f1b7dbd000070c1000070c1fee16fc10000000000000000000000000000,5083,5083
GROUND,14,DOCKER,11,ea07051b072e1c0000000000000000000000000000000000000000000000000000000000000000000000000000239c623d5c6d63bdf756cabf0000000000000000000000001f20c1bd1f2041be17d8903e000070c1000070c1000070c10000000000000000000000000000,e17c,e17c
GROUND,14,DOCKER,11,ea07051b072e1d000000000000000000000000000000000000000000000000000000000000000000000000000063e2613d11ee60bdd957cabf000000000000000000000000fa6125bbfa61a5bbf712f83b000070c1000070c1000070c10000000000000000000000000000,80d1,80d1
GROUND,14,DOCKER,11,ea07051b072e1e000000000000000000000000000000000000000000000000000000000000000000000000000010cf623d98df66bd475dcabf0000000000000000000000000bd0bfbd0bd03fbe09dc8f3e000070c1000070c1000070c10000000000000000000000000000,63a7,63a7
GROUND,14,DOCKER,11,ea07051b072e1f000000000000000000000000000000000000000000000000000000000000000000000000000069d85f3d660b63bd485ecabf000000000000000000000000427ab3bd427a33beb29b863e000070c1000070c1000070c10000000000000000000000000000,660e,660e
GROUND,14,DOCKER,11,ea07051b072e200000000000000000000000000000000000000000000000000000000000000000000000000000b944613dbd4365bd8f5dcabf000000000000000000000000a901013da901813d7e82c1bd000070c1000070c1000070c10000000000000000000000000000,19ab,19ab
GROUND,14,DOCKER,11,ea07051b072e2100000000000000000000000000000000000000000000000000000000000000000000000000000b58613dce9c5fbddb5fcabf000000000000000000000000e3a6a83ce3a6283d55fa7cbd000070c1fee16fc1000070c10000000000000000000000000000,a3b5,a3b5
GROUND,14,DOCKER,11,ea07051b072e220000000000000000000000000000000000000000000000000000000000000000000000000000df87613d7f2c63bd5f5ecabf000000000000000000000000962b0d3d962b8d3d61c1d3bd000070c1000070c1000070c10000000000000000000000000000,fa9e,fa9e
GROUND,14,DOCKER,11,ea07051b072e2300000000000000000000000000000000000000000000000000000000000000000000000000007ec8613da81f62bdb45ecabf000000000000000000000000d4f0c3bdd4f043be9ff4923e000070c1000070c1000070c10000000000000000000000000000,231b,231b
GROUND,14,DOCKER,11,ea07051b072e2400000000000000000000000000000000000000000000000000000000000000000000000000005a59623d444565bdcf5dcabf000000000000000000000000cc6ea6bdcc6e26be33a6793e000070c1000070c1fee16fc10000000000000000000000000000,f366,f366
GROUND,14,DOCKER,11,ea07051b072e25000000000000000000000000000000000000000000000000000000000000000000000000000061a6613d501163bdfa5dcabf000000000000000000000000c2aed03cc2ae503d12839cbd000070c1000070c1000070c10000000000000000000000000000,84a4,84a4
GROUND,14,DOCKER,11,ea07051b072e26000000000000000000000000000000000000000000000000000000000000000000000000000050bc613ddfb162bd155ecabf000000000000000000000000b56ac8bdb56a48be0850963e000070c1fee16fc1000070c10000000000000000000000000000,20e9,20e9
GROUND,14,DOCKER,11,ea07051b072e2700000000000000000000000000000000000000000000000000000000000000000000000000006418623d3a8f63bd7c5dcabf000000000000000000000000649024bc6490a4bc97d8f63c000070c1000070c1000070c10000000000000000000000000000,07ff,07ff
GROUND,14,DOCKER,11,ea07051b072e280000000000000000000000000000000000000000000000000000000000000000000000000000bbb7613dd18863bd215dcabf00000000000000000000000073f4f6ba73f476bb5737b93b000070c1000070c1000070c10000000000000000000000000000,8b81,8b81
GROUND,14,DOCKER,11,ea07051b072e290000000000000000000000000000000000000000000000000000000000000000000000000000023d623dd8f364bde55ccabf000000000000000000000000eee1bebdeee13ebe73298f3efee16fc1000070c1000070c10000000000000000000000000000,2e20,2e20
GROUND,14,DOCKER,11,ea07051b072e2a00000000000000000000000000000000000000000000000000000000000000000000000000000d35623dc56f65bdb45ccabf000000000000000000000000cfd7b2bdcfd732bedb21863e000070c1000070c1000070c10000000000000000000000000000,2943,2943
GROUND,14,DOCKER,11,ea07051b072e2b00000000000000000000000000000000000000000000000000000000000000000000000000004f22623deb9c64bd375dcabf0000000000000000000000009e25193d9e25993d6db8e5bd000070c1fee16fc1000070c10000000000000000000000000000,bd39,bd39
GROUND,14,DOCKER,11,ea07051b072e2c0000000000000000000000000000000000000000000000000000000000000000000000000000e5f0613df71262bdf45dcabf000000000000000000000000db01ccbddb014cbe6501993e000070c1000070c1000070c10000000000000000000000000000,0cd4,0cd4
GROUND,14,DOCKER,11,ea07051b072e2d0000000000000000000000000000000000000000000000000000000000000000000000000000dfb8623dbf5564bd635dcabf000000000000000000000000ce4b853cce4b053db5f147bd000070c1000070c1000070c10000000000000000000000000000,df36,df36
GROUND,14,DOCKER,11,ea07051b072e2e00000000000000000000000000000000000000000000000000000000000000000000000000001bf4623d3ce166bd735ccabf00000000000000000000000097ec61bc97ece1bc7171293d000070c1000070c1000070c10000000000000000000000000000,d4e7,d4e7
GROUND,14,DOCKER,11,ea07051b072e2f0000000000000000000000000000000000000000000000000000000000000000000000000000bf3a633d55fe63bd945dcabf0000000000000000000000003550b9bd355039be28fc8a3e000070c1000070c1000070c10000000000000000000000000000,bf62,bf62
GROUND,14,DOCKER,11,ea07051b072e3000000000000000000000000000000000000000000000000000000000000000000000000000002dce623de1c561bd8f5ecabf000000000000000000000000a78accbda78a4cbefd67993e000070c1fee16fc1000070c10000000000000000000000000000,51c6,51c6
GROUND,14,DOCKER,11,ea07051b072e310000000000000000000000000000000000000000000000000000000000000000000000000000fcb8623d86a960bdc55ecabf000000000000000000000000ff0b253bff0ba53bff91f7bb000070c1000070c1000070c10000000000000000000000000000,a1fa,a1fa
GROUND,14,DOCKER,11,ea07051b072e320000000000000000000000000000000000000000000000000000000000000000000000000000f030633d046061bd685fcabf0000000000000000000000008ff3bbbd8ff33bbeacf68c3e000070c1000070c1000070c10000000000000000000000000000,e2bc,e2bc
GROUND,14,DOCKER,11,ea07051b072e3300000000000000000000000000000000000000000000000000000000000000000000000000003a11633d692565bd665dcabf0000000000000000000000000bd9cabd0bd94abec822983e000070c1000070c1000070c10000000000000000000000000000,86b3,86b3
GROUND,14,DOCKER,11,ea07051b072e3400000000000000000000000000000000000000000000000000000000000000000000000000003a8e633dc18c66bdef5ccabf00000000000000000000000045ada5bd45ad25bee883783e000070c1000070c1000070c10000000000000000000000000000,4e7c,4e7c
GROUND,14,DOCKER,11,ea07051b072e350000000000000000000000000000000000000000000000000000000000000000000000000000a707623de76165bddd5ccabf000000000000000000000000040d013d040d813d8793c1bd000070c1000070c1000070c10000000000000000000000000000,6905,6905
GROUND,14,DOCKER,11,ea07051b072e360000000000000000000000000000000000000000000000000000000000000000000000000000f2e0603d9d2c63bd326dcabf0000000000000000000000000ba2ad3c0ba22d3d893982bd000070c1000070c1000070c10000000000000000000000000000,6570,6570
GROUND,14,DOCKER,11,ea07051b072e37000000000000000000000000000000000000000000000000000000000000000000000000000018b548401f8244c015eebf3f0000000000000000000000004dc50a3d4dc58a3df427d0bd000070c1000070c1000070c10000000000000000000000000000,c0e5,c0e5
GROUND,14,DOCKER,11,ea07051b08051f00000000000000000000000000000000000000000000000000000000000000000000000000000000000000000000000000000000000000000000000000000000000000000000000000000000000000000000000000000000000000000000000000000000,4c6f,4c6f
GROUND,14,DOCKER,11,ea07051b08052000000000000000000000000000000000000000000000000000000000000000000000000000000000000000000000000000000000000000000000000000000000000000000000000000000000000000000000000000000000000000000000000000000000,76d8,76d8
GROUND,14,DOCKER,11,ea07051b08052100000000000000000000000000000000000000000000000000000000000000000000000000000000000000000000000000000000000000000000000000000000000000000000000000000000000000000000000000000000000000000000000000000000,7bb2,7bb2
GROUND,14,DOCKER,11,ea07051b08052200000000000000000000000000000000000000000000000000000000000000000000000000000000000000000000000000000000000000000000000000000000000000000000000000000000000000000000000000000000000000000000000000000000,6c0c,6c0c
GROUND,14,DOCKER,11,ea07051b08052300000000000000000000000000000000000000000000000000000000000000000000000000000000000000000000000000000000000000000000000000000000000000000000000000000000000000000000000000000000000000000000000000000000,6166,6166
GROUND,14,DOCKER,11,ea07051b08052400000000000000000000000000000000000000000000000000000000000000000000000000000000000000000000000000000000000000000000000000000000000000000000000000000000000000000000000000000000000000000000000000000000,4370,4370
GROUND,14,DOCKER,11,ea07051b08052500000000000000000000000000000000000000000000000000000000000000000000000000000000000000000000000000000000000000000000000000000000000000000000000000000000000000000000000000000000000000000000000000000000,4e1a,4e1a
GROUND,14,DOCKER,11,ea07051b08052600000000000000000000000000000000000000000000000000000000000000000000000000000000000000000000000000000000000000000000000000000000000000000000000000000000000000000000000000000000000000000000000000000000,59a4,59a4
GROUND,14,DOCKER,11,ea07051b08052700000000000000000000000000000000000000000000000000000000000000000000000000000000000000000000000000000000000000000000000000000000000000000000000000000000000000000000000000000000000000000000000000000000,54ce,54ce
GROUND,14,DOCKER,11,ea07051b08052800000000000000000000000000000000000000000000000000000000000000000000000000000000000000000000000000000000000000000000000000000000000000000000000000000000000000000000000000000000000000000000000000000000,1d88,1d88
GROUND,14,DOCKER,11,ea07051b08052900000000000000000000000000000000000000000000000000000000000000000000000000000000000000000000000000000000000000000000000000000000000000000000000000000000000000000000000000000000000000000000000000000000,10e2,10e2
GROUND,14,DOCKER,11,ea07051b08052a00000000000000000000000000000000000000000000000000000000000000000000000000000000000000000000000000000000000000000000000000000000000000000000000000000000000000000000000000000000000000000000000000000000,075c,075c
GROUND,14,DOCKER,11,ea07051b08052b00000000000000000000000000000000000000000000000000000000000000000000000000000000000000000000000000000000000000000000000000000000000000000000000000000000000000000000000000000000000000000000000000000000,0a36,0a36
GROUND,14,DOCKER,11,ea07051b08052c00000000000000000000000000000000000000000000000000000000000000000000000000000000000000000000000000000000000000000000000000000000000000000000000000000000000000000000000000000000000000000000000000000000,2820,2820
GROUND,14,DOCKER,11,ea07051b08052d00000000000000000000000000000000000000000000000000000000000000000000000000000000000000000000000000000000000000000000000000000000000000000000000000000000000000000000000000000000000000000000000000000000,254a,254a
GROUND,14,DOCKER,11,ea07051b08052e00000000000000000000000000000000000000000000000000000000000000000000000000000000000000000000000000000000000000000000000000000000000000000000000000000000000000000000000000000000000000000000000000000000,32f4,32f4
GROUND,14,DOCKER,11,ea07051b08052f00000000000000000000000000000000000000000000000000000000000000000000000000000000000000000000000000000000000000000000000000000000000000000000000000000000000000000000000000000000000000000000000000000000,3f9e,3f9e
GROUND,14,DOCKER,11,ea07051b08053000000000000000000000000000000000000000000000000000000000000000000000000000000000000000000000000000000000000000000000000000000000000000000000000000000000000000000000000000000000000000000000000000000000,a078,a078
GROUND,14,DOCKER,11,ea07051b08053100000000000000000000000000000000000000000000000000000000000000000000000000000000000000000000000000000000000000000000000000000000000000000000000000000000000000000000000000000000000000000000000000000000,ad12,ad12
GROUND,14,DOCKER,11,ea07051b08053200000000000000000000000000000000000000000000000000000000000000000000000000000000000000000000000000000000000000000000000000000000000000000000000000000000000000000000000000000000000000000000000000000000,baac,baac
GROUND,14,DOCKER,11,ea07051b08053300000000000000000000000000000000000000000000000000000000000000000000000000000000000000000000000000000000000000000000000000000000000000000000000000000000000000000000000000000000000000000000000000000000,b7c6,b7c6
GROUND,14,DOCKER,11,ea07051b08053400000000000000000000000000000000000000000000000000000000000000000000000000000000000000000000000000000000000000000000000000000000000000000000000000000000000000000000000000000000000000000000000000000000,95d0,95d0
GROUND,14,DOCKER,11,ea07051b08053500000000000000000000000000000000000000000000000000000000000000000000000000000000000000000000000000000000000000000000000000000000000000000000000000000000000000000000000000000000000000000000000000000000,98ba,98ba
GROUND,14,DOCKER,11,ea07051b08053600000000000000000000000000000000000000000000000000000000000000000000000000000000000000000000000000000000000000000000000000000000000000000000000000000000000000000000000000000000000000000000000000000000,8f04,8f04
GROUND,14,DOCKER,11,ea07051b08053700000000000000000000000000000000000000000000000000000000000000000000000000000000000000000000000000000000000000000000000000000000000000000000000000000000000000000000000000000000000000000000000000000000,826e,826e
